#!encrypt#!1455#!Ei9@07F1K5S@3^li"~R01i(=}yUpym^uEi9@07F1K5S@3^li"~R01i(=}yUpym^uEi9@07F1K5S@3^li
5miVjMd0wlV'[%b!;AiQe%mP/86iRz3PSc],>7#X//lH[]r%V=ia|dw<
<.E#z3d*t]ODo]0Sm{>2*oQOJ]whn5xX`n9Rx6jPXZ5lhy;uptFRe`!Xh/Tl

 \BR}<D7Y-Lup'7>GH+L%rg$QBy/ZVtet/,:THxM]j1
_w4$sAW!pyg@QBf$/^Bg{\Q1UpUj9D

P1[Nr^XWXagrN%TiwBA5]68,x}K,m-)\,7oyfV"Z=rR4,2ujqnP
76,(m5%j`}cI{57$0`bYINOz,lqI4c|FtJp#U6x6?Xcd[5FUAP)*>3}px7K-Lm)Q:$p4ZRh0}PD\[>g`Aep
$:GaQBJiggxggx8pIiS5jEy1
qnxsr_Lv4+0FlPiwV{K]xFnJuR5`PDI,]W#X^lb'hg{~JpiCP[g:T847]R5'PB]p7hW0U2vW
~07JT*{Zn%%/,|T]xY0.heR}X1h`+tk<GOu)y$wqa@ljI#uR`5r"y-5:hy;e{J\r.oQ3qQFmVUa~Y^6#Kj97zi;"4c(-1r"y1sk&Gi1PAg6~GOUc#m`4*v^:ixqk$gr|!r'DYXqgn:1x~x6<\ `MGTx4pe5RSk<FzQxXt&aeT[xja1pE\_3N|%e126?%gP:yxO?v-xTs+C_JIxJ1Kml^3^Dwod?A$gpkP".l-~wd[oUpQ|GYLA`4MT/oXe rkiKN*o %JgT=n>=#B^KuF/q.3LFo7\U_7K#r.?;Gu.Qm<fJ 5ioCz numv^apWP<{r"1Pou)fIK,?=d<;]}6X:`4gT;;~!:^{!GX*LQcf?LX_OW^Mv`i$?nKm234~X-3Sk@e6!>{-.<^7#V.I1P1F/q.MJD4+x(&whdy.q %^ww|KW:t<vFS!=1PBU_<=)Px"#bK4Q]Y8S"udB)t*vLSjPriwb$khU;L.Zt7"C@.KLNuKB,AiF_qpPS=)%s'P@P[)knQYQ9YuGNu>BWqC%RQo,U=?%s'P@6[RZg8kV;.DSG`)b:AuFxVS,UWD% ef>V[E#@t84$E}LN`J30tu%wq@PU=w35th>Pm,Z,884tE}uN`)3)AsFhS$P=W|% 'f>;m<ZR7$`RYuSGuJBWtuvxq!=ggDhPksMV[.Z}iYCbGKa"CK;(tsF$SvP1WL%5eJ@Pm.Zb7S4@EOLL`)3:qH_yqoP[=)%_eJ@$mm't$YV;Y&SinPBFt_F_L;>$NDSPp=5Vx/$<#4Ux$I&5`<UW T `*~G1-__vfH\2 +kbK-V;wnnruP=mm,(KRdl2M|-$"M;?'b2\r!0ao%~/d8>].;<Z5%lZ.i"vN|*s&bt
m^uEi9@07F1K5S@3^li"~R01i(=}yUpym^uEi9@07F1K5S@3^li"~R01i(=}yUpym^uEi9@07F1K5S@3

#!encrypt#!2066#!
`VA^tq`vPXk%er;*f-k0XE^u>I44*yW"`VA^tq`vPXk%er;*f-k0XE^u>I44*yW"`VA^tq`v
!#9u3]>3#4;[/$JYd
4*yW"`VA^tq`vPXk%er;*f-k0XE^u>I44*yW"`VA^tq`vPXk%er;*f-k0XE^u>I44*yW"`VA
hYagXYGz]
3`-#<vHHN0dO\:4grN%T'wVi5+j=6~xxe9}c9-?7%h%|K(4K`0YTSSU%SgDp4`'Wz
-#]{uGk0h-A>4grN%Tiw'%gJ^#IZ{m,
-#]{uIXUR$YIf*rN%Tiw'%gJDCvxush
-#]{JDs(ATyr4.KhlJiw'%gSD
pIuxA!@z2Vw7X%1+Y>4g;N%I7
V%gghb^pEF*Z^m$UV240_t

-*-L3WiK%!@/
8pIum5Kb)+o5Gj|J_Jz<g-QQM$xVA5t/)1KRz@

#]{5]eZTk7z<|rN%TiwVdOSDT x*m3MU
]{57O2z,s:r|rN%TiwV%]:DC%FyS0`v/
{57$*R7;dJxoo}-]8V%gJ8Hv/}8>m-aU
57$0mDnDri<K%TiwV%ggx8pIuxOj-aU
57$0xOJxrb;N%TiwV%ggv5I4J;5AW#,P
7$0^V+z18E.JfP8V%ggx84aypJmE#,P
7$0^BJpg_?K%TiwV%ggx8g2}`0SE#,P
7$0^&LzN:0WlPiwV%ggxsFFi$trNL]BT
$0^$;%&x_Qn4#`%U?gx8p4=;=AWD]BT
$0^$u"J.qqkf^{%G5<u84xy;5Siy]BT
$0^$;%&x_Qnl_2^U?gx8pw4;P_E?]BT
$0^$u"J.qqkf^7K6\<u842JmJmPBl{^v
0^$tw}*_qcEp?/(?gx8pIux3_cDt{^v
0^$t~<Ga*lY'wV%ggx8pIux3`-#u{^v
0^$tXGOb~<Ep2'%ggx8pI{Rtm=Du{^v
0^$tXGObS3f]8V%ggx8pIux=_P0+{^v
0^$t}giqfeTiwV%ggx8pIux3AgLt{^v
0^$ta:xqQ}4;>'%ggx8pIux3`-#u{^v
0^$t7}G!%O`]T'%ggx8p24m>Ubyt{^v
0^$t~JPbQ)PiwV%ggx8pI-mOAcBl{^v
0^$tXI(?FeTiwV%ggx8pIumOSP)+{^v
0^$tZ2*a Oy"{>6\/x8pI-$,r=|+{^v
0^$tX<OwK%TiwV%ggx8pIimtOi?u{^v
0^$tX2*a Oy"{>6\/x8pI-$,r=|+{^v
0^$tX) @Qc-pK}xggx8pIuS=m=p3{^v
0^$tZri!QPGf{wz?gx8pIux=A=L3{^v
0^$t$JU?~O0~Odxggx8pIuR=OEDu{^v
0^$t97f"roJf{>6\/x8pIux3`-#u{^v
0^$tRk6!.lPiwV%ggx8pIux3`-#u{^v
0^$ta:xqQ}4;>4|l/x8pIux3`-#u{^v
0^$t3k(-q#>_&K*?gx8p2=`~UEB+c5%5
^$t>iG-FaEfOg_9hu8pI=m=#cD-p5%5
^$t>c(E PM;D\*Fdu8pI=$PAcB#5'g70;=
>4gr=Q4~2\oatj`uIux3`-L1,k=U0;=
>4gr=Q4~2\ob.~YYtux3`-#]{57y0;=
>4gr%le;(cxggx8pIux3`-#3,tgL0;=
>4gr5OePHP+\ \Q|mY# Np#]{57y0;=
>4gr{oM#tcy\#pE#T]x3#=|3?ksU0;=
>4gr)JH]&1CR%4)dp123`-#]{57y0;=
>4gr)JH]&i|0*pB^pX23`-#]{57y0;=
>4grSa-]tcy\#pE#T]x3`-#]{57y0;=
>4grSa-]S}Bu1wB#U]x3`-#]{57y0;=
>4gr5K`]SPy\t#1J9chq`-#]{57y
^$t>O6OQ@4/Od_7=j,uIux3`-#]?
7$0^-rvr>EalJ.;dD0/x8pIux3`b
]{57_`n+"zP*<uVp$('%ggx8pIu~
`-#]t1+e?kWK_gL?K%TiwV%gJ #gIWo
`-#]t1+eq%u[>4grN%TiwV%ggx8 IWo
`-#]]V~e5r2ys3r;N%TiwmJ}JTsvIWo
`-#]]V~e5r2ysR?;N%TiamP$WDH%xu^h
-#]{M[R2 qfz1kRK%TiwVJvSHsg7u^h

#!encrypt#!74#!
`VA^tq`vPXk%er;*f-k0XE^u>I44*yW"`VA^tq`vPXk%er;*f-k0XE^u>I44*yW"`VA^tq`v
#!encrypt#!25#!slEiO%D#=\Y:p[#30.tT{Yo*
#!encrypt#!73#!"`VA^tq`vPXk%er;*f-k0XE^u>I44*yW"`VA^tq`vPXk%er;*f-k0XE^u>I44*yW"`VA^tq`
#!encrypt#!73#!@t[iXx/?geq$Ghihdo@H{C7\%'qW%Jb??cf6(^yFt~;<Tt'/9MY4E"nX:rvW,K}VRvE;2X'O
#!encrypt#!66#!@t[iXx/?geq$-`uM1J:575&$~_#7#NOzQoq]F"(R1JRxo13ml*_"F!p15%*W,K}J!
#!encrypt#!402#!@t[iXx/?geq$dmo4gO\]L5p!?r{JzY*!.l%*O,no]JIx=cd 3uz=eVnX:3mVtbkrc<hfFwn0%.a#oY%CW7%8ejDxsR{hIE1q.PN"2q)QJxIJ65wlWKm!^4p62nOY]y1<[Oe]F/Ama/a1K<&?#D<3{"/6q3Ty\r aQvh]pP7CtM?Jz#Z@\.Q3a"Ge[kwr_e\0?vI7?K*=zUI+Z+V@3D1JKOIR23b:Pexq.P%O4e']gMA^9+\mN*c2&"Ge[kwr_e:KLPJ}2%WB?MB#>cZs>M!4;"gLvAqW=b1(,v2}Fk'=th)|p+h&7Mh23UYN~ud#>eGb7vqp<^?[%MB#>cZs>MhTvwt*:d*{{eP?aOJ\Tqu#_M9ib<#?HD_\<"o*~YdW_IO@Qv-_?q*[d_GDo-VJr
#!encrypt#!121#!@t[iXx/?g4+yR"J+}5H/r\`5_[f@>UgLL{E6YPB\_S,<6RDm>:MJND/N(YbLUKzL>l`pTc7=^XY<h{&&YM1\eYo\JY{":PO<(B%XK%TOe;GeoR#l3nV"e;XN
#!encrypt#!125#!@t[iXx/?g4+yR"J+}OH/r\`5_[f@>UgLL{E6YPB\_S,<6RDm>:MJND/N(YbLUKzL>l`pTc7=^XY<h{&&YM1\eYo\JY{":PO<(B%XK%TOe;GeoR#l3neeDo/X~rTh
#!encrypt#!143#!@t[iXx/?g4+yR"J+}rHArMftWxR2}7?"+b'Di! gDxIJ65wlWKm!^4p62nOY]y1qL<-I4/?x)$I^pn':q7_=Fnpl\!_7#b}L,7%}4qY\Vp;.T+&&]MytEVn\2rTWr|!"dlg_Y^_0'YIeu#
#!encrypt#!1#!
#!encrypt#!244#!
`VA^tq`vPXk%er;*f-k0XE^u>I44*yW"`VA^tq`vPXk%er;*f-k0XE^u>I44*yW"`VA^tq`v
"n}1UxG-,T;;~!:^,:rrgL[<H]F^o\WT_Oh*SQObLteuie5%+s%D1Q;[%\Z"MyUm,xEnX?\CMpR12d~'+qzy6< kJ;$/%QzU
k%er;*f-k0XE^u>I44*yW"`VA^tq`vPXk%er;*f-k0XE^u>I44*yW"`VA^tq`vPXk%er;*f-
#!encrypt#!10#!~(79q<QsYC#!encrypt#!9#!N+h$K}n>k#!encrypt#!2#!g
#!encrypt#!15#!=bk9_xSf |g/rL0#!encrypt#!7#!N+qk2\?#!encrypt#!3#!NoM#!encrypt#!2#!g
#!encrypt#!15#!=bk9_xSf |g/rL0#!encrypt#!20#!N+J]&Ko@d\YO{1Kl!ui!#!encrypt#!4#!N^fI#!encrypt#!2#!g
#!encrypt#!15#!=bk9_xSf |g/rL0#!encrypt#!8#!N+e](\+:#!encrypt#!3#!NoM#!encrypt#!2#!g
#!encrypt#!15#!=bk9_xSf |g/rL0#!encrypt#!7#!N+Y](~a#!encrypt#!9#!N+h$K}n>k#!encrypt#!2#!g
#!encrypt#!21#!+ZG.gbpd2AM3fk0+`.iz
#!encrypt#!24#!+ZG.G3Y99KMHrhuQV13Q-E3|#!encrypt#!3#!NoM#!encrypt#!2#!g
#!encrypt#!19#!+ZG."!Q94#i?$m,Qvo^#!encrypt#!3#!NEt#!encrypt#!2#!g
#!encrypt#!9#!+ZG.iNlDY#!encrypt#!9#!N+Jk7~oKr#!encrypt#!3#!NoM#!encrypt#!2#!g
#!encrypt#!9#!+ZG.iNlDY#!encrypt#!14#!N+J\("6eUjQ|zE#!encrypt#!3#!NoM#!encrypt#!2#!g
#!encrypt#!15#!+ZG.5Dp3Uaow~$[#!encrypt#!3#!NoM#!encrypt#!2#!g
#!encrypt#!31#!)xwzeo9YUr"3rkK+%ouQr230@T$LGn
#!encrypt#!35#!+ZG.;oYd2eM\gh13u7E8r}~R '#h=:*bUL
#!encrypt#!14#!+ZG.;oYd2eM?RU#!encrypt#!3#!NGK#!encrypt#!22#!N+H_T}n:mh,oG[%*}uz<F;#!encrypt#!4#!NIK&#!encrypt#!2#!g
#!encrypt#!24#!+ZG.;Upf7'qOy?1Gz(#O&j;
#!encrypt#!14#!+ZG.;oYd2eMwH$#!encrypt#!6#!N+mkZ^#!encrypt#!2#!g
#!encrypt#!14#!Z(:(;4__E`FX~z#!encrypt#!5#!N+f$Y#!encrypt#!18#!N6JgT=n>=#B^K9ZsQl#!encrypt#!9#!N+e](/n[%#!encrypt#!2#!g
#!encrypt#!11#!e$7.;ota\ed#!encrypt#!5#!N+f$Y#!encrypt#!5#!NIK&r#!encrypt#!2#!g
#!encrypt#!10#!Z(G=.4tf}q#!encrypt#!5#!N+f$Y#!encrypt#!89#!N6%1`}(=%S,Iw4K,A/3+?k6\5H+JrriaYv8? qC5yw=OURZ&G._")jxR`dwW_=!"o3e.("6Q%caOpEd]l71$Ku[AT#!encrypt#!7#!N+4IYKA#!encrypt#!2#!g
#!encrypt#!13#!e$GNq.m3G#*2~#!encrypt#!63#!Nv,k&^T\mjCIx`p5r"Lup<pXrRTh::./cG8uFc?ly_Mop1UC]MY6Kl~k=J{YdY\#!encrypt#!2#!g
#!encrypt#!22#!)x3qCx{V # w~w!a`jj".
#!encrypt#!14#!)x3qCx{V #"XQ?#!encrypt#!76#!N6%1`}(=%S,Iw4K,A/3+?k6\5H+JrriaYv8? qC5yw=OURZ&G._")jxR`dwW_=!"o3e.("6Qmm='#!encrypt#!2#!g
#!encrypt#!27#!{jwDD=lLU-icfF0Q[J@D-5|e(}
#!encrypt#!21#!+$x(_4_7o'FXQuDj>Xzz
#!encrypt#!11#!+$x(_4_sFeo#!encrypt#!79#!N6%1`}(=%S,Iw4K,A/3+?k6\5H+JrriaYv8? qC5yw=OURZ&G._")jxR`dwW_=!"o3e.("6QVm;+>DN#!encrypt#!2#!g
#!encrypt#!243#!
`VA^tq`vPXk%er;*f-k0XE^u>I44*yW"`VA^tq`vPXk%er;*f-k0XE^u>I44*yW"`VA^tq`v
"n}1UxG-@d347)h%+t#IG-Qvf;OmVBU$CgGi~=mMgL&u4es }Wbh]L(oh*2=B\tXEho#y:(^%!K"o12 \LG<GOf7e\2V'Qz
Xk%er;*f-k0XE^u>I44*yW"`VA^tq`vPXk%er;*f-k0XE^u>I44*yW"`VA^tq`vPXk%er;*f
#!encrypt#!10#!~((teRSdXW#!encrypt#!8#!NDhP>|P}#!encrypt#!9#!N+e\2^t\+#!encrypt#!8#!N)f+{c6:#!encrypt#!9#!N+E]YfS#^#!encrypt#!40#!Nvf;OmVBU$CgoYzN3CmvF[[XGr_`"eP_7lq14/Am#!encrypt#!2#!g
#!encrypt#!149#!8b azl%Y7%o/fhn-Lp#5/wHd0|_h:41?.l8?J=>})MBo[+y lXt4^}nA%d{idy1(c{g~.@tQ=~=p!<hA`km]FnXN`H+P>JhqQ3Tf3^%>%Y)lXX%/`}t]NOH$5&1s:}:rhK-]TVn>%xB|zC%:>*j\
#!encrypt#!94#!8b azl%Y7%o/fhn-L-q^U^=LP^G7:NHsq}T6Ow(}W^M%w4w.Nv_6&o[uh O7Ik L>kE]Yf'yP;Opr[z3!\#$UH[1h_tY=
#!encrypt#!13#!+ZG."Brb4#<w-#!encrypt#!20#!N6h~2=D[Z#GhU17g#n)(#!encrypt#!2#!g
#!encrypt#!18#!2t:=D=tbF-+p4y~>B
#!encrypt#!4#!s1*L#!encrypt#!2#!NG#!encrypt#!2#!g
#!encrypt#!4#!rt*9#!encrypt#!8#!N+-]Z,*K#!encrypt#!2#!NK#!encrypt#!2#!g
#!encrypt#!10#!~(79q<QsYC#!encrypt#!9#!N+h$K}n>k#!encrypt#!2#!g
[WARN]: TEXT_DEPTH at line 35 in file /ece558_658/pdk/verification/pvs/./pvlLVS.rul is skipped. It is set in control file.
#!encrypt#!20#!+$x(_4_s2Adq~,1Q$o2Q#!encrypt#!10#!N+h$`"(>+n#!encrypt#!4#!N^fI#!encrypt#!2#!g
#!encrypt#!9#!+$xq;=s!@#!encrypt#!6#!NlH*$L#!encrypt#!4#!N[Au#!encrypt#!2#!g
#!encrypt#!9#!+$xq;=s!@#!encrypt#!7#!NjR9<c|#!encrypt#!5#!NIK&r#!encrypt#!2#!g
#!encrypt#!9#!+$xq;=R9##!encrypt#!3#!NI8#!encrypt#!10#!N+Yp$P*eyj#!encrypt#!2#!N;#!encrypt#!5#!NIK&r#!encrypt#!2#!g
#!encrypt#!9#!+$xq;=s!@#!encrypt#!8#!NjM#<"n0#!encrypt#!5#!NIK&B#!encrypt#!2#!g
#!encrypt#!9#!+$xq;=R9##!encrypt#!3#!NEI#!encrypt#!10#!N+Yp$P*eyj#!encrypt#!2#!N;#!encrypt#!5#!NIK&B#!encrypt#!2#!g
#!encrypt#!9#!+$xq;=s!@#!encrypt#!8#!Nx4*mgC%#!encrypt#!5#!NIK&a#!encrypt#!2#!g
#!encrypt#!9#!+$xq;=R9##!encrypt#!3#!NwO#!encrypt#!10#!N+Yp$P*eyj#!encrypt#!2#!N;#!encrypt#!5#!NIK&a#!encrypt#!2#!g
#!encrypt#!9#!+$xq;=s!@#!encrypt#!9#!Nx4*C^*Fd#!encrypt#!5#!NIK&m#!encrypt#!2#!g
#!encrypt#!9#!+$xq;=R9##!encrypt#!3#!NIO#!encrypt#!10#!N+Yp$P*eyj#!encrypt#!2#!N;#!encrypt#!5#!NIK&m#!encrypt#!2#!g
#!encrypt#!9#!+$xq;=s!@#!encrypt#!7#!Nx4*<c|#!encrypt#!5#!NIK&N#!encrypt#!2#!g
#!encrypt#!9#!+$xq;=R9##!encrypt#!3#!NIt#!encrypt#!10#!N+Yp$P*eyj#!encrypt#!2#!N;#!encrypt#!5#!NIK&N#!encrypt#!2#!g
#!encrypt#!9#!+$xq;=s!@#!encrypt#!5#!NxM#$#!encrypt#!5#!NIK&L#!encrypt#!2#!g
#!encrypt#!9#!+$xq;=R9##!encrypt#!2#!NY#!encrypt#!10#!N+Yp$P*eyj#!encrypt#!2#!N;#!encrypt#!5#!NIK&L#!encrypt#!2#!g
#!encrypt#!9#!+$xq;=s!@#!encrypt#!9#!Nq*(<c|%k#!encrypt#!5#!NIK&Q#!encrypt#!2#!g
#!encrypt#!9#!+$xq;=R9##!encrypt#!3#!Nft#!encrypt#!10#!N+Yp$P*eyj#!encrypt#!2#!N;#!encrypt#!5#!NIK&Q#!encrypt#!2#!g
#!encrypt#!9#!+$xq;=s!@#!encrypt#!10#!Nb LagC%ln#!encrypt#!5#!NIK&|#!encrypt#!2#!g
#!encrypt#!9#!+$xq;=R9##!encrypt#!3#!NIo#!encrypt#!10#!N+Yp$P*eyj#!encrypt#!2#!N;#!encrypt#!5#!NIK&|#!encrypt#!2#!g
#!encrypt#!9#!+$xq;=s!@#!encrypt#!9#!Nb L<c|%k#!encrypt#!5#!NIK&J#!encrypt#!2#!g
#!encrypt#!9#!+$xq;=R9##!encrypt#!3#!NII#!encrypt#!10#!N+Yp$P*eyj#!encrypt#!2#!N;#!encrypt#!5#!NIK&J#!encrypt#!2#!g
#!encrypt#!9#!+$xq;=s!@#!encrypt#!9#!N~&DOdBCl#!encrypt#!5#!NIK& #!encrypt#!2#!g
#!encrypt#!9#!+$xq;=R9##!encrypt#!3#!N.8#!encrypt#!10#!N+Yp$P*eyj#!encrypt#!2#!N;#!encrypt#!5#!NIK& #!encrypt#!2#!g
#!encrypt#!9#!+$xq;=s!@#!encrypt#!9#!N~tDOdBCl#!encrypt#!5#!NIKRr#!encrypt#!2#!g
#!encrypt#!9#!+$xq;=R9##!encrypt#!3#!N.I#!encrypt#!10#!N+Yp$P*eyj#!encrypt#!2#!N;#!encrypt#!5#!NIKRr#!encrypt#!2#!g
#!encrypt#!9#!+$xq;=s!@#!encrypt#!9#!N~bDOdBCl#!encrypt#!5#!NIKRB#!encrypt#!2#!g
#!encrypt#!9#!+$xq;=R9##!encrypt#!3#!N.o#!encrypt#!10#!N+Yp$P*eyj#!encrypt#!2#!N;#!encrypt#!5#!NIKRB#!encrypt#!2#!g
#!encrypt#!9#!+$xq;=s!@#!encrypt#!9#!N~ODOdBCl#!encrypt#!5#!NIKRa#!encrypt#!2#!g
#!encrypt#!9#!+$xq;=R9##!encrypt#!3#!N.u#!encrypt#!10#!N+Yp$P*eyj#!encrypt#!2#!N;#!encrypt#!5#!NIKRa#!encrypt#!2#!g
#!encrypt#!9#!+$xq;=s!@#!encrypt#!9#!N~8DOdBCl#!encrypt#!5#!NIKRm#!encrypt#!2#!g
#!encrypt#!9#!+$xq;=R9##!encrypt#!3#!N.A#!encrypt#!10#!N+Yp$P*eyj#!encrypt#!2#!N;#!encrypt#!5#!NIKRm#!encrypt#!2#!g
#!encrypt#!9#!+$xq;=s!@#!encrypt#!9#!N~IDOdBCl#!encrypt#!5#!NIKRN#!encrypt#!2#!g
#!encrypt#!9#!+$xq;=R9##!encrypt#!3#!NwK#!encrypt#!10#!N+Yp$P*eyj#!encrypt#!2#!N;#!encrypt#!5#!NIKRN#!encrypt#!2#!g
#!encrypt#!9#!+$xq;=s!@#!encrypt#!9#!N~oDOdBCl#!encrypt#!5#!NIKRL#!encrypt#!2#!g
#!encrypt#!9#!+$xq;=R9##!encrypt#!3#!Nw&#!encrypt#!10#!N+Yp$P*eyj#!encrypt#!2#!N;#!encrypt#!5#!NIKRL#!encrypt#!2#!g
#!encrypt#!9#!+$xq;=s!@#!encrypt#!9#!N~uDOdBCl#!encrypt#!5#!NIKRQ#!encrypt#!2#!g
#!encrypt#!9#!+$xq;=R9##!encrypt#!3#!Nwt#!encrypt#!10#!N+Yp$P*eyj#!encrypt#!2#!N;#!encrypt#!5#!NIKRQ#!encrypt#!2#!g
#!encrypt#!9#!+$xq;=s!@#!encrypt#!9#!N~ADOdBCl#!encrypt#!5#!NIKR|#!encrypt#!2#!g
#!encrypt#!9#!+$xq;=R9##!encrypt#!3#!Nwb#!encrypt#!10#!N+Yp$P*eyj#!encrypt#!2#!N;#!encrypt#!5#!NIKR|#!encrypt#!2#!g
#!encrypt#!9#!+$xq;=s!@#!encrypt#!10#!N~&&;^70]Y#!encrypt#!5#!NIKRJ#!encrypt#!2#!g
#!encrypt#!9#!+$xq;=R9##!encrypt#!3#!N[b#!encrypt#!10#!N+Yp$P*eyj#!encrypt#!2#!N;#!encrypt#!5#!NIKRJ#!encrypt#!2#!g
#!encrypt#!9#!+$xq;=s!@#!encrypt#!10#!N~&R;^70]Y#!encrypt#!5#!NIKR #!encrypt#!2#!g
#!encrypt#!9#!+$xq;=R9##!encrypt#!4#!NIKO#!encrypt#!10#!N+Yp$P*eyj#!encrypt#!2#!N;#!encrypt#!5#!NIKR #!encrypt#!2#!g
#!encrypt#!9#!+$xq;=s!@#!encrypt#!7#!N~ff{/h#!encrypt#!5#!NIKnr#!encrypt#!2#!g
#!encrypt#!9#!+$xq;=R9##!encrypt#!2#!N.#!encrypt#!10#!N+Yp$P*eyj#!encrypt#!4#!N+-]#!encrypt#!2#!NI#!encrypt#!5#!NIKnr#!encrypt#!2#!g
#!encrypt#!9#!+$xq;=s!@#!encrypt#!7#!N~ff{/d#!encrypt#!5#!NIKnB#!encrypt#!2#!g
#!encrypt#!9#!+$xq;=R9##!encrypt#!2#!N[#!encrypt#!10#!N+Yp$P*eyj#!encrypt#!4#!N+-]#!encrypt#!2#!NI#!encrypt#!5#!NIKnB#!encrypt#!2#!g
#!encrypt#!9#!+$xq;=s!@#!encrypt#!7#!N~ff{/)#!encrypt#!5#!NIKna#!encrypt#!2#!g
#!encrypt#!9#!+$xq;=R9##!encrypt#!3#!NI&#!encrypt#!10#!N+Yp$P*eyj#!encrypt#!4#!N+-]#!encrypt#!2#!NI#!encrypt#!5#!NIKna#!encrypt#!2#!g
#!encrypt#!9#!+$xq;=s!@#!encrypt#!7#!N~ff{/P#!encrypt#!5#!NIKnm#!encrypt#!2#!g
#!encrypt#!9#!+$xq;=R9##!encrypt#!3#!NE&#!encrypt#!10#!N+Yp$P*eyj#!encrypt#!4#!N+-]#!encrypt#!2#!NI#!encrypt#!5#!NIKnm#!encrypt#!2#!g
#!encrypt#!9#!+$xq;=s!@#!encrypt#!7#!N~ff{/V#!encrypt#!5#!NIKnN#!encrypt#!2#!g
#!encrypt#!9#!+$xq;=R9##!encrypt#!3#!NEb#!encrypt#!10#!N+Yp$P*eyj#!encrypt#!4#!N+-]#!encrypt#!2#!NI#!encrypt#!5#!NIKnN#!encrypt#!2#!g
#!encrypt#!9#!+$xq;=s!@#!encrypt#!7#!N~ff{/>#!encrypt#!5#!NIKnL#!encrypt#!2#!g
#!encrypt#!9#!+$xq;=R9##!encrypt#!3#!NE8#!encrypt#!10#!N+Yp$P*eyj#!encrypt#!4#!N+-]#!encrypt#!2#!NI#!encrypt#!5#!NIKnL#!encrypt#!2#!g
#!encrypt#!9#!+$xq;=s!@#!encrypt#!7#!N~ff{/]#!encrypt#!5#!NIKnQ#!encrypt#!2#!g
#!encrypt#!9#!+$xq;=R9##!encrypt#!3#!NEu#!encrypt#!10#!N+Yp$P*eyj#!encrypt#!4#!N+-]#!encrypt#!2#!NI#!encrypt#!5#!NIKnQ#!encrypt#!2#!g
#!encrypt#!9#!+$xq;=s!@#!encrypt#!7#!N~ff{/<#!encrypt#!5#!NIKn|#!encrypt#!2#!g
#!encrypt#!9#!+$xq;=R9##!encrypt#!3#!NdK#!encrypt#!10#!N+Yp$P*eyj#!encrypt#!4#!N+-]#!encrypt#!2#!NI#!encrypt#!5#!NIKn|#!encrypt#!2#!g
#!encrypt#!9#!+$xq;=s!@#!encrypt#!7#!N~ff{/J#!encrypt#!5#!NIKnJ#!encrypt#!2#!g
#!encrypt#!9#!+$xq;=R9##!encrypt#!3#!Ndt#!encrypt#!10#!N+Yp$P*eyj#!encrypt#!4#!N+-]#!encrypt#!2#!NI#!encrypt#!5#!NIKnJ#!encrypt#!2#!g
#!encrypt#!9#!+$xq;=s!@#!encrypt#!8#!N~ff{/hW#!encrypt#!5#!NIKn #!encrypt#!2#!g
#!encrypt#!9#!+$xq;=R9##!encrypt#!4#!NI8n#!encrypt#!10#!N+Yp$P*eyj#!encrypt#!4#!N+-]#!encrypt#!2#!NI#!encrypt#!5#!NIKn #!encrypt#!2#!g
#!encrypt#!9#!+$xq;=s!@#!encrypt#!8#!N~ff{/h]#!encrypt#!5#!NIKOr#!encrypt#!2#!g
#!encrypt#!9#!+$xq;=R9##!encrypt#!4#!NIIn#!encrypt#!10#!N+Yp$P*eyj#!encrypt#!4#!N+-]#!encrypt#!2#!NI#!encrypt#!5#!NIKOr#!encrypt#!2#!g
#!encrypt#!9#!+$xq;=s!@#!encrypt#!8#!Nt:zagC%#!encrypt#!5#!NIKOB#!encrypt#!2#!g
#!encrypt#!9#!+$xq;=R9##!encrypt#!4#!NI&&#!encrypt#!10#!N+Yp$P*eyj#!encrypt#!2#!N;#!encrypt#!5#!NIKOB#!encrypt#!2#!g
#!encrypt#!9#!+$xq;=s!@#!encrypt#!8#!Nt:zLgC%#!encrypt#!5#!NIKOa#!encrypt#!2#!g
#!encrypt#!9#!+$xq;=R9##!encrypt#!4#!NI&R#!encrypt#!10#!N+Yp$P*eyj#!encrypt#!2#!N;#!encrypt#!5#!NIKOa#!encrypt#!2#!g
#!encrypt#!9#!+$xq;=s!@#!encrypt#!9#!Nt:zB|BCl#!encrypt#!5#!NIKOm#!encrypt#!2#!g
#!encrypt#!9#!+$xq;=R9##!encrypt#!4#!NI&n#!encrypt#!10#!N+Yp$P*eyj#!encrypt#!2#!N;#!encrypt#!5#!NIKOm#!encrypt#!2#!g
#!encrypt#!9#!+$xq;=s!@#!encrypt#!9#!Nt:z<c|%k#!encrypt#!5#!NIKON#!encrypt#!2#!g
#!encrypt#!9#!+$xq;=R9##!encrypt#!3#!NfK#!encrypt#!10#!N+Yp$P*eyj#!encrypt#!2#!N;#!encrypt#!5#!NIKON#!encrypt#!2#!g
#!encrypt#!9#!+$xq;=s!@#!encrypt#!8#!Nt0\#K(0#!encrypt#!5#!NIKOL#!encrypt#!2#!g
#!encrypt#!9#!+$xq;=R9##!encrypt#!3#!NIA#!encrypt#!10#!N+Yp$P*eyj#!encrypt#!2#!N;#!encrypt#!5#!NIKOL#!encrypt#!2#!g
#!encrypt#!9#!+$xq;=s!@#!encrypt#!5#!Nt,x$#!encrypt#!5#!NIKOQ#!encrypt#!2#!g
#!encrypt#!9#!+$xq;=R9##!encrypt#!3#!NIu#!encrypt#!10#!N+Yp$P*eyj#!encrypt#!2#!N;#!encrypt#!5#!NIKOQ#!encrypt#!2#!g
#!encrypt#!9#!+$xq;=s!@#!encrypt#!5#!Nty"(#!encrypt#!5#!NIKO|#!encrypt#!2#!g
#!encrypt#!9#!+$xq;=R9##!encrypt#!2#!Nd#!encrypt#!10#!N+Yp$P*eyj#!encrypt#!2#!N;#!encrypt#!5#!NIKO|#!encrypt#!2#!g
#!encrypt#!9#!+$xq;=s!@#!encrypt#!5#!Nt-x$#!encrypt#!5#!NIKOJ#!encrypt#!2#!g
#!encrypt#!9#!+$xq;=R9##!encrypt#!3#!NfI#!encrypt#!10#!N+Yp$P*eyj#!encrypt#!2#!N;#!encrypt#!5#!NIKOJ#!encrypt#!2#!g
#!encrypt#!9#!+$xq;=s!@#!encrypt#!6#!Nt<]2/#!encrypt#!5#!NIKO #!encrypt#!2#!g
#!encrypt#!9#!+$xq;=R9##!encrypt#!2#!Nf#!encrypt#!10#!N+Yp$P*eyj#!encrypt#!2#!N;#!encrypt#!5#!NIKO #!encrypt#!2#!g
#!encrypt#!9#!+$xq;=s!@#!encrypt#!5#!Nt+x$#!encrypt#!5#!NIK7r#!encrypt#!2#!g
#!encrypt#!9#!+$xq;=R9##!encrypt#!3#!NGt#!encrypt#!10#!N+Yp$P*eyj#!encrypt#!2#!N;#!encrypt#!5#!NIK7r#!encrypt#!2#!g
#!encrypt#!9#!+$xq;=s!@#!encrypt#!6#!N8N_<^#!encrypt#!5#!NIK7B#!encrypt#!2#!g
#!encrypt#!9#!+$xq;=R9##!encrypt#!2#!NI#!encrypt#!10#!N+Yp$P*eyj#!encrypt#!2#!N;#!encrypt#!5#!NIK7B#!encrypt#!2#!g
#!encrypt#!9#!+$xq;=s!@#!encrypt#!10#!N8N_<^_:.L#!encrypt#!5#!NIK7a#!encrypt#!2#!g
#!encrypt#!9#!+$xq;=R9##!encrypt#!3#!NfO#!encrypt#!10#!N+Yp$P*eyj#!encrypt#!2#!N;#!encrypt#!5#!NIK7a#!encrypt#!2#!g
#!encrypt#!9#!+$xq;=s!@#!encrypt#!9#!N@ !<c|%k#!encrypt#!5#!NIK7m#!encrypt#!2#!g
#!encrypt#!9#!+$xq;=R9##!encrypt#!3#!Nf&#!encrypt#!10#!N+Yp$P*eyj#!encrypt#!2#!N;#!encrypt#!5#!NIK7m#!encrypt#!2#!g
#!encrypt#!9#!+$xq;=s!@#!encrypt#!5#!N@,x$#!encrypt#!5#!NIK7N#!encrypt#!2#!g
#!encrypt#!9#!+$xq;=R9##!encrypt#!3#!Nfb#!encrypt#!10#!N+Yp$P*eyj#!encrypt#!2#!N;#!encrypt#!5#!NIK7N#!encrypt#!2#!g
#!encrypt#!9#!+$xq;=s!@#!encrypt#!5#!N@y"(#!encrypt#!5#!NIK7L#!encrypt#!2#!g
#!encrypt#!9#!+$xq;=R9##!encrypt#!2#!NG#!encrypt#!10#!N+Yp$P*eyj#!encrypt#!2#!N;#!encrypt#!5#!NIK7L#!encrypt#!2#!g
#!encrypt#!9#!+$xq;=s!@#!encrypt#!5#!N@-x$#!encrypt#!5#!NIK7Q#!encrypt#!2#!g
#!encrypt#!9#!+$xq;=R9##!encrypt#!3#!Nfo#!encrypt#!10#!N+Yp$P*eyj#!encrypt#!2#!N;#!encrypt#!5#!NIK7Q#!encrypt#!2#!g
#!encrypt#!9#!+$xq;=s!@#!encrypt#!5#!N@M~x#!encrypt#!5#!NIK7|#!encrypt#!2#!g
#!encrypt#!9#!+$xq;=R9##!encrypt#!2#!NE#!encrypt#!10#!N+Yp$P*eyj#!encrypt#!2#!N;#!encrypt#!5#!NIK7|#!encrypt#!2#!g
#!encrypt#!9#!+$xq;=s!@#!encrypt#!5#!N@J\?#!encrypt#!5#!NIK7J#!encrypt#!2#!g
#!encrypt#!9#!+$xq;=R9##!encrypt#!3#!Nf8#!encrypt#!10#!N+Yp$P*eyj#!encrypt#!2#!N;#!encrypt#!5#!NIK7J#!encrypt#!2#!g
#!encrypt#!9#!+$xq;=s!@#!encrypt#!8#!N1fI\gC%#!encrypt#!5#!NIK7 #!encrypt#!2#!g
#!encrypt#!9#!+$xq;=R9##!encrypt#!3#!N.&#!encrypt#!10#!N+Yp$P*eyj#!encrypt#!2#!N;#!encrypt#!5#!NIK7 #!encrypt#!2#!g
#!encrypt#!9#!+$xq;=s!@#!encrypt#!7#!N1fI<c|#!encrypt#!5#!NIK?r#!encrypt#!2#!g
#!encrypt#!9#!+$xq;=R9##!encrypt#!3#!NIb#!encrypt#!10#!N+Yp$P*eyj#!encrypt#!2#!N;#!encrypt#!5#!NIK?r#!encrypt#!2#!g
#!encrypt#!9#!+$xq;=s!@#!encrypt#!7#!NVy!#\*#!encrypt#!5#!NIK?B#!encrypt#!2#!g
#!encrypt#!9#!+$xq;=R9##!encrypt#!3#!N.t#!encrypt#!10#!N+Yp$P*eyj#!encrypt#!2#!N;#!encrypt#!5#!NIK?B#!encrypt#!2#!g
#!encrypt#!9#!+$xq;=s!@#!encrypt#!5#!NZypB#!encrypt#!5#!NIK?a#!encrypt#!2#!g
#!encrypt#!9#!+$xq;=R9##!encrypt#!2#!Nw#!encrypt#!10#!N+Yp$P*eyj#!encrypt#!2#!N;#!encrypt#!5#!NIK?a#!encrypt#!2#!g
#!encrypt#!9#!+$xq;=s!@#!encrypt#!5#!NZypa#!encrypt#!5#!NIK?m#!encrypt#!2#!g
#!encrypt#!9#!+$xq;=R9##!encrypt#!3#!NIK#!encrypt#!10#!N+Yp$P*eyj#!encrypt#!2#!N;#!encrypt#!5#!NIK?m#!encrypt#!2#!g
#!encrypt#!9#!+$xq;=s!@#!encrypt#!5#!NZypm#!encrypt#!5#!NIK?N#!encrypt#!2#!g
#!encrypt#!9#!+$xq;=R9##!encrypt#!3#!NEK#!encrypt#!10#!N+Yp$P*eyj#!encrypt#!2#!N;#!encrypt#!5#!NIK?N#!encrypt#!2#!g
#!encrypt#!9#!+$xq;=s!@#!encrypt#!5#!NZypN#!encrypt#!5#!NIK?L#!encrypt#!2#!g
#!encrypt#!9#!+$xq;=R9##!encrypt#!3#!NEt#!encrypt#!10#!N+Yp$P*eyj#!encrypt#!2#!N;#!encrypt#!5#!NIK?L#!encrypt#!2#!g
#!encrypt#!9#!+$xq;=s!@#!encrypt#!5#!NZypL#!encrypt#!5#!NIK?Q#!encrypt#!2#!g
#!encrypt#!9#!+$xq;=R9##!encrypt#!3#!NEO#!encrypt#!10#!N+Yp$P*eyj#!encrypt#!2#!N;#!encrypt#!5#!NIK?Q#!encrypt#!2#!g
#!encrypt#!9#!+$xq;=s!@#!encrypt#!5#!NZypQ#!encrypt#!5#!NIK?|#!encrypt#!2#!g
#!encrypt#!9#!+$xq;=R9##!encrypt#!3#!NEo#!encrypt#!10#!N+Yp$P*eyj#!encrypt#!2#!N;#!encrypt#!5#!NIK?|#!encrypt#!2#!g
#!encrypt#!9#!+$xq;=s!@#!encrypt#!5#!NZyp|#!encrypt#!5#!NIK?J#!encrypt#!2#!g
#!encrypt#!9#!+$xq;=R9##!encrypt#!3#!NEA#!encrypt#!10#!N+Yp$P*eyj#!encrypt#!2#!N;#!encrypt#!5#!NIK?J#!encrypt#!2#!g
#!encrypt#!9#!+$xq;=s!@#!encrypt#!5#!NZypJ#!encrypt#!5#!NIK? #!encrypt#!2#!g
#!encrypt#!9#!+$xq;=R9##!encrypt#!3#!Nd&#!encrypt#!10#!N+Yp$P*eyj#!encrypt#!2#!N;#!encrypt#!5#!NIK? #!encrypt#!2#!g
#!encrypt#!9#!+$xq;=s!@#!encrypt#!5#!NZyp #!encrypt#!5#!NIKjr#!encrypt#!2#!g
#!encrypt#!9#!+$xq;=R9##!encrypt#!4#!NI8R#!encrypt#!10#!N+Yp$P*eyj#!encrypt#!2#!N;#!encrypt#!5#!NIKjr#!encrypt#!2#!g
#!encrypt#!9#!+$xq;=s!@#!encrypt#!6#!NZypB|#!encrypt#!5#!NIKjB#!encrypt#!2#!g
#!encrypt#!9#!+$xq;=R9##!encrypt#!4#!NIIR#!encrypt#!10#!N+Yp$P*eyj#!encrypt#!2#!N;#!encrypt#!5#!NIKjB#!encrypt#!2#!g
#!encrypt#!9#!+$xq;=s!@#!encrypt#!5#!N#fw$#!encrypt#!5#!NIKuJ#!encrypt#!2#!g
#!encrypt#!9#!+$xq;=R9##!encrypt#!3#!NYb#!encrypt#!10#!N+E]d~*eyj#!encrypt#!2#!N;#!encrypt#!5#!NIKuJ#!encrypt#!2#!g
#!encrypt#!10#!~(79qBr47'#!encrypt#!5#!N#fw$#!encrypt#!2#!g
#!encrypt#!4#!%8k9#!encrypt#!12#!N+E]d~_y1n,|#!encrypt#!5#!N#fw$#!encrypt#!2#!g
#!encrypt#!9#!+$xq;=s!@#!encrypt#!11#!NamPB|_:%6?#!encrypt#!5#!NIKja#!encrypt#!2#!g
#!encrypt#!9#!+$xq;=R9##!encrypt#!4#!NI8n#!encrypt#!10#!N+E]d~*eyj#!encrypt#!2#!N;#!encrypt#!5#!NIKja#!encrypt#!2#!g
#!encrypt#!10#!~(79qBr47'#!encrypt#!11#!NamPB|_:%6?#!encrypt#!2#!g
#!encrypt#!4#!%8k9#!encrypt#!12#!N+E]d~_y1n,|#!encrypt#!11#!NamPB|_:%6?#!encrypt#!2#!g
#!encrypt#!9#!+$xq;=s!@#!encrypt#!11#!NamPBC_:%6?#!encrypt#!5#!NIKjm#!encrypt#!2#!g
#!encrypt#!9#!+$xq;=R9##!encrypt#!4#!NIIn#!encrypt#!10#!N+E]d~*eyj#!encrypt#!2#!N;#!encrypt#!5#!NIKjm#!encrypt#!2#!g
#!encrypt#!10#!~(79qBr47'#!encrypt#!11#!NamPBC_:%6?#!encrypt#!2#!g
#!encrypt#!4#!%8k9#!encrypt#!12#!N+E]d~_y1n,|#!encrypt#!11#!NamPBC_:%6?#!encrypt#!2#!g
#!encrypt#!9#!+$xq;=s!@#!encrypt#!17#!NQff{/hfm\YhG5%}Y#!encrypt#!5#!NIKjN#!encrypt#!2#!g
#!encrypt#!9#!+$xq;=R9##!encrypt#!2#!N.#!encrypt#!10#!N+E]d~*eyj#!encrypt#!2#!N;#!encrypt#!5#!NIKjN#!encrypt#!2#!g
#!encrypt#!10#!~(79qBr47'#!encrypt#!17#!NQff{/hfm\YhG5%}Y#!encrypt#!2#!g
#!encrypt#!4#!%8k9#!encrypt#!12#!N+E]d~_y1n,|#!encrypt#!17#!NQff{/hfm\YhG5%}Y#!encrypt#!2#!g
#!encrypt#!9#!+$xq;=s!@#!encrypt#!17#!NQff{/dfm\YhG5%}Y#!encrypt#!5#!NIKjL#!encrypt#!2#!g
#!encrypt#!9#!+$xq;=R9##!encrypt#!2#!N[#!encrypt#!10#!N+E]d~*eyj#!encrypt#!2#!N;#!encrypt#!5#!NIKjL#!encrypt#!2#!g
#!encrypt#!10#!~(79qBr47'#!encrypt#!17#!NQff{/dfm\YhG5%}Y#!encrypt#!2#!g
#!encrypt#!4#!%8k9#!encrypt#!12#!N+E]d~_y1n,|#!encrypt#!17#!NQff{/dfm\YhG5%}Y#!encrypt#!2#!g
#!encrypt#!9#!+$xq;=s!@#!encrypt#!17#!NQff{/)fm\YhG5%}Y#!encrypt#!5#!NIKjQ#!encrypt#!2#!g
#!encrypt#!9#!+$xq;=R9##!encrypt#!3#!NI&#!encrypt#!10#!N+E]d~*eyj#!encrypt#!2#!N;#!encrypt#!5#!NIKjQ#!encrypt#!2#!g
#!encrypt#!10#!~(79qBr47'#!encrypt#!17#!NQff{/)fm\YhG5%}Y#!encrypt#!2#!g
#!encrypt#!4#!%8k9#!encrypt#!12#!N+E]d~_y1n,|#!encrypt#!17#!NQff{/)fm\YhG5%}Y#!encrypt#!2#!g
#!encrypt#!9#!+$xq;=s!@#!encrypt#!17#!NQff{/Pfm\YhG5%}Y#!encrypt#!5#!NIKj|#!encrypt#!2#!g
#!encrypt#!9#!+$xq;=R9##!encrypt#!3#!NE&#!encrypt#!10#!N+E]d~*eyj#!encrypt#!2#!N;#!encrypt#!5#!NIKj|#!encrypt#!2#!g
#!encrypt#!10#!~(79qBr47'#!encrypt#!17#!NQff{/Pfm\YhG5%}Y#!encrypt#!2#!g
#!encrypt#!4#!%8k9#!encrypt#!12#!N+E]d~_y1n,|#!encrypt#!17#!NQff{/Pfm\YhG5%}Y#!encrypt#!2#!g
#!encrypt#!9#!+$xq;=s!@#!encrypt#!17#!NQff{/Vfm\YhG5%}Y#!encrypt#!5#!NIKjJ#!encrypt#!2#!g
#!encrypt#!9#!+$xq;=R9##!encrypt#!3#!NEb#!encrypt#!10#!N+E]d~*eyj#!encrypt#!2#!N;#!encrypt#!5#!NIKjJ#!encrypt#!2#!g
#!encrypt#!10#!~(79qBr47'#!encrypt#!17#!NQff{/Vfm\YhG5%}Y#!encrypt#!2#!g
#!encrypt#!4#!%8k9#!encrypt#!12#!N+E]d~_y1n,|#!encrypt#!17#!NQff{/Vfm\YhG5%}Y#!encrypt#!2#!g
#!encrypt#!9#!+$xq;=s!@#!encrypt#!17#!NQff{/>fm\YhG5%}Y#!encrypt#!5#!NIKj #!encrypt#!2#!g
#!encrypt#!9#!+$xq;=R9##!encrypt#!3#!NE8#!encrypt#!10#!N+E]d~*eyj#!encrypt#!2#!N;#!encrypt#!5#!NIKj #!encrypt#!2#!g
#!encrypt#!10#!~(79qBr47'#!encrypt#!17#!NQff{/>fm\YhG5%}Y#!encrypt#!2#!g
#!encrypt#!4#!%8k9#!encrypt#!12#!N+E]d~_y1n,|#!encrypt#!17#!NQff{/>fm\YhG5%}Y#!encrypt#!2#!g
#!encrypt#!9#!+$xq;=s!@#!encrypt#!17#!NQff{/]fm\YhG5%}Y#!encrypt#!5#!NIKj #!encrypt#!2#!g
#!encrypt#!9#!+$xq;=R9##!encrypt#!3#!NEu#!encrypt#!10#!N+E]d~*eyj#!encrypt#!2#!N;#!encrypt#!5#!NIKj #!encrypt#!2#!g
#!encrypt#!10#!~(79qBr47'#!encrypt#!17#!NQff{/]fm\YhG5%}Y#!encrypt#!2#!g
#!encrypt#!4#!%8k9#!encrypt#!12#!N+E]d~_y1n,|#!encrypt#!17#!NQff{/]fm\YhG5%}Y#!encrypt#!2#!g
#!encrypt#!9#!+$xq;=s!@#!encrypt#!17#!NQff{/<fm\YhG5%}Y#!encrypt#!5#!NIK%r#!encrypt#!2#!g
#!encrypt#!9#!+$xq;=R9##!encrypt#!3#!NdK#!encrypt#!10#!N+E]d~*eyj#!encrypt#!2#!N;#!encrypt#!5#!NIK%r#!encrypt#!2#!g
#!encrypt#!10#!~(79qBr47'#!encrypt#!17#!NQff{/<fm\YhG5%}Y#!encrypt#!2#!g
#!encrypt#!4#!%8k9#!encrypt#!12#!N+E]d~_y1n,|#!encrypt#!17#!NQff{/<fm\YhG5%}Y#!encrypt#!2#!g
#!encrypt#!9#!+$xq;=s!@#!encrypt#!17#!NQff{/Jfm\YhG5%}Y#!encrypt#!5#!NIK%B#!encrypt#!2#!g
#!encrypt#!9#!+$xq;=R9##!encrypt#!3#!Ndt#!encrypt#!10#!N+E]d~*eyj#!encrypt#!2#!N;#!encrypt#!5#!NIK%B#!encrypt#!2#!g
#!encrypt#!10#!~(79qBr47'#!encrypt#!17#!NQff{/Jfm\YhG5%}Y#!encrypt#!2#!g
#!encrypt#!4#!%8k9#!encrypt#!12#!N+E]d~_y1n,|#!encrypt#!17#!NQff{/Jfm\YhG5%}Y#!encrypt#!2#!g
#!encrypt#!9#!+$xq;=s!@#!encrypt#!18#!NQff{/hWUSAhX`# ;3#!encrypt#!5#!NIK%a#!encrypt#!2#!g
#!encrypt#!9#!+$xq;=R9##!encrypt#!4#!NI8n#!encrypt#!10#!N+E]d~*eyj#!encrypt#!2#!N;#!encrypt#!5#!NIK%a#!encrypt#!2#!g
#!encrypt#!10#!~(79qBr47'#!encrypt#!18#!NQff{/hWUSAhX`# ;3#!encrypt#!2#!g
#!encrypt#!4#!%8k9#!encrypt#!12#!N+E]d~_y1n,|#!encrypt#!18#!NQff{/hWUSAhX`# ;3#!encrypt#!2#!g
#!encrypt#!9#!+$xq;=s!@#!encrypt#!18#!NQff{/h]USAhX`# ;3#!encrypt#!5#!NIK%m#!encrypt#!2#!g
#!encrypt#!9#!+$xq;=R9##!encrypt#!4#!NIIn#!encrypt#!10#!N+E]d~*eyj#!encrypt#!2#!N;#!encrypt#!5#!NIK%m#!encrypt#!2#!g
#!encrypt#!10#!~(79qBr47'#!encrypt#!18#!NQff{/h]USAhX`# ;3#!encrypt#!2#!g
#!encrypt#!4#!%8k9#!encrypt#!12#!N+E]d~_y1n,|#!encrypt#!18#!NQff{/h]USAhX`# ;3#!encrypt#!2#!g
#!encrypt#!9#!+$xq;=s!@#!encrypt#!9#!NQ&.2Pu\d#!encrypt#!5#!NIK%Q#!encrypt#!2#!g
#!encrypt#!9#!+$xq;=R9##!encrypt#!2#!N.#!encrypt#!10#!N+E]d~*eyj#!encrypt#!2#!NE#!encrypt#!5#!NIK%Q#!encrypt#!2#!g
#!encrypt#!10#!~(79qBr47'#!encrypt#!9#!NQ&.2Pu\d#!encrypt#!2#!g
#!encrypt#!4#!%8k9#!encrypt#!12#!N+E]d~_y1n,|#!encrypt#!9#!NQ&.2Pu\d#!encrypt#!2#!g
#!encrypt#!9#!+$xq;=s!@#!encrypt#!9#!NQt.2Pu\d#!encrypt#!5#!NIK%|#!encrypt#!2#!g
#!encrypt#!9#!+$xq;=R9##!encrypt#!2#!N[#!encrypt#!10#!N+E]d~*eyj#!encrypt#!2#!NE#!encrypt#!5#!NIK%|#!encrypt#!2#!g
#!encrypt#!10#!~(79qBr47'#!encrypt#!9#!NQt.2Pu\d#!encrypt#!2#!g
#!encrypt#!4#!%8k9#!encrypt#!12#!N+E]d~_y1n,|#!encrypt#!9#!NQt.2Pu\d#!encrypt#!2#!g
#!encrypt#!9#!+$xq;=s!@#!encrypt#!9#!NQb.2Pu\d#!encrypt#!5#!NIK%J#!encrypt#!2#!g
#!encrypt#!9#!+$xq;=R9##!encrypt#!3#!NI&#!encrypt#!10#!N+E]d~*eyj#!encrypt#!2#!NE#!encrypt#!5#!NIK%J#!encrypt#!2#!g
#!encrypt#!10#!~(79qBr47'#!encrypt#!9#!NQb.2Pu\d#!encrypt#!2#!g
#!encrypt#!4#!%8k9#!encrypt#!12#!N+E]d~_y1n,|#!encrypt#!9#!NQb.2Pu\d#!encrypt#!2#!g
#!encrypt#!9#!+$xq;=s!@#!encrypt#!9#!NQO.2Pu\d#!encrypt#!5#!NIK% #!encrypt#!2#!g
#!encrypt#!9#!+$xq;=R9##!encrypt#!3#!NE&#!encrypt#!10#!N+E]d~*eyj#!encrypt#!2#!NE#!encrypt#!5#!NIK% #!encrypt#!2#!g
#!encrypt#!10#!~(79qBr47'#!encrypt#!9#!NQO.2Pu\d#!encrypt#!2#!g
#!encrypt#!4#!%8k9#!encrypt#!12#!N+E]d~_y1n,|#!encrypt#!9#!NQO.2Pu\d#!encrypt#!2#!g
#!encrypt#!9#!+$xq;=s!@#!encrypt#!9#!NQ8.2Pu\d#!encrypt#!5#!NIKcr#!encrypt#!2#!g
#!encrypt#!9#!+$xq;=R9##!encrypt#!3#!NEb#!encrypt#!10#!N+E]d~*eyj#!encrypt#!2#!NE#!encrypt#!5#!NIKcr#!encrypt#!2#!g
#!encrypt#!10#!~(79qBr47'#!encrypt#!9#!NQ8.2Pu\d#!encrypt#!2#!g
#!encrypt#!4#!%8k9#!encrypt#!12#!N+E]d~_y1n,|#!encrypt#!9#!NQ8.2Pu\d#!encrypt#!2#!g
#!encrypt#!9#!+$xq;=s!@#!encrypt#!9#!NQI.2Pu\d#!encrypt#!5#!NIKcB#!encrypt#!2#!g
#!encrypt#!9#!+$xq;=R9##!encrypt#!3#!NE8#!encrypt#!10#!N+E]d~*eyj#!encrypt#!2#!NE#!encrypt#!5#!NIKcB#!encrypt#!2#!g
#!encrypt#!10#!~(79qBr47'#!encrypt#!9#!NQI.2Pu\d#!encrypt#!2#!g
#!encrypt#!4#!%8k9#!encrypt#!12#!N+E]d~_y1n,|#!encrypt#!9#!NQI.2Pu\d#!encrypt#!2#!g
#!encrypt#!9#!+$xq;=s!@#!encrypt#!9#!NQo.2Pu\d#!encrypt#!5#!NIKca#!encrypt#!2#!g
#!encrypt#!9#!+$xq;=R9##!encrypt#!3#!NEu#!encrypt#!10#!N+E]d~*eyj#!encrypt#!2#!NE#!encrypt#!5#!NIKca#!encrypt#!2#!g
#!encrypt#!10#!~(79qBr47'#!encrypt#!9#!NQo.2Pu\d#!encrypt#!2#!g
#!encrypt#!4#!%8k9#!encrypt#!12#!N+E]d~_y1n,|#!encrypt#!9#!NQo.2Pu\d#!encrypt#!2#!g
#!encrypt#!9#!+$xq;=s!@#!encrypt#!9#!NQu.2Pu\d#!encrypt#!5#!NIKcm#!encrypt#!2#!g
#!encrypt#!9#!+$xq;=R9##!encrypt#!3#!NdK#!encrypt#!10#!N+E]d~*eyj#!encrypt#!2#!NE#!encrypt#!5#!NIKcm#!encrypt#!2#!g
#!encrypt#!10#!~(79qBr47'#!encrypt#!9#!NQu.2Pu\d#!encrypt#!2#!g
#!encrypt#!4#!%8k9#!encrypt#!12#!N+E]d~_y1n,|#!encrypt#!9#!NQu.2Pu\d#!encrypt#!2#!g
#!encrypt#!9#!+$xq;=s!@#!encrypt#!9#!NQA.2Pu\d#!encrypt#!5#!NIKcN#!encrypt#!2#!g
#!encrypt#!9#!+$xq;=R9##!encrypt#!3#!Ndt#!encrypt#!10#!N+E]d~*eyj#!encrypt#!2#!NE#!encrypt#!5#!NIKcN#!encrypt#!2#!g
#!encrypt#!10#!~(79qBr47'#!encrypt#!9#!NQA.2Pu\d#!encrypt#!2#!g
#!encrypt#!4#!%8k9#!encrypt#!12#!N+E]d~_y1n,|#!encrypt#!9#!NQA.2Pu\d#!encrypt#!2#!g
#!encrypt#!9#!+$xq;=s!@#!encrypt#!10#!NQ&&q/nm%_#!encrypt#!5#!NIKcL#!encrypt#!2#!g
#!encrypt#!9#!+$xq;=R9##!encrypt#!4#!NI8n#!encrypt#!10#!N+E]d~*eyj#!encrypt#!2#!NE#!encrypt#!5#!NIKcL#!encrypt#!2#!g
#!encrypt#!10#!~(79qBr47'#!encrypt#!10#!NQ&&q/nm%_#!encrypt#!2#!g
#!encrypt#!4#!%8k9#!encrypt#!12#!N+E]d~_y1n,|#!encrypt#!10#!NQ&&q/nm%_#!encrypt#!2#!g
#!encrypt#!9#!+$xq;=s!@#!encrypt#!10#!NQ&Rq/nm%_#!encrypt#!5#!NIKcQ#!encrypt#!2#!g
#!encrypt#!9#!+$xq;=R9##!encrypt#!4#!NIIn#!encrypt#!10#!N+E]d~*eyj#!encrypt#!2#!NE#!encrypt#!5#!NIKcQ#!encrypt#!2#!g
#!encrypt#!10#!~(79qBr47'#!encrypt#!10#!NQ&Rq/nm%_#!encrypt#!2#!g
#!encrypt#!4#!%8k9#!encrypt#!12#!N+E]d~_y1n,|#!encrypt#!10#!NQ&Rq/nm%_#!encrypt#!2#!g
#!encrypt#!9#!+$xq;=s!@#!encrypt#!7#!NQ&.(K?#!encrypt#!5#!NIKc|#!encrypt#!2#!g
#!encrypt#!9#!+$xq;=R9##!encrypt#!2#!N.#!encrypt#!10#!N+E]d~*eyj#!encrypt#!2#!NI#!encrypt#!5#!NIKc|#!encrypt#!2#!g
#!encrypt#!10#!~(79qBr47'#!encrypt#!7#!NQ&.(K?#!encrypt#!2#!g
#!encrypt#!4#!%8k9#!encrypt#!12#!N+E]d~_y1n,|#!encrypt#!7#!NQ&.(K?#!encrypt#!2#!g
#!encrypt#!9#!+$xq;=s!@#!encrypt#!7#!NQt.(K?#!encrypt#!5#!NIKcJ#!encrypt#!2#!g
#!encrypt#!9#!+$xq;=R9##!encrypt#!2#!N[#!encrypt#!10#!N+E]d~*eyj#!encrypt#!2#!NI#!encrypt#!5#!NIKcJ#!encrypt#!2#!g
#!encrypt#!10#!~(79qBr47'#!encrypt#!7#!NQt.(K?#!encrypt#!2#!g
#!encrypt#!4#!%8k9#!encrypt#!12#!N+E]d~_y1n,|#!encrypt#!7#!NQt.(K?#!encrypt#!2#!g
#!encrypt#!9#!+$xq;=s!@#!encrypt#!7#!NQb.(K?#!encrypt#!5#!NIKc #!encrypt#!2#!g
#!encrypt#!9#!+$xq;=R9##!encrypt#!3#!NI&#!encrypt#!10#!N+E]d~*eyj#!encrypt#!2#!NI#!encrypt#!5#!NIKc #!encrypt#!2#!g
#!encrypt#!10#!~(79qBr47'#!encrypt#!7#!NQb.(K?#!encrypt#!2#!g
#!encrypt#!4#!%8k9#!encrypt#!12#!N+E]d~_y1n,|#!encrypt#!7#!NQb.(K?#!encrypt#!2#!g
#!encrypt#!9#!+$xq;=s!@#!encrypt#!7#!NQO.(K?#!encrypt#!5#!NIKur#!encrypt#!2#!g
#!encrypt#!9#!+$xq;=R9##!encrypt#!3#!NE&#!encrypt#!10#!N+E]d~*eyj#!encrypt#!2#!NI#!encrypt#!5#!NIKur#!encrypt#!2#!g
#!encrypt#!10#!~(79qBr47'#!encrypt#!7#!NQO.(K?#!encrypt#!2#!g
#!encrypt#!4#!%8k9#!encrypt#!12#!N+E]d~_y1n,|#!encrypt#!7#!NQO.(K?#!encrypt#!2#!g
#!encrypt#!9#!+$xq;=s!@#!encrypt#!7#!NQ8.(K?#!encrypt#!5#!NIKuB#!encrypt#!2#!g
#!encrypt#!9#!+$xq;=R9##!encrypt#!3#!NEb#!encrypt#!10#!N+E]d~*eyj#!encrypt#!2#!NI#!encrypt#!5#!NIKuB#!encrypt#!2#!g
#!encrypt#!10#!~(79qBr47'#!encrypt#!7#!NQ8.(K?#!encrypt#!2#!g
#!encrypt#!4#!%8k9#!encrypt#!12#!N+E]d~_y1n,|#!encrypt#!7#!NQ8.(K?#!encrypt#!2#!g
#!encrypt#!9#!+$xq;=s!@#!encrypt#!7#!NQI.(K?#!encrypt#!5#!NIKua#!encrypt#!2#!g
#!encrypt#!9#!+$xq;=R9##!encrypt#!3#!NE8#!encrypt#!10#!N+E]d~*eyj#!encrypt#!2#!NI#!encrypt#!5#!NIKua#!encrypt#!2#!g
#!encrypt#!10#!~(79qBr47'#!encrypt#!7#!NQI.(K?#!encrypt#!2#!g
#!encrypt#!4#!%8k9#!encrypt#!12#!N+E]d~_y1n,|#!encrypt#!7#!NQI.(K?#!encrypt#!2#!g
#!encrypt#!9#!+$xq;=s!@#!encrypt#!7#!NQo.(K?#!encrypt#!5#!NIKum#!encrypt#!2#!g
#!encrypt#!9#!+$xq;=R9##!encrypt#!3#!NEu#!encrypt#!10#!N+E]d~*eyj#!encrypt#!2#!NI#!encrypt#!5#!NIKum#!encrypt#!2#!g
#!encrypt#!10#!~(79qBr47'#!encrypt#!7#!NQo.(K?#!encrypt#!2#!g
#!encrypt#!4#!%8k9#!encrypt#!12#!N+E]d~_y1n,|#!encrypt#!7#!NQo.(K?#!encrypt#!2#!g
#!encrypt#!9#!+$xq;=s!@#!encrypt#!7#!NQu.(K?#!encrypt#!5#!NIKuN#!encrypt#!2#!g
#!encrypt#!9#!+$xq;=R9##!encrypt#!3#!NdK#!encrypt#!10#!N+E]d~*eyj#!encrypt#!2#!NI#!encrypt#!5#!NIKuN#!encrypt#!2#!g
#!encrypt#!10#!~(79qBr47'#!encrypt#!7#!NQu.(K?#!encrypt#!2#!g
#!encrypt#!4#!%8k9#!encrypt#!12#!N+E]d~_y1n,|#!encrypt#!7#!NQu.(K?#!encrypt#!2#!g
#!encrypt#!9#!+$xq;=s!@#!encrypt#!7#!NQA.(K?#!encrypt#!5#!NIKuL#!encrypt#!2#!g
#!encrypt#!9#!+$xq;=R9##!encrypt#!3#!Ndt#!encrypt#!10#!N+E]d~*eyj#!encrypt#!2#!NI#!encrypt#!5#!NIKuL#!encrypt#!2#!g
#!encrypt#!10#!~(79qBr47'#!encrypt#!7#!NQA.(K?#!encrypt#!2#!g
#!encrypt#!4#!%8k9#!encrypt#!12#!N+E]d~_y1n,|#!encrypt#!7#!NQA.(K?#!encrypt#!2#!g
#!encrypt#!9#!+$xq;=s!@#!encrypt#!8#!NQ&&q"A5#!encrypt#!5#!NIKuQ#!encrypt#!2#!g
#!encrypt#!9#!+$xq;=R9##!encrypt#!4#!NI8n#!encrypt#!10#!N+E]d~*eyj#!encrypt#!2#!NI#!encrypt#!5#!NIKuQ#!encrypt#!2#!g
#!encrypt#!10#!~(79qBr47'#!encrypt#!8#!NQ&&q"A5#!encrypt#!2#!g
#!encrypt#!4#!%8k9#!encrypt#!12#!N+E]d~_y1n,|#!encrypt#!8#!NQ&&q"A5#!encrypt#!2#!g
#!encrypt#!9#!+$xq;=s!@#!encrypt#!8#!NQ&Rq"A5#!encrypt#!5#!NIKu|#!encrypt#!2#!g
#!encrypt#!9#!+$xq;=R9##!encrypt#!4#!NIIn#!encrypt#!10#!N+E]d~*eyj#!encrypt#!2#!NI#!encrypt#!5#!NIKu|#!encrypt#!2#!g
#!encrypt#!10#!~(79qBr47'#!encrypt#!8#!NQ&Rq"A5#!encrypt#!2#!g
#!encrypt#!4#!%8k9#!encrypt#!12#!N+E]d~_y1n,|#!encrypt#!8#!NQ&Rq"A5#!encrypt#!2#!g
#!encrypt#!6#!@'=qe4#!encrypt#!13#!N+M\$"C:dpb#}#!encrypt#!5#!N}p~>#!encrypt#!2#!g
#!encrypt#!3#!{t|#!encrypt#!8#!Nt:zagC%#!encrypt#!9#!Nt:z<c|%k#!encrypt#!13#!N+M\$"C:dpb#}#!encrypt#!6#!NXm*Zu#!encrypt#!2#!g
#!encrypt#!3#!{t|#!encrypt#!8#!Nt:zLgC%#!encrypt#!9#!Nt:z<c|%k#!encrypt#!13#!N+M\$"C:dpb#}#!encrypt#!6#!NXm*Zm#!encrypt#!2#!g
#!encrypt#!3#!{t|#!encrypt#!9#!Nt:zB|BCl#!encrypt#!9#!Nt:z<c|%k#!encrypt#!13#!N+M\$"C:dpb#}#!encrypt#!7#!NXm*ZCK#!encrypt#!2#!g
#!encrypt#!3#!{t|#!encrypt#!9#!N~&DOdBCl#!encrypt#!7#!N~ff{/h#!encrypt#!13#!N+M\$"C:dpb#}#!encrypt#!7#!NXe]T}h#!encrypt#!2#!g
#!encrypt#!3#!{t|#!encrypt#!9#!N~tDOdBCl#!encrypt#!7#!N~ff{/d#!encrypt#!13#!N+M\$"C:dpb#}#!encrypt#!7#!NXe]T}d#!encrypt#!2#!g
#!encrypt#!3#!{t|#!encrypt#!9#!N~bDOdBCl#!encrypt#!7#!N~ff{/)#!encrypt#!13#!N+M\$"C:dpb#}#!encrypt#!7#!NXe]T})#!encrypt#!2#!g
#!encrypt#!3#!{t|#!encrypt#!9#!N~ODOdBCl#!encrypt#!7#!N~ff{/P#!encrypt#!13#!N+M\$"C:dpb#}#!encrypt#!7#!NXe]T}P#!encrypt#!2#!g
#!encrypt#!3#!{t|#!encrypt#!9#!N~8DOdBCl#!encrypt#!7#!N~ff{/V#!encrypt#!13#!N+M\$"C:dpb#}#!encrypt#!7#!NXe]T}V#!encrypt#!2#!g
#!encrypt#!3#!{t|#!encrypt#!9#!N~IDOdBCl#!encrypt#!7#!N~ff{/>#!encrypt#!13#!N+M\$"C:dpb#}#!encrypt#!7#!NXe]T}>#!encrypt#!2#!g
#!encrypt#!3#!{t|#!encrypt#!9#!N~oDOdBCl#!encrypt#!7#!N~ff{/]#!encrypt#!13#!N+M\$"C:dpb#}#!encrypt#!7#!NXe]T}]#!encrypt#!2#!g
#!encrypt#!3#!{t|#!encrypt#!9#!N~uDOdBCl#!encrypt#!7#!N~ff{/<#!encrypt#!13#!N+M\$"C:dpb#}#!encrypt#!7#!NXe]T}<#!encrypt#!2#!g
#!encrypt#!3#!{t|#!encrypt#!9#!N~ADOdBCl#!encrypt#!7#!N~ff{/J#!encrypt#!13#!N+M\$"C:dpb#}#!encrypt#!7#!NXe]T}J#!encrypt#!2#!g
#!encrypt#!3#!{t|#!encrypt#!10#!N~&&;^70]Y#!encrypt#!8#!N~ff{/hW#!encrypt#!13#!N+M\$"C:dpb#}#!encrypt#!8#!NXe]T}hW#!encrypt#!2#!g
#!encrypt#!3#!{t|#!encrypt#!10#!N~&R;^70]Y#!encrypt#!8#!N~ff{/h]#!encrypt#!13#!N+M\$"C:dpb#}#!encrypt#!8#!NXe]T}h]#!encrypt#!2#!g
#!encrypt#!3#!{t|#!encrypt#!8#!NjM#<"n0#!encrypt#!7#!N~ff{/J#!encrypt#!13#!N+M\$"C:dpb#}#!encrypt#!7#!N}h.$PM#!encrypt#!2#!g
#!encrypt#!3#!{t|#!encrypt#!5#!NxM#$#!encrypt#!5#!N@M~x#!encrypt#!13#!N+M\$"C:dpb#}#!encrypt#!10#!NcM#$=M@dn#!encrypt#!2#!g
#!encrypt#!3#!{t|#!encrypt#!9#!Nb L<c|%k#!encrypt#!8#!N~ff{/hW#!encrypt#!13#!N+M\$"C:dpb#}#!encrypt#!6#!NamPB|#!encrypt#!2#!g
#!encrypt#!3#!68=#!encrypt#!7#!N~ff{/h#!encrypt#!9#!N~&DOdBCl#!encrypt#!13#!N+M\$"C:dpb#}#!encrypt#!12#!NQff{/hfm\Yh#!encrypt#!2#!g
#!encrypt#!3#!68=#!encrypt#!7#!N~ff{/d#!encrypt#!9#!N~tDOdBCl#!encrypt#!13#!N+M\$"C:dpb#}#!encrypt#!12#!NQff{/dfm\Yh#!encrypt#!2#!g
#!encrypt#!3#!68=#!encrypt#!7#!N~ff{/)#!encrypt#!9#!N~bDOdBCl#!encrypt#!13#!N+M\$"C:dpb#}#!encrypt#!12#!NQff{/)fm\Yh#!encrypt#!2#!g
#!encrypt#!3#!68=#!encrypt#!7#!N~ff{/P#!encrypt#!9#!N~ODOdBCl#!encrypt#!13#!N+M\$"C:dpb#}#!encrypt#!12#!NQff{/Pfm\Yh#!encrypt#!2#!g
#!encrypt#!3#!68=#!encrypt#!7#!N~ff{/V#!encrypt#!9#!N~8DOdBCl#!encrypt#!13#!N+M\$"C:dpb#}#!encrypt#!12#!NQff{/Vfm\Yh#!encrypt#!2#!g
#!encrypt#!3#!68=#!encrypt#!7#!N~ff{/>#!encrypt#!9#!N~IDOdBCl#!encrypt#!13#!N+M\$"C:dpb#}#!encrypt#!12#!NQff{/>fm\Yh#!encrypt#!2#!g
#!encrypt#!3#!68=#!encrypt#!7#!N~ff{/]#!encrypt#!9#!N~oDOdBCl#!encrypt#!13#!N+M\$"C:dpb#}#!encrypt#!12#!NQff{/]fm\Yh#!encrypt#!2#!g
#!encrypt#!3#!68=#!encrypt#!7#!N~ff{/<#!encrypt#!9#!N~uDOdBCl#!encrypt#!13#!N+M\$"C:dpb#}#!encrypt#!12#!NQff{/<fm\Yh#!encrypt#!2#!g
#!encrypt#!3#!68=#!encrypt#!7#!N~ff{/J#!encrypt#!9#!N~ADOdBCl#!encrypt#!13#!N+M\$"C:dpb#}#!encrypt#!12#!NQff{/Jfm\Yh#!encrypt#!2#!g
#!encrypt#!3#!{t|#!encrypt#!5#!Nty"(#!encrypt#!6#!N8N_<^#!encrypt#!13#!N+M\$"C:dpb#}#!encrypt#!8#!No4;$KD\#!encrypt#!2#!g
#!encrypt#!3#!{t|#!encrypt#!8#!Nt0\#K(0#!encrypt#!6#!Nt<]2/#!encrypt#!13#!N+M\$"C:dpb#}#!encrypt#!7#!No0.$PM#!encrypt#!2#!g
#!encrypt#!3#!68=#!encrypt#!6#!Nt<]2/#!encrypt#!8#!N1fI\gC%#!encrypt#!13#!N+M\$"C:dpb#}#!encrypt#!11#!No<]2/_[Z.Y#!encrypt#!2#!g
#!encrypt#!3#!{t|#!encrypt#!6#!N8N_<^#!encrypt#!5#!N@y"(#!encrypt#!13#!N+M\$"C:dpb#}#!encrypt#!8#!N{4;$KD\#!encrypt#!2#!g
#!encrypt#!3#!68=#!encrypt#!8#!N{4;$KD\#!encrypt#!5#!N@M~x#!encrypt#!13#!N+M\$"C:dpb#}#!encrypt#!6#!N{Y_7?#!encrypt#!2#!g
#!encrypt#!3#!68=#!encrypt#!6#!N{Y_7?#!encrypt#!7#!N1fI<c|#!encrypt#!13#!N+M\$"C:dpb#}#!encrypt#!11#!N{Y_7?_[Z.Y#!encrypt#!2#!g
#!encrypt#!3#!{t|#!encrypt#!5#!NxM#$#!encrypt#!11#!N{Y_7?_[Z.Y#!encrypt#!13#!N+M\$"C:dpb#}#!encrypt#!11#!NcM#$=M0Pk4#!encrypt#!2#!g
#!encrypt#!3#!68=#!encrypt#!5#!N@M~x#!encrypt#!7#!N1fI<c|#!encrypt#!13#!N+M\$"C:dpb#}#!encrypt#!10#!N{M~x=o@_.#!encrypt#!2#!g
#!encrypt#!3#!68=#!encrypt#!8#!No4;$KD\#!encrypt#!10#!N{M~x=o@_.#!encrypt#!13#!N+M\$"C:dpb#}#!encrypt#!6#!NoY_7?#!encrypt#!2#!g
#!encrypt#!3#!68=#!encrypt#!6#!NoY_7?#!encrypt#!7#!N1fI<c|#!encrypt#!13#!N+M\$"C:dpb#}#!encrypt#!11#!NoY_7?_[Z.Y#!encrypt#!2#!g
#!encrypt#!3#!{t|#!encrypt#!5#!NxM#$#!encrypt#!11#!NoY_7?_[Z.Y#!encrypt#!13#!N+M\$"C:dpb#}#!encrypt#!11#!NcM#$=?0Pk4#!encrypt#!2#!g
#!encrypt#!3#!{t|#!encrypt#!9#!Nx4*C^*Fd#!encrypt#!6#!NZypB|#!encrypt#!13#!N+M\$"C:dpb#}#!encrypt#!10#!NkypB|_[1w#!encrypt#!2#!g
#!encrypt#!3#!68=#!encrypt#!6#!NZypB|#!encrypt#!9#!Nx4*C^*Fd#!encrypt#!13#!N+M\$"C:dpb#}#!encrypt#!12#!NkypB|_5ZS)^#!encrypt#!2#!g
#!encrypt#!3#!{t|#!encrypt#!6#!Nt<]2/#!encrypt#!7#!NVy!#\*#!encrypt#!13#!N+M\$"C:dpb#}#!encrypt#!7#!NMO&BXd#!encrypt#!2#!g
#!encrypt#!3#!{t|#!encrypt#!7#!NMO&BXd#!encrypt#!8#!N1fI\gC%#!encrypt#!13#!N+M\$"C:dpb#}#!encrypt#!12#!NXe]T%L@BX`##!encrypt#!2#!g
#!encrypt#!6#!)(>q64#!encrypt#!10#!N+y#$^+Fm/#!encrypt#!5#!N+mk$#!encrypt#!6#!Nt<]2/#!encrypt#!7#!NVy!#\*#!encrypt#!13#!N+M\$"C:dpb#}#!encrypt#!7#!NMt?LeP#!encrypt#!2#!g
#!encrypt#!3#!{t|#!encrypt#!7#!NMt?LeP#!encrypt#!8#!N1fI\gC%#!encrypt#!13#!N+M\$"C:dpb#}#!encrypt#!10#!NXe]T%Lo+X#!encrypt#!2#!g
#!encrypt#!3#!{t|#!encrypt#!7#!NjR9<c|#!encrypt#!11#!N{Y_7?_[Z.Y#!encrypt#!13#!N+M\$"C:dpb#}#!encrypt#!7#!NMIcJ|)#!encrypt#!2#!g
#!encrypt#!4#!{1}G#!encrypt#!7#!NMIcJ|)#!encrypt#!4#!N+fQ#!encrypt#!2#!Nd#!encrypt#!13#!N+M\$"C:dpb#}#!encrypt#!7#!NXg*Z"d#!encrypt#!2#!g
#!encrypt#!4#!{1}G#!encrypt#!7#!NMIcJ|)#!encrypt#!4#!N+fQ#!encrypt#!3#!Nf8#!encrypt#!13#!N+M\$"C:dpb#}#!encrypt#!7#!NXg*Z"V#!encrypt#!2#!g
#!encrypt#!4#!{1}G#!encrypt#!7#!NMIcJ|)#!encrypt#!4#!N+fQ#!encrypt#!4#!NIK&#!encrypt#!13#!N+M\$"C:dpb#}#!encrypt#!8#!NXg*Z"hW#!encrypt#!2#!g
#!encrypt#!3#!{t|#!encrypt#!9#!Nb L<c|%k#!encrypt#!8#!N~ff{/h]#!encrypt#!13#!N+M\$"C:dpb#}#!encrypt#!7#!NM&ONnV#!encrypt#!2#!g
#!encrypt#!4#!)b$q#!encrypt#!7#!NM&ONnV#!encrypt#!4#!N+0g#!encrypt#!5#!N;2&B#!encrypt#!11#!N+MxOZC5xjQ#!encrypt#!13#!N+M\$"C:dpb#}#!encrypt#!6#!NamPBC#!encrypt#!2#!g
#!encrypt#!6#!)(>q64#!encrypt#!9#!N+f#Y/Go%#!encrypt#!9#!Nb L<c|%k#!encrypt#!6#!NamPBC#!encrypt#!4#!N+-f#!encrypt#!2#!Nf#!encrypt#!13#!N+M\$"C:dpb#}#!encrypt#!7#!NXy#<=n#!encrypt#!2#!g
#!encrypt#!6#!)(>q64#!encrypt#!10#!N+y#$^+Fm/#!encrypt#!5#!N+mk$#!encrypt#!9#!Nb L<c|%k#!encrypt#!7#!NXy#<=n#!encrypt#!13#!N+M\$"C:dpb#}#!encrypt#!8#!NXy#<=7]#!encrypt#!2#!g
#!encrypt#!6#!)(>q64#!encrypt#!9#!N+f#Y/Go%#!encrypt#!8#!NXy#<=7]#!encrypt#!6#!NamPBC#!encrypt#!13#!N+M\$"C:dpb#}#!encrypt#!7#!NXy#<=7#!encrypt#!2#!g
#!encrypt#!3#!68=#!encrypt#!6#!NamPB|#!encrypt#!6#!NamPBC#!encrypt#!13#!N+M\$"C:dpb#}#!encrypt#!7#!NamPq%+#!encrypt#!2#!g
#!encrypt#!2#!k1#!encrypt#!9#!Nb L<c|%k#!encrypt#!10#!N~&&;^70]Y#!encrypt#!13#!N+M\$"C:dpb#}#!encrypt#!7#!NM&%r`P#!encrypt#!2#!g
#!encrypt#!3#!68=#!encrypt#!8#!N~ff{/hW#!encrypt#!7#!NM&%r`P#!encrypt#!13#!N+M\$"C:dpb#}#!encrypt#!13#!NQff{/hWUSAhX#!encrypt#!2#!g
#!encrypt#!2#!k1#!encrypt#!9#!Nb L<c|%k#!encrypt#!10#!N~&R;^70]Y#!encrypt#!13#!N+M\$"C:dpb#}#!encrypt#!7#!NMujQ|]#!encrypt#!2#!g
#!encrypt#!3#!68=#!encrypt#!8#!N~ff{/h]#!encrypt#!7#!NMujQ|]#!encrypt#!13#!N+M\$"C:dpb#}#!encrypt#!13#!NQff{/h]USAhX#!encrypt#!2#!g
#!encrypt#!3#!{t|#!encrypt#!13#!NQff{/hWUSAhX#!encrypt#!13#!NQff{/h]USAhX#!encrypt#!13#!N+M\$"C:dpb#}#!encrypt#!7#!NMAnred#!encrypt#!2#!g
#!encrypt#!6#!)(>q64#!encrypt#!10#!N+y#$^+Fm/#!encrypt#!9#!Nx4*C^*Fd#!encrypt#!7#!NMAnred#!encrypt#!13#!N+M\$"C:dpb#}#!encrypt#!8#!NXH_&wnl#!encrypt#!2#!g
#!encrypt#!3#!{t|#!encrypt#!9#!Nt:z<c|%k#!encrypt#!11#!NoY_7?_[Z.Y#!encrypt#!13#!N+M\$"C:dpb#}#!encrypt#!7#!NMIRQeV#!encrypt#!2#!g
#!encrypt#!3#!68=#!encrypt#!7#!NMIRQeV#!encrypt#!6#!Nt<]2/#!encrypt#!13#!N+M\$"C:dpb#}#!encrypt#!9#!Noh#q^|#+#!encrypt#!2#!g
#!encrypt#!3#!{t|#!encrypt#!5#!N@J\?#!encrypt#!11#!N{Y_7?_[Z.Y#!encrypt#!13#!N+M\$"C:dpb#}#!encrypt#!7#!NMAcr`]#!encrypt#!2#!g
#!encrypt#!3#!{t|#!encrypt#!7#!NMAcr`]#!encrypt#!9#!N@ !<c|%k#!encrypt#!13#!N+M\$"C:dpb#}#!encrypt#!9#!N{m*q^|#+#!encrypt#!2#!g
#!encrypt#!2#!k1#!encrypt#!9#!Nx4*C^*Fd#!encrypt#!9#!Nb L<c|%k#!encrypt#!13#!N+M\$"C:dpb#}#!encrypt#!7#!NMO%|0V#!encrypt#!2#!g
#!encrypt#!3#!68=#!encrypt#!6#!NZypB|#!encrypt#!7#!NMO%|0V#!encrypt#!13#!N+M\$"C:dpb#}#!encrypt#!12#!NkypB|_5Zm,m#!encrypt#!2#!g
#!encrypt#!5#!{tF`G#!encrypt#!5#!N+mk$#!encrypt#!10#!Nb LagC%ln#!encrypt#!6#!N+-fp~#!encrypt#!2#!N;#!encrypt#!3#!N[K#!encrypt#!13#!N+M\$"C:dpb#}#!encrypt#!7#!NM8%mCV#!encrypt#!2#!g
#!encrypt#!11#!@qFqqojsF>*#!encrypt#!7#!NM8%mCV#!encrypt#!12#!N+M\$dA0%#mR#!encrypt#!5#!N;2&B#!encrypt#!13#!N+M\$"C:dpb#}#!encrypt#!7#!NMoRL0>#!encrypt#!2#!g
#!encrypt#!3#!68=#!encrypt#!7#!NMoRL0>#!encrypt#!10#!Nb LagC%ln#!encrypt#!13#!N+M\$"C:dpb#}#!encrypt#!7#!NMAOLe]#!encrypt#!2#!g
#!encrypt#!6#!)(>q64#!encrypt#!8#!N+y#TKB\#!encrypt#!7#!NMAOLe]#!encrypt#!6#!NamPBC#!encrypt#!13#!N+M\$"C:dpb#}#!encrypt#!11#!NamPa=L#x/:#!encrypt#!2#!g
#!encrypt#!3#!{t|#!encrypt#!7#!NXy#<=n#!encrypt#!11#!NamPa=L#x/:#!encrypt#!13#!N+M\$"C:dpb#}#!encrypt#!11#!NamP{=L#x/:#!encrypt#!2#!g
#!encrypt#!3#!{t|#!encrypt#!7#!NXy#<=7#!encrypt#!11#!NamPa=L#x/:#!encrypt#!13#!N+M\$"C:dpb#}#!encrypt#!11#!NamPT=L#x/:#!encrypt#!2#!g
#!encrypt#!2#!k1#!encrypt#!6#!NamPB|#!encrypt#!6#!NamPBC#!encrypt#!13#!N+M\$"C:dpb#}#!encrypt#!7#!NMuOLXP#!encrypt#!2#!g
#!encrypt#!5#!58>q=#!encrypt#!7#!NMuOLXP#!encrypt#!7#!N+y#Z^+#!encrypt#!13#!N+M\$"C:dpb#}#!encrypt#!7#!NMu%BmV#!encrypt#!2#!g
#!encrypt#!6#!=(k9G3#!encrypt#!7#!NMu%BmV#!encrypt#!4#!N+-f#!encrypt#!3#!NIO#!encrypt#!13#!N+M\$"C:dpb#}#!encrypt#!9#!NamPqfGy%#!encrypt#!2#!g
#!encrypt#!3#!{t|#!encrypt#!6#!Nt<]2/#!encrypt#!11#!NoY_7?_[Z.Y#!encrypt#!13#!N+M\$"C:dpb#}#!encrypt#!7#!NMo7N|V#!encrypt#!2#!g
#!encrypt#!3#!{t|#!encrypt#!9#!Nt:z<c|%k#!encrypt#!5#!N@J\?#!encrypt#!13#!N+M\$"C:dpb#}#!encrypt#!7#!NMtcLmV#!encrypt#!2#!g
#!encrypt#!3#!68=#!encrypt#!7#!NMo7N|V#!encrypt#!7#!NMtcLmV#!encrypt#!13#!N+M\$"C:dpb#}#!encrypt#!5#!NoEp(#!encrypt#!2#!g
#!encrypt#!3#!68=#!encrypt#!11#!N{Y_7?_[Z.Y#!encrypt#!6#!Nt<]2/#!encrypt#!13#!N+M\$"C:dpb#}#!encrypt#!7#!NMI?||P#!encrypt#!2#!g
#!encrypt#!3#!68=#!encrypt#!7#!NMI?||P#!encrypt#!9#!N@ !<c|%k#!encrypt#!13#!N+M\$"C:dpb#}#!encrypt#!5#!N{Ep(#!encrypt#!2#!g
#!encrypt#!3#!{t|#!encrypt#!9#!Nq*(<c|%k#!encrypt#!6#!N8N_<^#!encrypt#!13#!N+M\$"C:dpb#}#!encrypt#!7#!NM87QI>#!encrypt#!2#!g
#!encrypt#!3#!{t|#!encrypt#!7#!NM87QI>#!encrypt#!10#!N8N_<^_:.L#!encrypt#!13#!N+M\$"C:dpb#}#!encrypt#!7#!NMo%|0<#!encrypt#!2#!g
#!encrypt#!3#!{t|#!encrypt#!7#!NMo%|0<#!encrypt#!5#!Nt+x$#!encrypt#!13#!N+M\$"C:dpb#}#!encrypt#!7#!NMoOBnJ#!encrypt#!2#!g
#!encrypt#!3#!68=#!encrypt#!7#!NMoOBnJ#!encrypt#!6#!Nt<]2/#!encrypt#!13#!N+M\$"C:dpb#}#!encrypt#!13#!NXmPK\_<5#Ym9#!encrypt#!2#!g
#!encrypt#!3#!68=#!encrypt#!7#!NM87QI>#!encrypt#!10#!N8N_<^_:.L#!encrypt#!13#!N+M\$"C:dpb#}#!encrypt#!7#!NMA%N0V#!encrypt#!2#!g
#!encrypt#!3#!{t|#!encrypt#!7#!NMA%N0V#!encrypt#!5#!Nt,x$#!encrypt#!13#!N+M\$"C:dpb#}#!encrypt#!7#!NMtnm|h#!encrypt#!2#!g
#!encrypt#!3#!68=#!encrypt#!7#!NMtnm|h#!encrypt#!6#!Nt<]2/#!encrypt#!13#!N+M\$"C:dpb#}#!encrypt#!10#!NXmPK\_K5/#!encrypt#!2#!g
#!encrypt#!3#!{t|#!encrypt#!7#!NMA%N0V#!encrypt#!5#!Nt-x$#!encrypt#!13#!N+M\$"C:dpb#}#!encrypt#!7#!NM&cNm]#!encrypt#!2#!g
#!encrypt#!3#!68=#!encrypt#!7#!NM&cNm]#!encrypt#!6#!Nt<]2/#!encrypt#!13#!N+M\$"C:dpb#}#!encrypt#!10#!NXmPK\_y5/#!encrypt#!2#!g
#!encrypt#!3#!{t|#!encrypt#!7#!NMA%N0V#!encrypt#!5#!Nt+x$#!encrypt#!13#!N+M\$"C:dpb#}#!encrypt#!6#!NM8&r0#!encrypt#!2#!g
#!encrypt#!3#!68=#!encrypt#!6#!NM8&r0#!encrypt#!6#!Nt<]2/#!encrypt#!13#!N+M\$"C:dpb#}#!encrypt#!10#!NXmPK\_55/#!encrypt#!2#!g
#!encrypt#!3#!{t|#!encrypt#!7#!NMA%N0V#!encrypt#!5#!N@,x$#!encrypt#!13#!N+M\$"C:dpb#}#!encrypt#!7#!NMIn|CJ#!encrypt#!2#!g
#!encrypt#!3#!{t|#!encrypt#!7#!NMIn|CJ#!encrypt#!6#!Nt<]2/#!encrypt#!13#!N+M\$"C:dpb#}#!encrypt#!10#!NXhPK\_K5/#!encrypt#!2#!g
#!encrypt#!3#!{t|#!encrypt#!7#!NMA%N0V#!encrypt#!5#!N@-x$#!encrypt#!13#!N+M\$"C:dpb#}#!encrypt#!7#!NM8cJ`V#!encrypt#!2#!g
#!encrypt#!3#!{t|#!encrypt#!7#!NM8cJ`V#!encrypt#!6#!Nt<]2/#!encrypt#!13#!N+M\$"C:dpb#}#!encrypt#!10#!NXhPK\_y5/#!encrypt#!2#!g
#!encrypt#!3#!68=#!encrypt#!6#!N8N_<^#!encrypt#!10#!N8N_<^_:.L#!encrypt#!13#!N+M\$"C:dpb#}#!encrypt#!7#!NMtcmIP#!encrypt#!2#!g
#!encrypt#!3#!{t|#!encrypt#!7#!NMtcmIP#!encrypt#!5#!N@M~x#!encrypt#!13#!N+M\$"C:dpb#}#!encrypt#!7#!NMIjm`V#!encrypt#!2#!g
#!encrypt#!3#!{t|#!encrypt#!7#!NMIjm`V#!encrypt#!5#!N@y"(#!encrypt#!13#!N+M\$"C:dpb#}#!encrypt#!7#!NMtu `K#!encrypt#!2#!g
#!encrypt#!3#!{t|#!encrypt#!7#!NMtu `K#!encrypt#!5#!N@,x$#!encrypt#!13#!N+M\$"C:dpb#}#!encrypt#!12#!NXh"`dh UhVe#!encrypt#!2#!g
#!encrypt#!3#!{t|#!encrypt#!7#!NMtu `K#!encrypt#!5#!N@-x$#!encrypt#!13#!N+M\$"C:dpb#}#!encrypt#!12#!NXh"`dh U_Ve#!encrypt#!2#!g
#!encrypt#!3#!{t|#!encrypt#!7#!NVy!#\*#!encrypt#!8#!No4;$KD\#!encrypt#!13#!N+M\$"C:dpb#}#!encrypt#!7#!NM&c|m<#!encrypt#!2#!g
#!encrypt#!3#!{t|#!encrypt#!7#!NM&c|m<#!encrypt#!7#!N1fI<c|#!encrypt#!13#!N+M\$"C:dpb#}#!encrypt#!7#!NMtOmC>#!encrypt#!2#!g
#!encrypt#!3#!68=#!encrypt#!7#!NMtOmC>#!encrypt#!6#!Nt<]2/#!encrypt#!13#!N+M\$"C:dpb#}#!encrypt#!12#!NXe]T%75xX4G#!encrypt#!2#!g
#!encrypt#!3#!{t|#!encrypt#!5#!N@M~x#!encrypt#!7#!NVy!#\*#!encrypt#!13#!N+M\$"C:dpb#}#!encrypt#!6#!NM8nN|#!encrypt#!2#!g
#!encrypt#!3#!{t|#!encrypt#!6#!NM8nN|#!encrypt#!5#!Nty"(#!encrypt#!13#!N+M\$"C:dpb#}#!encrypt#!6#!NM&O|X#!encrypt#!2#!g
#!encrypt#!3#!{t|#!encrypt#!6#!NM&O|X#!encrypt#!7#!N1fI<c|#!encrypt#!13#!N+M\$"C:dpb#}#!encrypt#!7#!NMIjLXd#!encrypt#!2#!g
#!encrypt#!3#!68=#!encrypt#!7#!NMIjLXd#!encrypt#!6#!Nt<]2/#!encrypt#!13#!N+M\$"C:dpb#}#!encrypt#!12#!NXe]T%75y\=R#!encrypt#!2#!g
#!encrypt#!3#!{t|#!encrypt#!7#!NMIjLXd#!encrypt#!6#!Nt<]2/#!encrypt#!13#!N+M\$"C:dpb#}#!encrypt#!15#!NXe]T%75y\=RG[E#!encrypt#!2#!g
#!encrypt#!3#!{t|#!encrypt#!7#!NVy!#\*#!encrypt#!8#!N{4;$KD\#!encrypt#!13#!N+M\$"C:dpb#}#!encrypt#!7#!NMucQ|P#!encrypt#!2#!g
#!encrypt#!3#!{t|#!encrypt#!7#!NMucQ|P#!encrypt#!7#!N1fI<c|#!encrypt#!13#!N+M\$"C:dpb#}#!encrypt#!5#!NM&u|#!encrypt#!2#!g
#!encrypt#!3#!{t|#!encrypt#!5#!NM&u|#!encrypt#!6#!Nt<]2/#!encrypt#!13#!N+M\$"C:dpb#}#!encrypt#!12#!NXe]T%7lxX4G#!encrypt#!2#!g
#!encrypt#!3#!{t|#!encrypt#!6#!NM8nN|#!encrypt#!5#!N@y"(#!encrypt#!13#!N+M\$"C:dpb#}#!encrypt#!7#!NMI& nK#!encrypt#!2#!g
#!encrypt#!3#!{t|#!encrypt#!7#!NMI& nK#!encrypt#!7#!N1fI<c|#!encrypt#!13#!N+M\$"C:dpb#}#!encrypt#!6#!NMOn e#!encrypt#!2#!g
#!encrypt#!3#!68=#!encrypt#!6#!NMOn e#!encrypt#!6#!Nt<]2/#!encrypt#!13#!N+M\$"C:dpb#}#!encrypt#!12#!NXe]T%7ly\=R#!encrypt#!2#!g
#!encrypt#!3#!{t|#!encrypt#!6#!NMOn e#!encrypt#!6#!Nt<]2/#!encrypt#!13#!N+M\$"C:dpb#}#!encrypt#!15#!NXe]T%7ly\=RG[E#!encrypt#!2#!g
#!encrypt#!6#!)(>q64#!encrypt#!10#!N+y#$^+Fm/#!encrypt#!5#!N+mk$#!encrypt#!8#!No4;$KD\#!encrypt#!7#!NVy!#\*#!encrypt#!13#!N+M\$"C:dpb#}#!encrypt#!7#!NMInNI>#!encrypt#!2#!g
#!encrypt#!3#!{t|#!encrypt#!7#!NMInNI>#!encrypt#!7#!N1fI<c|#!encrypt#!13#!N+M\$"C:dpb#}#!encrypt#!5#!NMOnQ#!encrypt#!2#!g
#!encrypt#!3#!68=#!encrypt#!5#!NMOnQ#!encrypt#!6#!Nt<]2/#!encrypt#!13#!N+M\$"C:dpb#}#!encrypt#!11#!NXe]Td?0Pk4#!encrypt#!2#!g
#!encrypt#!3#!68=#!encrypt#!5#!N@M~x#!encrypt#!7#!NVy!#\*#!encrypt#!13#!N+M\$"C:dpb#}#!encrypt#!7#!NMA&mXh#!encrypt#!2#!g
#!encrypt#!3#!{t|#!encrypt#!7#!NMA&mXh#!encrypt#!5#!Nty"(#!encrypt#!13#!N+M\$"C:dpb#}#!encrypt#!7#!NMOuBI>#!encrypt#!2#!g
#!encrypt#!3#!{t|#!encrypt#!7#!NMOuBI>#!encrypt#!7#!N1fI<c|#!encrypt#!13#!N+M\$"C:dpb#}#!encrypt#!7#!NM&%J`<#!encrypt#!2#!g
#!encrypt#!3#!68=#!encrypt#!7#!NM&%J`<#!encrypt#!6#!Nt<]2/#!encrypt#!13#!N+M\$"C:dpb#}#!encrypt#!11#!NXe]Td?lZ_b#!encrypt#!2#!g
#!encrypt#!3#!{t|#!encrypt#!7#!NM&%J`<#!encrypt#!6#!Nt<]2/#!encrypt#!13#!N+M\$"C:dpb#}#!encrypt#!14#!NXe]Td?lZ_bOXp#!encrypt#!2#!g
#!encrypt#!6#!)(>q64#!encrypt#!10#!N+y#$^+Fm/#!encrypt#!5#!N+mk$#!encrypt#!8#!N{4;$KD\#!encrypt#!7#!NVy!#\*#!encrypt#!13#!N+M\$"C:dpb#}#!encrypt#!7#!NMou|e>#!encrypt#!2#!g
#!encrypt#!3#!{t|#!encrypt#!7#!NMou|e>#!encrypt#!7#!N1fI<c|#!encrypt#!13#!N+M\$"C:dpb#}#!encrypt#!7#!NMtn|u<#!encrypt#!2#!g
#!encrypt#!3#!{t|#!encrypt#!7#!NMtn|u<#!encrypt#!6#!Nt<]2/#!encrypt#!13#!N+M\$"C:dpb#}#!encrypt#!11#!NXe]TdM0Pk4#!encrypt#!2#!g
#!encrypt#!3#!{t|#!encrypt#!7#!NMA&mXh#!encrypt#!5#!N@y"(#!encrypt#!13#!N+M\$"C:dpb#}#!encrypt#!6#!NMu%|X#!encrypt#!2#!g
#!encrypt#!3#!{t|#!encrypt#!6#!NMu%|X#!encrypt#!7#!N1fI<c|#!encrypt#!13#!N+M\$"C:dpb#}#!encrypt#!7#!NM87 0]#!encrypt#!2#!g
#!encrypt#!3#!68=#!encrypt#!7#!NM87 0]#!encrypt#!6#!Nt<]2/#!encrypt#!13#!N+M\$"C:dpb#}#!encrypt#!11#!NXe]TdMlZ_b#!encrypt#!2#!g
#!encrypt#!3#!{t|#!encrypt#!7#!NM87 0]#!encrypt#!6#!Nt<]2/#!encrypt#!13#!N+M\$"C:dpb#}#!encrypt#!14#!NXe]TdMlZ_bOXp#!encrypt#!2#!g
#!encrypt#!3#!{t|#!encrypt#!6#!NamPB|#!encrypt#!6#!NamPBC#!encrypt#!13#!N+M\$"C:dpb#}#!encrypt#!7#!NM87NuK#!encrypt#!2#!g
#!encrypt#!3#!{t|#!encrypt#!7#!NM87NuK#!encrypt#!7#!NXy#<=7#!encrypt#!13#!N+M\$"C:dpb#}#!encrypt#!7#!NMOnmnP#!encrypt#!2#!g
#!encrypt#!6#!)(>q64#!encrypt#!7#!N+EkVwa#!encrypt#!7#!NMOnmnP#!encrypt#!9#!NamPqfGy%#!encrypt#!13#!N+M\$"C:dpb#}#!encrypt#!7#!NM&n|nK#!encrypt#!2#!g
#!encrypt#!6#!)(>q64#!encrypt#!10#!N+y#$^+Fm/#!encrypt#!7#!NM&n|nK#!encrypt#!6#!NZypB|#!encrypt#!13#!N+M\$"C:dpb#}#!encrypt#!7#!NamPqw*#!encrypt#!2#!g
#!encrypt#!3#!{t|#!encrypt#!6#!NZypB|#!encrypt#!7#!NXy#<=7#!encrypt#!13#!N+M\$"C:dpb#}#!encrypt#!7#!NM&OQe<#!encrypt#!2#!g
#!encrypt#!3#!68=#!encrypt#!7#!NM&OQe<#!encrypt#!7#!NamPqw*#!encrypt#!13#!N+M\$"C:dpb#}#!encrypt#!13#!NamPq(AFUmGm{#!encrypt#!2#!g
#!encrypt#!3#!{t|#!encrypt#!6#!N8N_<^#!encrypt#!10#!N8N_<^_:.L#!encrypt#!13#!N+M\$"C:dpb#}#!encrypt#!7#!NMt7 `V#!encrypt#!2#!g
#!encrypt#!3#!{t|#!encrypt#!7#!NMt7 `V#!encrypt#!5#!N@M~x#!encrypt#!13#!N+M\$"C:dpb#}#!encrypt#!7#!NMAcJed#!encrypt#!2#!g
#!encrypt#!3#!{t|#!encrypt#!7#!NMAcJed#!encrypt#!5#!N@y"(#!encrypt#!13#!N+M\$"C:dpb#}#!encrypt#!7#!NMoO|n<#!encrypt#!2#!g
#!encrypt#!2#!k1#!encrypt#!8#!Nx4*mgC%#!encrypt#!7#!Nx4*<c|#!encrypt#!13#!N+M\$"C:dpb#}#!encrypt#!6#!NMuuNX#!encrypt#!2#!g
#!encrypt#!3#!68=#!encrypt#!7#!NMoO|n<#!encrypt#!6#!NMuuNX#!encrypt#!13#!N+M\$"C:dpb#}#!encrypt#!8#!NXh"`dd #!encrypt#!2#!g
#!encrypt#!5#!{tF`G#!encrypt#!5#!N+mk$#!encrypt#!7#!NamPqw*#!encrypt#!6#!N+-fp~#!encrypt#!2#!N;#!encrypt#!3#!N[K#!encrypt#!13#!N+M\$"C:dpb#}#!encrypt#!7#!NMI?|n]#!encrypt#!2#!g
#!encrypt#!11#!@qFqqojsF>*#!encrypt#!7#!NMI?|n]#!encrypt#!12#!N+M\$dA0%#mR#!encrypt#!4#!N;2R#!encrypt#!13#!N+M\$"C:dpb#}#!encrypt#!7#!NM&nrn>#!encrypt#!2#!g
#!encrypt#!3#!{t|#!encrypt#!7#!NM&nrn>#!encrypt#!6#!NamPB|#!encrypt#!13#!N+M\$"C:dpb#}#!encrypt#!7#!NMI7rud#!encrypt#!2#!g
#!encrypt#!12#!@qFqqNld\Ai/#!encrypt#!17#!N+qkK%o#xjYeGaXAt#!encrypt#!7#!NMI7rud#!encrypt#!9#!NamPqfGy%#!encrypt#!9#!N+M\$dA0%#!encrypt#!13#!N+M\$"C:dpb#}#!encrypt#!7#!NMb&rIJ#!encrypt#!2#!g
#!encrypt#!11#!@qFqqojsF>*#!encrypt#!7#!NMb&rIJ#!encrypt#!12#!N+M\$dA0%#mR#!encrypt#!4#!NIKR#!encrypt#!13#!N+M\$"C:dpb#}#!encrypt#!7#!NMOO m<#!encrypt#!2#!g
#!encrypt#!3#!{t|#!encrypt#!7#!NMOO m<#!encrypt#!9#!NamPqfGy%#!encrypt#!13#!N+M\$"C:dpb#}#!encrypt#!8#!NamPqZn0#!encrypt#!2#!g
#!encrypt#!3#!68=#!encrypt#!5#!N}p~>#!encrypt#!7#!No0.$PM#!encrypt#!13#!N+M\$"C:dpb#}#!encrypt#!7#!NM&7B`P#!encrypt#!2#!g
#!encrypt#!4#!)b$q#!encrypt#!5#!N@J\?#!encrypt#!4#!N+0g#!encrypt#!7#!N+K}r|h#!encrypt#!13#!N+M\$"C:dpb#}#!encrypt#!7#!NMujQ|h#!encrypt#!2#!g
#!encrypt#!3#!68=#!encrypt#!5#!N@J\?#!encrypt#!7#!NMujQ|h#!encrypt#!13#!N+M\$"C:dpb#}#!encrypt#!6#!NMo7 m#!encrypt#!2#!g
#!encrypt#!3#!68=#!encrypt#!7#!NM&7B`P#!encrypt#!6#!NMo7 m#!encrypt#!13#!N+M\$"C:dpb#}#!encrypt#!11#!N{J\?d*>1/,#!encrypt#!2#!g
#!encrypt#!3#!{t|#!encrypt#!7#!NMIjm`V#!encrypt#!5#!Nty"(#!encrypt#!13#!N+M\$"C:dpb#}#!encrypt#!7#!NMuuLmd#!encrypt#!2#!g
#!encrypt#!3#!{t|#!encrypt#!7#!NMuuLmd#!encrypt#!5#!Nt+x$#!encrypt#!13#!N+M\$"C:dpb#}#!encrypt#!7#!NMo&BXK#!encrypt#!2#!g
#!encrypt#!3#!68=#!encrypt#!7#!NMo&BXK#!encrypt#!5#!Nt,x$#!encrypt#!13#!N+M\$"C:dpb#}#!encrypt#!7#!NMtRmu<#!encrypt#!2#!g
#!encrypt#!3#!68=#!encrypt#!7#!NMtRmu<#!encrypt#!8#!Nt0\#K(0#!encrypt#!13#!N+M\$"C:dpb#}#!encrypt#!16#!NXm"`d_]J#Yn9<y #!encrypt#!2#!g
#!encrypt#!3#!{t|#!encrypt#!7#!NMAcJed#!encrypt#!5#!Nty"(#!encrypt#!13#!N+M\$"C:dpb#}#!encrypt#!7#!NM&7BX>#!encrypt#!2#!g
#!encrypt#!3#!{t|#!encrypt#!7#!NM&7BX>#!encrypt#!5#!Nt+x$#!encrypt#!13#!N+M\$"C:dpb#}#!encrypt#!7#!NM&?QXh#!encrypt#!2#!g
#!encrypt#!3#!68=#!encrypt#!7#!NM&?QXh#!encrypt#!5#!Nt,x$#!encrypt#!13#!N+M\$"C:dpb#}#!encrypt#!7#!NM&&JnJ#!encrypt#!2#!g
#!encrypt#!3#!68=#!encrypt#!7#!NM&&JnJ#!encrypt#!8#!Nt0\#K(0#!encrypt#!13#!N+M\$"C:dpb#}#!encrypt#!16#!NXm"`d_<W#Yn9<y #!encrypt#!2#!g
#!encrypt#!3#!{t|#!encrypt#!7#!NMA%N0V#!encrypt#!5#!N@y"(#!encrypt#!13#!N+M\$"C:dpb#}#!encrypt#!7#!NMInreh#!encrypt#!2#!g
#!encrypt#!3#!68=#!encrypt#!7#!NMInreh#!encrypt#!5#!N@-x$#!encrypt#!13#!N+M\$"C:dpb#}#!encrypt#!7#!NMtcrC]#!encrypt#!2#!g
#!encrypt#!3#!68=#!encrypt#!7#!NMtcrC]#!encrypt#!5#!N@,x$#!encrypt#!13#!N+M\$"C:dpb#}#!encrypt#!7#!NM&%Bn>#!encrypt#!2#!g
#!encrypt#!3#!{t|#!encrypt#!7#!NM&%Bn>#!encrypt#!6#!Nt<]2/#!encrypt#!13#!N+M\$"C:dpb#}#!encrypt#!6#!NXhPK\#!encrypt#!2#!g
#!encrypt#!3#!{t|#!encrypt#!7#!NMo%|0<#!encrypt#!5#!N@y"(#!encrypt#!13#!N+M\$"C:dpb#}#!encrypt#!7#!NM&jB0h#!encrypt#!2#!g
#!encrypt#!3#!68=#!encrypt#!7#!NM&jB0h#!encrypt#!5#!N@-x$#!encrypt#!13#!N+M\$"C:dpb#}#!encrypt#!7#!NMOcmnK#!encrypt#!2#!g
#!encrypt#!3#!68=#!encrypt#!7#!NMOcmnK#!encrypt#!5#!N@,x$#!encrypt#!13#!N+M\$"C:dpb#}#!encrypt#!5#!NMAR|#!encrypt#!2#!g
#!encrypt#!3#!{t|#!encrypt#!5#!NMAR|#!encrypt#!6#!Nt<]2/#!encrypt#!13#!N+M\$"C:dpb#}#!encrypt#!9#!NXhPK\_<5#!encrypt#!2#!g
#!encrypt#!4#!)b$q#!encrypt#!10#!Nb LagC%ln#!encrypt#!4#!N+0g#!encrypt#!2#!NG#!encrypt#!13#!N+M\$"C:dpb#}#!encrypt#!7#!NMo&anh#!encrypt#!2#!g
#!encrypt#!4#!)b$q#!encrypt#!9#!Nb L<c|%k#!encrypt#!4#!N+0g#!encrypt#!3#!N+&#!encrypt#!13#!N+M\$"C:dpb#}#!encrypt#!7#!NMIjJXP#!encrypt#!2#!g
#!encrypt#!3#!68=#!encrypt#!7#!NMo&anh#!encrypt#!7#!NMIjJXP#!encrypt#!13#!N+M\$"C:dpb#}#!encrypt#!7#!NMtjm`d#!encrypt#!2#!g
#!encrypt#!3#!{t|#!encrypt#!9#!Nb L<c|%k#!encrypt#!7#!NMtjm`d#!encrypt#!13#!N+M\$"C:dpb#}#!encrypt#!7#!NM&uJXP#!encrypt#!2#!g
#!encrypt#!3#!68=#!encrypt#!7#!NM&uJXP#!encrypt#!6#!NamPBC#!encrypt#!13#!N+M\$"C:dpb#}#!encrypt#!7#!NMoOJmJ#!encrypt#!2#!g
#!encrypt#!12#!@qFqqNld\Ai/#!encrypt#!17#!N+qkK%o#xjYeGaXAt#!encrypt#!6#!NamPBC#!encrypt#!7#!NMoOJmJ#!encrypt#!9#!N+M\$dA0%#!encrypt#!13#!N+M\$"C:dpb#}#!encrypt#!7#!NM8& eh#!encrypt#!2#!g
#!encrypt#!11#!@qFqqojsF>*#!encrypt#!7#!NM8& eh#!encrypt#!11#!N+y#TKB\U;b#!encrypt#!6#!N;2&rC#!encrypt#!13#!N+M\$"C:dpb#}#!encrypt#!7#!NM&nJCJ#!encrypt#!2#!g
#!encrypt#!6#!)(>q64#!encrypt#!10#!N+y#$^+Fm/#!encrypt#!6#!NamPBC#!encrypt#!7#!NM&nJCJ#!encrypt#!13#!N+M\$"C:dpb#}#!encrypt#!7#!NMbONI)#!encrypt#!2#!g
#!encrypt#!6#!)(>q64#!encrypt#!10#!N+y#$^+Fm/#!encrypt#!7#!NMoOJmJ#!encrypt#!7#!NMbONI)#!encrypt#!4#!N+fQ#!encrypt#!2#!Nf#!encrypt#!13#!N+M\$"C:dpb#}#!encrypt#!9#!NamPa=7l:#!encrypt#!2#!g
#!encrypt#!6#!)(>q64#!encrypt#!7#!N+EkVwa#!encrypt#!7#!NamPq%+#!encrypt#!10#!Nb LagC%ln#!encrypt#!13#!N+M\$"C:dpb#}#!encrypt#!7#!NMIuJmK#!encrypt#!2#!g
#!encrypt#!5#!{tF`G#!encrypt#!5#!N+mk$#!encrypt#!7#!NMIuJmK#!encrypt#!6#!N+-fp~#!encrypt#!2#!N;#!encrypt#!3#!N[K#!encrypt#!13#!N+M\$"C:dpb#}#!encrypt#!7#!NMocr0>#!encrypt#!2#!g
#!encrypt#!11#!@qFqqojsF>*#!encrypt#!7#!NMocr0>#!encrypt#!12#!N+M\$dA0%#mR#!encrypt#!5#!N;2&B#!encrypt#!13#!N+M\$"C:dpb#}#!encrypt#!7#!NMARQ|J#!encrypt#!2#!g
#!encrypt#!3#!68=#!encrypt#!7#!NMARQ|J#!encrypt#!6#!NamPBC#!encrypt#!13#!N+M\$"C:dpb#}#!encrypt#!7#!NM&?B0<#!encrypt#!2#!g
#!encrypt#!3#!68=#!encrypt#!7#!NM&?B0<#!encrypt#!6#!NamPB|#!encrypt#!13#!N+M\$"C:dpb#}#!encrypt#!7#!NMb%L`>#!encrypt#!2#!g
#!encrypt#!6#!=(k9G3#!encrypt#!7#!NMb%L`>#!encrypt#!4#!N+-f#!encrypt#!2#!NG#!encrypt#!13#!N+M\$"C:dpb#}#!encrypt#!11#!NamPa=7l1S,#!encrypt#!2#!g
#!encrypt#!3#!{t|#!encrypt#!7#!NXy#<=n#!encrypt#!9#!NamPqfGy%#!encrypt#!13#!N+M\$"C:dpb#}#!encrypt#!7#!NMIuB0h#!encrypt#!2#!g
#!encrypt#!4#!)b$q#!encrypt#!7#!NMIuB0h#!encrypt#!4#!N+0g#!encrypt#!4#!N;2R#!encrypt#!13#!N+M\$"C:dpb#}#!encrypt#!6#!NM&7|u#!encrypt#!2#!g
#!encrypt#!11#!@qFqqojsF>*#!encrypt#!6#!NM&7|u#!encrypt#!11#!N+y#TKB\U;b#!encrypt#!4#!N;2R#!encrypt#!13#!N+M\$"C:dpb#}#!encrypt#!7#!NMunLm>#!encrypt#!2#!g
#!encrypt#!3#!68=#!encrypt#!6#!NM&7|u#!encrypt#!7#!NMIuB0h#!encrypt#!13#!N+M\$"C:dpb#}#!encrypt#!7#!NMInm0)#!encrypt#!2#!g
#!encrypt#!3#!68=#!encrypt#!7#!NMInm0)#!encrypt#!7#!NMunLm>#!encrypt#!13#!N+M\$"C:dpb#}#!encrypt#!7#!NMtc mh#!encrypt#!2#!g
#!encrypt#!5#!{tF`G#!encrypt#!5#!N+mk$#!encrypt#!7#!NMtc mh#!encrypt#!6#!N+-fp~#!encrypt#!2#!N;#!encrypt#!3#!N[K#!encrypt#!13#!N+M\$"C:dpb#}#!encrypt#!7#!NMu%ruJ#!encrypt#!2#!g
#!encrypt#!11#!@qFqqojsF>*#!encrypt#!7#!NMu%ruJ#!encrypt#!12#!N+M\$dA0%#mR#!encrypt#!4#!NIKR#!encrypt#!13#!N+M\$"C:dpb#}#!encrypt#!7#!NMt%aI>#!encrypt#!2#!g
#!encrypt#!2#!k1#!encrypt#!7#!NMt%aI>#!encrypt#!7#!NMtc mh#!encrypt#!13#!N+M\$"C:dpb#}#!encrypt#!7#!NM&O 0h#!encrypt#!2#!g
#!encrypt#!3#!{t|#!encrypt#!7#!NM&O 0h#!encrypt#!9#!NamPqfGy%#!encrypt#!13#!N+M\$"C:dpb#}#!encrypt#!7#!NM&&aud#!encrypt#!2#!g
#!encrypt#!5#!{tF`G#!encrypt#!7#!NM&&aud#!encrypt#!6#!N+-fp~#!encrypt#!2#!N;#!encrypt#!3#!N[K#!encrypt#!13#!N+M\$"C:dpb#}#!encrypt#!7#!NMt?NmV#!encrypt#!2#!g
#!encrypt#!11#!@qFqqojsF>*#!encrypt#!7#!NMt?NmV#!encrypt#!11#!N+y#TKB\U;b#!encrypt#!6#!N;2&rC#!encrypt#!13#!N+M\$"C:dpb#}#!encrypt#!7#!NMAjJeh#!encrypt#!2#!g
#!encrypt#!6#!)(>q64#!encrypt#!10#!N+y#$^+Fm/#!encrypt#!5#!N+mk$#!encrypt#!7#!NM&&aud#!encrypt#!7#!NMAjJeh#!encrypt#!13#!N+M\$"C:dpb#}#!encrypt#!7#!NMIcJuJ#!encrypt#!2#!g
#!encrypt#!4#!{1}G#!encrypt#!7#!NMIcJuJ#!encrypt#!4#!N+`f#!encrypt#!4#!N;2c#!encrypt#!13#!N+M\$"C:dpb#}#!encrypt#!9#!NamP{=+Fx#!encrypt#!2#!g
#!encrypt#!3#!{t|#!encrypt#!7#!NMA%N0V#!encrypt#!5#!Nty"(#!encrypt#!13#!N+M\$"C:dpb#}#!encrypt#!7#!NMtRQu)#!encrypt#!2#!g
#!encrypt#!3#!68=#!encrypt#!7#!NMtRQu)#!encrypt#!5#!Nt-x$#!encrypt#!13#!N+M\$"C:dpb#}#!encrypt#!7#!NM&nruK#!encrypt#!2#!g
#!encrypt#!3#!68=#!encrypt#!7#!NM&nruK#!encrypt#!5#!Nt,x$#!encrypt#!13#!N+M\$"C:dpb#}#!encrypt#!6#!NMOO `#!encrypt#!2#!g
#!encrypt#!3#!68=#!encrypt#!6#!NMOO `#!encrypt#!5#!Nt+x$#!encrypt#!13#!N+M\$"C:dpb#}#!encrypt#!6#!NMuOBm#!encrypt#!2#!g
#!encrypt#!3#!68=#!encrypt#!6#!NMuOBm#!encrypt#!6#!Nt<]2/#!encrypt#!13#!N+M\$"C:dpb#}#!encrypt#!6#!NXmPK\#!encrypt#!2#!g
#!encrypt#!3#!{t|#!encrypt#!7#!NMo%|0<#!encrypt#!5#!Nty"(#!encrypt#!13#!N+M\$"C:dpb#}#!encrypt#!7#!NM8jLeJ#!encrypt#!2#!g
#!encrypt#!3#!68=#!encrypt#!7#!NM8jLeJ#!encrypt#!5#!Nt-x$#!encrypt#!13#!N+M\$"C:dpb#}#!encrypt#!7#!NM&cmuV#!encrypt#!2#!g
#!encrypt#!3#!68=#!encrypt#!7#!NM&cmuV#!encrypt#!5#!Nt,x$#!encrypt#!13#!N+M\$"C:dpb#}#!encrypt#!7#!NMu%BCJ#!encrypt#!2#!g
#!encrypt#!3#!68=#!encrypt#!7#!NMu%BCJ#!encrypt#!5#!Nt+x$#!encrypt#!13#!N+M\$"C:dpb#}#!encrypt#!7#!NM8&meP#!encrypt#!2#!g
#!encrypt#!3#!68=#!encrypt#!7#!NM8&meP#!encrypt#!6#!Nt<]2/#!encrypt#!13#!N+M\$"C:dpb#}#!encrypt#!9#!NXmPK\_<5#!encrypt#!2#!g
#!encrypt#!3#!{t|#!encrypt#!7#!NMuuLmd#!encrypt#!5#!Nt,x$#!encrypt#!13#!N+M\$"C:dpb#}#!encrypt#!7#!NMu%N`<#!encrypt#!2#!g
#!encrypt#!2#!k1#!encrypt#!5#!Nt-x$#!encrypt#!5#!Nt+x$#!encrypt#!13#!N+M\$"C:dpb#}#!encrypt#!7#!NMOur|J#!encrypt#!2#!g
#!encrypt#!2#!k1#!encrypt#!7#!NMOur|J#!encrypt#!8#!Nt0\#K(0#!encrypt#!13#!N+M\$"C:dpb#}#!encrypt#!7#!NM&O|m>#!encrypt#!2#!g
#!encrypt#!3#!68=#!encrypt#!7#!NMu%N`<#!encrypt#!7#!NM&O|m>#!encrypt#!13#!N+M\$"C:dpb#}#!encrypt#!12#!NXm"`dh UhVe#!encrypt#!2#!g
#!encrypt#!3#!{t|#!encrypt#!7#!NMuuLmd#!encrypt#!5#!Nt-x$#!encrypt#!13#!N+M\$"C:dpb#}#!encrypt#!7#!NMuOQ0P#!encrypt#!2#!g
#!encrypt#!2#!k1#!encrypt#!5#!Nt,x$#!encrypt#!5#!Nt+x$#!encrypt#!13#!N+M\$"C:dpb#}#!encrypt#!7#!NMt?r0V#!encrypt#!2#!g
#!encrypt#!2#!k1#!encrypt#!7#!NMt?r0V#!encrypt#!8#!Nt0\#K(0#!encrypt#!13#!N+M\$"C:dpb#}#!encrypt#!7#!NMIcmnh#!encrypt#!2#!g
#!encrypt#!3#!68=#!encrypt#!7#!NMuOQ0P#!encrypt#!7#!NMIcmnh#!encrypt#!13#!N+M\$"C:dpb#}#!encrypt#!12#!NXm"`dh U_Ve#!encrypt#!2#!g
#!encrypt#!3#!68=#!encrypt#!7#!NMuuLmd#!encrypt#!5#!Nt+x$#!encrypt#!13#!N+M\$"C:dpb#}#!encrypt#!7#!NMt?Neh#!encrypt#!2#!g
#!encrypt#!3#!68=#!encrypt#!7#!NMt?Neh#!encrypt#!5#!Nt,x$#!encrypt#!13#!N+M\$"C:dpb#}#!encrypt#!7#!NMo&|0P#!encrypt#!2#!g
#!encrypt#!3#!68=#!encrypt#!7#!NMo&|0P#!encrypt#!8#!Nt0\#K(0#!encrypt#!13#!N+M\$"C:dpb#}#!encrypt#!6#!NMu?m|#!encrypt#!2#!g
#!encrypt#!3#!{t|#!encrypt#!7#!Nx4*<c|#!encrypt#!6#!NMu?m|#!encrypt#!13#!N+M\$"C:dpb#}#!encrypt#!11#!NXm"`doFyvV#!encrypt#!2#!g
#!encrypt#!3#!68=#!encrypt#!7#!NM&7BX>#!encrypt#!5#!Nt+x$#!encrypt#!13#!N+M\$"C:dpb#}#!encrypt#!7#!NM8? IP#!encrypt#!2#!g
#!encrypt#!3#!68=#!encrypt#!7#!NM8? IP#!encrypt#!5#!Nt,x$#!encrypt#!13#!N+M\$"C:dpb#}#!encrypt#!7#!NM8?Q|P#!encrypt#!2#!g
#!encrypt#!3#!68=#!encrypt#!7#!NM8?Q|P#!encrypt#!8#!Nt0\#K(0#!encrypt#!13#!N+M\$"C:dpb#}#!encrypt#!7#!NMI7me)#!encrypt#!2#!g
#!encrypt#!3#!{t|#!encrypt#!7#!Nx4*<c|#!encrypt#!7#!NMI7me)#!encrypt#!13#!N+M\$"C:dpb#}#!encrypt#!11#!NXm"`doFyDV#!encrypt#!2#!g
#!encrypt#!2#!k1#!encrypt#!5#!N@,x$#!encrypt#!5#!N@-x$#!encrypt#!13#!N+M\$"C:dpb#}#!encrypt#!7#!NMt&L0]#!encrypt#!2#!g
#!encrypt#!2#!k1#!encrypt#!7#!Nx4*<c|#!encrypt#!7#!NMt&L0]#!encrypt#!13#!N+M\$"C:dpb#}#!encrypt#!7#!NMujQ0d#!encrypt#!2#!g
#!encrypt#!2#!k1#!encrypt#!8#!Nx4*mgC%#!encrypt#!7#!NMujQ0d#!encrypt#!13#!N+M\$"C:dpb#}#!encrypt#!7#!NMu?B0J#!encrypt#!2#!g
#!encrypt#!3#!68=#!encrypt#!7#!NMtu `K#!encrypt#!7#!NMu?B0J#!encrypt#!13#!N+M\$"C:dpb#}#!encrypt#!8#!NXh"`dh #!encrypt#!2#!g
#!encrypt#!3#!68=#!encrypt#!7#!NMtu `K#!encrypt#!5#!Nt+x$#!encrypt#!13#!N+M\$"C:dpb#}#!encrypt#!6#!NM8&B`#!encrypt#!2#!g
#!encrypt#!3#!68=#!encrypt#!6#!NM8&B`#!encrypt#!5#!Nt,x$#!encrypt#!13#!N+M\$"C:dpb#}#!encrypt#!7#!NMtcQmV#!encrypt#!2#!g
#!encrypt#!3#!68=#!encrypt#!7#!NMtcQmV#!encrypt#!8#!Nt0\#K(0#!encrypt#!13#!N+M\$"C:dpb#}#!encrypt#!7#!NMbcBe)#!encrypt#!2#!g
#!encrypt#!3#!{t|#!encrypt#!7#!Nx4*<c|#!encrypt#!7#!NMbcBe)#!encrypt#!13#!N+M\$"C:dpb#}#!encrypt#!11#!NXh"`doFyvV#!encrypt#!2#!g
#!encrypt#!3#!68=#!encrypt#!7#!NMoO|n<#!encrypt#!5#!Nt+x$#!encrypt#!13#!N+M\$"C:dpb#}#!encrypt#!6#!NMOnr0#!encrypt#!2#!g
#!encrypt#!3#!68=#!encrypt#!6#!NMOnr0#!encrypt#!5#!Nt,x$#!encrypt#!13#!N+M\$"C:dpb#}#!encrypt#!7#!NM&ja|]#!encrypt#!2#!g
#!encrypt#!3#!68=#!encrypt#!7#!NM&ja|]#!encrypt#!8#!Nt0\#K(0#!encrypt#!13#!N+M\$"C:dpb#}#!encrypt#!7#!NMonNmh#!encrypt#!2#!g
#!encrypt#!3#!{t|#!encrypt#!7#!Nx4*<c|#!encrypt#!7#!NMonNmh#!encrypt#!13#!N+M\$"C:dpb#}#!encrypt#!11#!NXh"`doFyDV#!encrypt#!2#!g
#!encrypt#!3#!68=#!encrypt#!7#!NMI7me)#!encrypt#!6#!NMuuNX#!encrypt#!13#!N+M\$"C:dpb#}#!encrypt#!9#!NXm"`d_<W#!encrypt#!2#!g
#!encrypt#!2#!k1#!encrypt#!7#!NMt?r0V#!encrypt#!5#!Nt-x$#!encrypt#!13#!N+M\$"C:dpb#}#!encrypt#!7#!NMO&BuP#!encrypt#!2#!g
#!encrypt#!2#!k1#!encrypt#!7#!NMO&BuP#!encrypt#!8#!Nt0\#K(0#!encrypt#!13#!N+M\$"C:dpb#}#!encrypt#!7#!NMoRmnh#!encrypt#!2#!g
#!encrypt#!2#!k1#!encrypt#!7#!Nx4*<c|#!encrypt#!7#!NMoRmnh#!encrypt#!13#!N+M\$"C:dpb#}#!encrypt#!7#!NMbnBI)#!encrypt#!2#!g
#!encrypt#!2#!k1#!encrypt#!8#!Nx4*mgC%#!encrypt#!7#!NMbnBI)#!encrypt#!13#!N+M\$"C:dpb#}#!encrypt#!7#!NMtjLu>#!encrypt#!2#!g
#!encrypt#!3#!68=#!encrypt#!7#!NMuuLmd#!encrypt#!7#!NMtjLu>#!encrypt#!13#!N+M\$"C:dpb#}#!encrypt#!8#!NXm"`dh #!encrypt#!2#!g
#!encrypt#!7#!b8 zGh{#!encrypt#!8#!NjM#<"n0#!encrypt#!13#!NQff{/h]USAhX#!encrypt#!4#!N+0g#!encrypt#!7#!N}h.$PM#!encrypt#!2#!g
#!encrypt#!7#!b8 zGh{#!encrypt#!6#!NamPBC#!encrypt#!13#!NQff{/h]USAhX#!encrypt#!2#!g
#!encrypt#!7#!b8 zGh{#!encrypt#!13#!NQff{/h]USAhX#!encrypt#!9#!Nx4*C^*Fd#!encrypt#!4#!N+0g#!encrypt#!10#!NkypB|_[1w#!encrypt#!2#!g
#!encrypt#!7#!b8 zGh{#!encrypt#!13#!NQff{/h]USAhX#!encrypt#!13#!NQff{/hWUSAhX#!encrypt#!4#!N+0g#!encrypt#!12#!NkypB|_5ZS)^#!encrypt#!2#!g
#!encrypt#!7#!b8 zGh{#!encrypt#!6#!NamPBC#!encrypt#!6#!NamPB|#!encrypt#!4#!N+0g#!encrypt#!13#!NamPq(AFUmGm{#!encrypt#!2#!g
#!encrypt#!7#!b8 zGh{#!encrypt#!13#!NQff{/h]USAhX#!encrypt#!13#!NQff{/hWUSAhX#!encrypt#!4#!N+0g#!encrypt#!12#!NkypB|_5Zm,m#!encrypt#!2#!g
#!encrypt#!7#!b8 zGh{#!encrypt#!7#!NamPqw*#!encrypt#!6#!NamPB|#!encrypt#!2#!g
#!encrypt#!7#!b8 zGh{#!encrypt#!6#!NamPB|#!encrypt#!13#!NQff{/hWUSAhX#!encrypt#!2#!g
#!encrypt#!7#!b8 zGh{#!encrypt#!13#!NQff{/hWUSAhX#!encrypt#!12#!NQff{/Jfm\Yh#!encrypt#!4#!N+0g#!encrypt#!5#!NZyp #!encrypt#!2#!g
#!encrypt#!7#!b8 zGh{#!encrypt#!12#!NQff{/Jfm\Yh#!encrypt#!12#!NQff{/<fm\Yh#!encrypt#!4#!N+0g#!encrypt#!5#!NZypJ#!encrypt#!2#!g
#!encrypt#!7#!b8 zGh{#!encrypt#!12#!NQff{/<fm\Yh#!encrypt#!12#!NQff{/]fm\Yh#!encrypt#!4#!N+0g#!encrypt#!5#!NZyp|#!encrypt#!2#!g
#!encrypt#!7#!b8 zGh{#!encrypt#!12#!NQff{/]fm\Yh#!encrypt#!12#!NQff{/>fm\Yh#!encrypt#!4#!N+0g#!encrypt#!5#!NZypQ#!encrypt#!2#!g
#!encrypt#!7#!b8 zGh{#!encrypt#!12#!NQff{/>fm\Yh#!encrypt#!12#!NQff{/Vfm\Yh#!encrypt#!4#!N+0g#!encrypt#!5#!NZypL#!encrypt#!2#!g
#!encrypt#!7#!b8 zGh{#!encrypt#!12#!NQff{/Vfm\Yh#!encrypt#!12#!NQff{/Pfm\Yh#!encrypt#!4#!N+0g#!encrypt#!5#!NZypN#!encrypt#!2#!g
#!encrypt#!7#!b8 zGh{#!encrypt#!12#!NQff{/Pfm\Yh#!encrypt#!12#!NQff{/)fm\Yh#!encrypt#!4#!N+0g#!encrypt#!5#!NZypm#!encrypt#!2#!g
#!encrypt#!7#!b8 zGh{#!encrypt#!12#!NQff{/)fm\Yh#!encrypt#!12#!NQff{/dfm\Yh#!encrypt#!4#!N+0g#!encrypt#!5#!NZypa#!encrypt#!2#!g
#!encrypt#!7#!b8 zGh{#!encrypt#!12#!NQff{/dfm\Yh#!encrypt#!12#!NQff{/hfm\Yh#!encrypt#!4#!N+0g#!encrypt#!5#!NZypB#!encrypt#!2#!g
#!encrypt#!7#!b8 zGh{#!encrypt#!12#!NQff{/hfm\Yh#!encrypt#!10#!N{M~x=o@_.#!encrypt#!4#!N+0g#!encrypt#!10#!NcM#$=M@dn#!encrypt#!2#!g
#!encrypt#!7#!b8 zGh{#!encrypt#!12#!NQff{/hfm\Yh#!encrypt#!11#!N{Y_7?_[Z.Y#!encrypt#!4#!N+0g#!encrypt#!11#!NcM#$=M0Pk4#!encrypt#!2#!g
#!encrypt#!7#!b8 zGh{#!encrypt#!12#!NQff{/hfm\Yh#!encrypt#!9#!Noh#q^|#+#!encrypt#!4#!N+0g#!encrypt#!11#!NcM#$=?0Pk4#!encrypt#!2#!g
#!encrypt#!7#!b8 zGh{#!encrypt#!12#!NQff{/hfm\Yh#!encrypt#!11#!NoY_7?_[Z.Y#!encrypt#!4#!N+0g#!encrypt#!11#!NcM#$=?0Pk4#!encrypt#!2#!g
#!encrypt#!7#!b8 zGh{#!encrypt#!12#!NQff{/hfm\Yh#!encrypt#!9#!N{m*q^|#+#!encrypt#!4#!N+0g#!encrypt#!11#!NcM#$=M0Pk4#!encrypt#!2#!g
#!encrypt#!8#!)xwzeo9Y#!encrypt#!11#!N{Y_7?_[Z.Y#!encrypt#!11#!N{J\?d*>1/,#!encrypt#!4#!N+0g#!encrypt#!5#!N{Ep(#!encrypt#!2#!g
#!encrypt#!11#!+ZG.=R&Y C$#!encrypt#!11#!N{J\?d*>1/,#!encrypt#!6#!N+Eg(^#!encrypt#!8#!NcM#$Po:#!encrypt#!2#!g
#!encrypt#!8#!)xwzeo9Y#!encrypt#!11#!NoY_7?_[Z.Y#!encrypt#!11#!No<]2/_[Z.Y#!encrypt#!4#!N+0g#!encrypt#!5#!NoEp(#!encrypt#!2#!g
#!encrypt#!11#!+ZG.=R&Y C$#!encrypt#!11#!No<]2/_[Z.Y#!encrypt#!6#!N+Eg(^#!encrypt#!8#!NcM#$Po:#!encrypt#!2#!g
#!encrypt#!8#!)xwzeo9Y#!encrypt#!11#!No<]2/_[Z.Y#!encrypt#!8#!Nt0\#K(0#!encrypt#!4#!N+0g#!encrypt#!7#!No0.$PM#!encrypt#!2#!g
#!encrypt#!11#!+ZG.=R&Y C$#!encrypt#!8#!Nt0\#K(0#!encrypt#!6#!N+Eg(^#!encrypt#!8#!NcM#$Po:#!encrypt#!2#!g
#!encrypt#!6#!{F=G61#!encrypt#!11#!NamPBC_:%6?#!encrypt#!6#!NamPBC#!encrypt#!2#!g
#!encrypt#!6#!{F=G61#!encrypt#!18#!NQff{/h]USAhX`# ;3#!encrypt#!13#!NQff{/h]USAhX#!encrypt#!2#!g
#!encrypt#!6#!{F=G61#!encrypt#!11#!NamPBC_:%6?#!encrypt#!7#!NamPqw*#!encrypt#!2#!g
#!encrypt#!6#!{F=G61#!encrypt#!11#!NamPB|_:%6?#!encrypt#!7#!NamPqw*#!encrypt#!2#!g
#!encrypt#!6#!{F=G61#!encrypt#!11#!NamPB|_:%6?#!encrypt#!6#!NamPB|#!encrypt#!2#!g
#!encrypt#!6#!{F=G61#!encrypt#!18#!NQff{/hWUSAhX`# ;3#!encrypt#!13#!NQff{/hWUSAhX#!encrypt#!2#!g
#!encrypt#!6#!{F=G61#!encrypt#!17#!NQff{/Jfm\YhG5%}Y#!encrypt#!12#!NQff{/Jfm\Yh#!encrypt#!2#!g
#!encrypt#!6#!{F=G61#!encrypt#!17#!NQff{/<fm\YhG5%}Y#!encrypt#!12#!NQff{/<fm\Yh#!encrypt#!2#!g
#!encrypt#!6#!{F=G61#!encrypt#!17#!NQff{/]fm\YhG5%}Y#!encrypt#!12#!NQff{/]fm\Yh#!encrypt#!2#!g
#!encrypt#!6#!{F=G61#!encrypt#!17#!NQff{/>fm\YhG5%}Y#!encrypt#!12#!NQff{/>fm\Yh#!encrypt#!2#!g
#!encrypt#!6#!{F=G61#!encrypt#!17#!NQff{/Vfm\YhG5%}Y#!encrypt#!12#!NQff{/Vfm\Yh#!encrypt#!2#!g
#!encrypt#!6#!{F=G61#!encrypt#!17#!NQff{/Pfm\YhG5%}Y#!encrypt#!12#!NQff{/Pfm\Yh#!encrypt#!2#!g
#!encrypt#!6#!{F=G61#!encrypt#!17#!NQff{/)fm\YhG5%}Y#!encrypt#!12#!NQff{/)fm\Yh#!encrypt#!2#!g
#!encrypt#!6#!{F=G61#!encrypt#!17#!NQff{/dfm\YhG5%}Y#!encrypt#!12#!NQff{/dfm\Yh#!encrypt#!2#!g
#!encrypt#!6#!{F=G61#!encrypt#!17#!NQff{/hfm\YhG5%}Y#!encrypt#!12#!NQff{/hfm\Yh#!encrypt#!2#!g
#!encrypt#!6#!{F=G61#!encrypt#!9#!NQ&.2Pu\d#!encrypt#!12#!NQff{/hfm\Yh#!encrypt#!2#!g
#!encrypt#!6#!{F=G61#!encrypt#!9#!NQt.2Pu\d#!encrypt#!12#!NQff{/dfm\Yh#!encrypt#!2#!g
#!encrypt#!6#!{F=G61#!encrypt#!9#!NQb.2Pu\d#!encrypt#!12#!NQff{/)fm\Yh#!encrypt#!2#!g
#!encrypt#!6#!{F=G61#!encrypt#!9#!NQO.2Pu\d#!encrypt#!12#!NQff{/Pfm\Yh#!encrypt#!2#!g
#!encrypt#!6#!{F=G61#!encrypt#!9#!NQ8.2Pu\d#!encrypt#!12#!NQff{/Vfm\Yh#!encrypt#!2#!g
#!encrypt#!6#!{F=G61#!encrypt#!9#!NQI.2Pu\d#!encrypt#!12#!NQff{/>fm\Yh#!encrypt#!2#!g
#!encrypt#!6#!{F=G61#!encrypt#!9#!NQo.2Pu\d#!encrypt#!12#!NQff{/]fm\Yh#!encrypt#!2#!g
#!encrypt#!6#!{F=G61#!encrypt#!9#!NQu.2Pu\d#!encrypt#!12#!NQff{/<fm\Yh#!encrypt#!2#!g
#!encrypt#!6#!{F=G61#!encrypt#!9#!NQA.2Pu\d#!encrypt#!12#!NQff{/Jfm\Yh#!encrypt#!2#!g
#!encrypt#!6#!{F=G61#!encrypt#!10#!NQ&&q/nm%_#!encrypt#!13#!NQff{/hWUSAhX#!encrypt#!2#!g
#!encrypt#!6#!{F=G61#!encrypt#!10#!NQ&Rq/nm%_#!encrypt#!13#!NQff{/h]USAhX#!encrypt#!2#!g
#!encrypt#!6#!{F=G61#!encrypt#!7#!NQ&.(K?#!encrypt#!12#!NQff{/hfm\Yh#!encrypt#!2#!g
#!encrypt#!6#!{F=G61#!encrypt#!7#!NQt.(K?#!encrypt#!12#!NQff{/dfm\Yh#!encrypt#!2#!g
#!encrypt#!6#!{F=G61#!encrypt#!7#!NQb.(K?#!encrypt#!12#!NQff{/)fm\Yh#!encrypt#!2#!g
#!encrypt#!6#!{F=G61#!encrypt#!7#!NQO.(K?#!encrypt#!12#!NQff{/Pfm\Yh#!encrypt#!2#!g
#!encrypt#!6#!{F=G61#!encrypt#!7#!NQ8.(K?#!encrypt#!12#!NQff{/Vfm\Yh#!encrypt#!2#!g
#!encrypt#!6#!{F=G61#!encrypt#!7#!NQI.(K?#!encrypt#!12#!NQff{/>fm\Yh#!encrypt#!2#!g
#!encrypt#!6#!{F=G61#!encrypt#!7#!NQo.(K?#!encrypt#!12#!NQff{/]fm\Yh#!encrypt#!2#!g
#!encrypt#!6#!{F=G61#!encrypt#!7#!NQu.(K?#!encrypt#!12#!NQff{/<fm\Yh#!encrypt#!2#!g
#!encrypt#!6#!{F=G61#!encrypt#!7#!NQA.(K?#!encrypt#!12#!NQff{/Jfm\Yh#!encrypt#!2#!g
#!encrypt#!6#!{F=G61#!encrypt#!8#!NQ&&q"A5#!encrypt#!13#!NQff{/hWUSAhX#!encrypt#!2#!g
#!encrypt#!6#!{F=G61#!encrypt#!8#!NQ&Rq"A5#!encrypt#!13#!NQff{/h]USAhX#!encrypt#!2#!g
#!encrypt#!6#!t([J6o#!encrypt#!2#!N~#!encrypt#!2#!Nn#!encrypt#!9#!NDO?ZC7 +#!encrypt#!2#!Ng#!encrypt#!8#!NXm"`dh #!encrypt#!10#!N{M~x=o@_.#!encrypt#!2#!Nn#!encrypt#!2#!N&#!encrypt#!2#!Ng#!encrypt#!11#!NoY_7?_[Z.Y#!encrypt#!2#!Nn#!encrypt#!2#!NV#!encrypt#!2#!Ng#!encrypt#!11#!NoY_7?_[Z.Y#!encrypt#!2#!Nn#!encrypt#!2#!Nq#!encrypt#!2#!Ng#!encrypt#!11#!N{J\?d*>1/,#!encrypt#!2#!Nn#!encrypt#!2#!Nj#!encrypt#!2#!Ng#!encrypt#!2#!Nn#!encrypt#!2#!NV#!encrypt#!2#!Nq#!encrypt#!2#!Ng#!encrypt#!7#!N+Hk<^6#!encrypt#!9#!NDO?ZC7 +#!encrypt#!2#!N*#!encrypt#!8#!No4;$KD\#!encrypt#!2#!N #!encrypt#!2#!N_#!encrypt#!9#!N{ek(^+:k#!encrypt#!2#!NA#!encrypt#!2#!N|#!encrypt#!2#!NP#!encrypt#!2#!N|#!encrypt#!3#!NOY#!encrypt#!2#!N|#!encrypt#!3#!NOJ#!encrypt#!2#!N|#!encrypt#!3#!N{Y#!encrypt#!2#!N|#!encrypt#!3#!N{J#!encrypt#!2#!N|#!encrypt#!3#!NB4#!encrypt#!2#!N|#!encrypt#!3#!NB0#!encrypt#!2#!N|#!encrypt#!4#!NBqp#!encrypt#!2#!N|#!encrypt#!4#!NBqX#!encrypt#!2#!N|#!encrypt#!4#!NBq;#!encrypt#!2#!N|#!encrypt#!3#!N4<#!encrypt#!2#!N
#!encrypt#!6#!NAyP$f#!encrypt#!2#!NT#!encrypt#!9#!N{f$K}_[Z#!encrypt#!2#!Nn#!encrypt#!8#!NXm"`dh #!encrypt#!2#!N|#!encrypt#!11#!NoY_7?_[Z.Y#!encrypt#!2#!Ng#!encrypt#!2#!Nv#!encrypt#!2#!Nf#!encrypt#!2#!N
#!encrypt#!2#!NA#!encrypt#!2#!NT#!encrypt#!6#!NAyP$f#!encrypt#!2#!N
#!encrypt#!3#!N4<#!encrypt#!2#!NT#!encrypt#!6#!NAyP$f#!encrypt#!2#!N
#!encrypt#!2#!NP#!encrypt#!2#!NT#!encrypt#!5#!NOe]{#!encrypt#!2#!Nn#!encrypt#!8#!NXm"`dh #!encrypt#!2#!Ng#!encrypt#!2#!Nv#!encrypt#!6#!NAyP$f#!encrypt#!2#!N
#!encrypt#!3#!NOY#!encrypt#!2#!NT#!encrypt#!5#!NOe]{#!encrypt#!2#!Nn#!encrypt#!2#!Nq#!encrypt#!2#!Ng#!encrypt#!2#!N
#!encrypt#!3#!NOJ#!encrypt#!2#!NT#!encrypt#!5#!NOe]{#!encrypt#!2#!Nn#!encrypt#!2#!NV#!encrypt#!2#!Ng#!encrypt#!2#!N
#!encrypt#!3#!N{Y#!encrypt#!2#!NT#!encrypt#!10#!N{f$K}(:%c#!encrypt#!2#!Nn#!encrypt#!2#!Nq#!encrypt#!2#!Ng#!encrypt#!2#!N
#!encrypt#!3#!N{J#!encrypt#!2#!NT#!encrypt#!10#!N{f$K}(:%c#!encrypt#!2#!Nn#!encrypt#!2#!NV#!encrypt#!2#!Ng#!encrypt#!2#!N
#!encrypt#!2#!NB#!encrypt#!2#!NT#!encrypt#!17#!N( S.Rta2AM~rL0!d#!encrypt#!2#!Nn#!encrypt#!8#!No4;$KD\#!encrypt#!2#!N|#!encrypt#!2#!Nf#!encrypt#!2#!Ng#!encrypt#!2#!N
#!encrypt#!3#!NB<#!encrypt#!2#!NT#!encrypt#!4#!NV68#!encrypt#!2#!Nn#!encrypt#!5#!NBP'H#!encrypt#!2#!Ng#!encrypt#!2#!N
#!encrypt#!3#!NB4#!encrypt#!2#!NT#!encrypt#!4#!NV68#!encrypt#!2#!Nn#!encrypt#!5#!NBP'{#!encrypt#!2#!Ni#!encrypt#!2#!Nn#!encrypt#!5#!NBP'H#!encrypt#!2#!Nv#!encrypt#!3#!NB<#!encrypt#!2#!Ng#!encrypt#!2#!Ng#!encrypt#!2#!N
#!encrypt#!3#!NB0#!encrypt#!2#!NT#!encrypt#!4#!NV68#!encrypt#!2#!Nn#!encrypt#!5#!NBP'?#!encrypt#!2#!Ni#!encrypt#!2#!Nn#!encrypt#!5#!NBP'H#!encrypt#!2#!Nv#!encrypt#!3#!NB<#!encrypt#!2#!Ng#!encrypt#!2#!Ng#!encrypt#!2#!N
#!encrypt#!4#!NBq1#!encrypt#!2#!NT#!encrypt#!24#!N( S.Rta2AM3rkg2xefb\\<|#!encrypt#!2#!Nn#!encrypt#!8#!NXm"`dh #!encrypt#!2#!N|#!encrypt#!11#!N{J\?d*>1/,#!encrypt#!2#!N|#!encrypt#!2#!NV#!encrypt#!2#!N|#!encrypt#!2#!NI#!encrypt#!2#!Ng#!encrypt#!2#!N
#!encrypt#!4#!NBqx#!encrypt#!2#!NT#!encrypt#!19#!N( S.Rta2AM3Rk!c?) #!encrypt#!2#!Nn#!encrypt#!8#!NXm"`dh #!encrypt#!2#!N|#!encrypt#!11#!N{J\?d*>1/,#!encrypt#!2#!N|#!encrypt#!2#!NV#!encrypt#!2#!N|#!encrypt#!2#!NI#!encrypt#!2#!Ng#!encrypt#!2#!N
#!encrypt#!4#!NBqp#!encrypt#!2#!NT#!encrypt#!12#!NF[aqJ}uU?z/#!encrypt#!2#!Nn#!encrypt#!11#!N6qp2w_omp%#!encrypt#!2#!N|#!encrypt#!16#!N6<*O=M>ZS,omE%$#!encrypt#!2#!N|#!encrypt#!4#!NBq1#!encrypt#!2#!N|#!encrypt#!4#!NBqx#!encrypt#!2#!N|#!encrypt#!2#!NA#!encrypt#!2#!N|#!encrypt#!2#!NP#!encrypt#!2#!N|#!encrypt#!2#!NI#!encrypt#!2#!Ng#!encrypt#!2#!N
#!encrypt#!4#!NBqX#!encrypt#!2#!NT#!encrypt#!12#!NF[aqJ}uU?z/#!encrypt#!2#!Nn#!encrypt#!11#!N6qp2w_om;%#!encrypt#!2#!N|#!encrypt#!16#!N6<*O=M>ZS,omE%$#!encrypt#!2#!N|#!encrypt#!4#!NBq1#!encrypt#!2#!N|#!encrypt#!4#!NBqx#!encrypt#!2#!N|#!encrypt#!2#!NA#!encrypt#!2#!N|#!encrypt#!2#!NP#!encrypt#!2#!N|#!encrypt#!2#!NI#!encrypt#!2#!Ng#!encrypt#!2#!N
#!encrypt#!4#!NBq;#!encrypt#!2#!NT#!encrypt#!12#!NF[aqJ}uU?z/#!encrypt#!2#!Nn#!encrypt#!11#!N6qp2w_omS%#!encrypt#!2#!N|#!encrypt#!16#!N6<*O=M>ZS,omE%$#!encrypt#!2#!N|#!encrypt#!4#!NBq1#!encrypt#!2#!N|#!encrypt#!4#!NBqx#!encrypt#!2#!N|#!encrypt#!2#!NA#!encrypt#!2#!N|#!encrypt#!2#!NP#!encrypt#!2#!N|#!encrypt#!2#!NI#!encrypt#!2#!Ng#!encrypt#!2#!N
#!encrypt#!2#!N9#!encrypt#!2#!g
#!encrypt#!6#!t([J6o#!encrypt#!2#!N~#!encrypt#!2#!Nn#!encrypt#!9#!NDO?ZCa +#!encrypt#!2#!Ng#!encrypt#!12#!NXm"`dh UhVe#!encrypt#!10#!N{M~x=o@_.#!encrypt#!2#!Nn#!encrypt#!2#!N&#!encrypt#!2#!Ng#!encrypt#!11#!NoY_7?_[Z.Y#!encrypt#!2#!Nn#!encrypt#!2#!NV#!encrypt#!2#!Ng#!encrypt#!11#!NoY_7?_[Z.Y#!encrypt#!2#!Nn#!encrypt#!2#!Nq#!encrypt#!2#!Ng#!encrypt#!11#!N{J\?d*>1/,#!encrypt#!2#!Nn#!encrypt#!2#!Nj#!encrypt#!2#!Ng#!encrypt#!2#!Nn#!encrypt#!2#!NV#!encrypt#!2#!Nq#!encrypt#!2#!Ng#!encrypt#!7#!N+Hk<^6#!encrypt#!9#!NDO?ZCa +#!encrypt#!2#!N*#!encrypt#!8#!No4;$KD\#!encrypt#!2#!N #!encrypt#!2#!N_#!encrypt#!9#!N{ek(^+:k#!encrypt#!2#!NA#!encrypt#!2#!N|#!encrypt#!2#!NP#!encrypt#!2#!N|#!encrypt#!3#!NOY#!encrypt#!2#!N|#!encrypt#!3#!NOJ#!encrypt#!2#!N|#!encrypt#!3#!N{Y#!encrypt#!2#!N|#!encrypt#!3#!N{J#!encrypt#!2#!N|#!encrypt#!3#!NB4#!encrypt#!2#!N|#!encrypt#!3#!NB0#!encrypt#!2#!N|#!encrypt#!4#!NBqp#!encrypt#!2#!N|#!encrypt#!4#!NBqX#!encrypt#!2#!N|#!encrypt#!4#!NBq;#!encrypt#!2#!N|#!encrypt#!3#!N4<#!encrypt#!2#!N
#!encrypt#!6#!NAyP$f#!encrypt#!2#!NT#!encrypt#!9#!N{f$K}_[Z#!encrypt#!2#!Nn#!encrypt#!12#!NXm"`dh UhVe#!encrypt#!2#!N|#!encrypt#!11#!NoY_7?_[Z.Y#!encrypt#!2#!Ng#!encrypt#!2#!Nv#!encrypt#!2#!Nf#!encrypt#!2#!N
#!encrypt#!2#!NA#!encrypt#!2#!NT#!encrypt#!6#!NAyP$f#!encrypt#!2#!N
#!encrypt#!3#!N4<#!encrypt#!2#!NT#!encrypt#!6#!NAyP$f#!encrypt#!2#!N
#!encrypt#!2#!NP#!encrypt#!2#!NT#!encrypt#!5#!NOe]{#!encrypt#!2#!Nn#!encrypt#!12#!NXm"`dh UhVe#!encrypt#!2#!Ng#!encrypt#!2#!Nv#!encrypt#!6#!NAyP$f#!encrypt#!2#!N
#!encrypt#!3#!NOY#!encrypt#!2#!NT#!encrypt#!5#!NOe]{#!encrypt#!2#!Nn#!encrypt#!2#!Nq#!encrypt#!2#!Ng#!encrypt#!2#!N
#!encrypt#!3#!NOJ#!encrypt#!2#!NT#!encrypt#!5#!NOe]{#!encrypt#!2#!Nn#!encrypt#!2#!NV#!encrypt#!2#!Ng#!encrypt#!2#!N
#!encrypt#!3#!N{Y#!encrypt#!2#!NT#!encrypt#!10#!N{f$K}(:%c#!encrypt#!2#!Nn#!encrypt#!2#!Nq#!encrypt#!2#!Ng#!encrypt#!2#!N
#!encrypt#!3#!N{J#!encrypt#!2#!NT#!encrypt#!10#!N{f$K}(:%c#!encrypt#!2#!Nn#!encrypt#!2#!NV#!encrypt#!2#!Ng#!encrypt#!2#!N
#!encrypt#!2#!NB#!encrypt#!2#!NT#!encrypt#!17#!N( S.Rta2AM~rL0!d#!encrypt#!2#!Nn#!encrypt#!8#!No4;$KD\#!encrypt#!2#!N|#!encrypt#!2#!Nf#!encrypt#!2#!Ng#!encrypt#!2#!N
#!encrypt#!3#!NB<#!encrypt#!2#!NT#!encrypt#!4#!NV68#!encrypt#!2#!Nn#!encrypt#!5#!NBP'H#!encrypt#!2#!Ng#!encrypt#!2#!N
#!encrypt#!3#!NB4#!encrypt#!2#!NT#!encrypt#!4#!NV68#!encrypt#!2#!Nn#!encrypt#!5#!NBP'{#!encrypt#!2#!Ni#!encrypt#!2#!Nn#!encrypt#!5#!NBP'H#!encrypt#!2#!Nv#!encrypt#!3#!NB<#!encrypt#!2#!Ng#!encrypt#!2#!Ng#!encrypt#!2#!N
#!encrypt#!3#!NB0#!encrypt#!2#!NT#!encrypt#!4#!NV68#!encrypt#!2#!Nn#!encrypt#!5#!NBP'?#!encrypt#!2#!Ni#!encrypt#!2#!Nn#!encrypt#!5#!NBP'H#!encrypt#!2#!Nv#!encrypt#!3#!NB<#!encrypt#!2#!Ng#!encrypt#!2#!Ng#!encrypt#!2#!N
#!encrypt#!4#!NBq1#!encrypt#!2#!NT#!encrypt#!24#!N( S.Rta2AM3rkg2xefb\\<|#!encrypt#!2#!Nn#!encrypt#!12#!NXm"`dh UhVe#!encrypt#!2#!N|#!encrypt#!11#!N{J\?d*>1/,#!encrypt#!2#!N|#!encrypt#!2#!NV#!encrypt#!2#!N|#!encrypt#!2#!NI#!encrypt#!2#!Ng#!encrypt#!2#!N
#!encrypt#!4#!NBqx#!encrypt#!2#!NT#!encrypt#!19#!N( S.Rta2AM3Rk!c?) #!encrypt#!2#!Nn#!encrypt#!12#!NXm"`dh UhVe#!encrypt#!2#!N|#!encrypt#!11#!N{J\?d*>1/,#!encrypt#!2#!N|#!encrypt#!2#!NV#!encrypt#!2#!N|#!encrypt#!2#!NI#!encrypt#!2#!Ng#!encrypt#!2#!N
#!encrypt#!4#!NBqp#!encrypt#!2#!NT#!encrypt#!12#!NF[aqJ}uU?z/#!encrypt#!2#!Nn#!encrypt#!11#!N6qp2w_omp%#!encrypt#!2#!N|#!encrypt#!16#!N6<*O=M>ZS,omE%$#!encrypt#!2#!N|#!encrypt#!4#!NBq1#!encrypt#!2#!N|#!encrypt#!4#!NBqx#!encrypt#!2#!N|#!encrypt#!2#!NA#!encrypt#!2#!N|#!encrypt#!2#!NP#!encrypt#!2#!N|#!encrypt#!2#!NI#!encrypt#!2#!Ng#!encrypt#!2#!N
#!encrypt#!4#!NBqX#!encrypt#!2#!NT#!encrypt#!12#!NF[aqJ}uU?z/#!encrypt#!2#!Nn#!encrypt#!11#!N6qp2w_om;%#!encrypt#!2#!N|#!encrypt#!16#!N6<*O=M>ZS,omE%$#!encrypt#!2#!N|#!encrypt#!4#!NBq1#!encrypt#!2#!N|#!encrypt#!4#!NBqx#!encrypt#!2#!N|#!encrypt#!2#!NA#!encrypt#!2#!N|#!encrypt#!2#!NP#!encrypt#!2#!N|#!encrypt#!2#!NI#!encrypt#!2#!Ng#!encrypt#!2#!N
#!encrypt#!4#!NBq;#!encrypt#!2#!NT#!encrypt#!12#!NF[aqJ}uU?z/#!encrypt#!2#!Nn#!encrypt#!11#!N6qp2w_omS%#!encrypt#!2#!N|#!encrypt#!16#!N6<*O=M>ZS,omE%$#!encrypt#!2#!N|#!encrypt#!4#!NBq1#!encrypt#!2#!N|#!encrypt#!4#!NBqx#!encrypt#!2#!N|#!encrypt#!2#!NA#!encrypt#!2#!N|#!encrypt#!2#!NP#!encrypt#!2#!N|#!encrypt#!2#!NI#!encrypt#!2#!Ng#!encrypt#!2#!N
#!encrypt#!2#!N9#!encrypt#!2#!g
#!encrypt#!6#!t([J6o#!encrypt#!2#!N~#!encrypt#!2#!Nn#!encrypt#!9#!NDO?ZC6 +#!encrypt#!2#!Ng#!encrypt#!12#!NXm"`dh U_Ve#!encrypt#!10#!N{M~x=o@_.#!encrypt#!2#!Nn#!encrypt#!2#!N&#!encrypt#!2#!Ng#!encrypt#!11#!NoY_7?_[Z.Y#!encrypt#!2#!Nn#!encrypt#!2#!NV#!encrypt#!2#!Ng#!encrypt#!11#!NoY_7?_[Z.Y#!encrypt#!2#!Nn#!encrypt#!2#!Nq#!encrypt#!2#!Ng#!encrypt#!11#!N{J\?d*>1/,#!encrypt#!2#!Nn#!encrypt#!2#!Nj#!encrypt#!2#!Ng#!encrypt#!2#!Nn#!encrypt#!2#!NV#!encrypt#!2#!Nq#!encrypt#!2#!Ng#!encrypt#!7#!N+Hk<^6#!encrypt#!9#!NDO?ZC6 +#!encrypt#!2#!N*#!encrypt#!8#!No4;$KD\#!encrypt#!2#!N #!encrypt#!2#!N_#!encrypt#!9#!N{ek(^+:k#!encrypt#!2#!NA#!encrypt#!2#!N|#!encrypt#!2#!NP#!encrypt#!2#!N|#!encrypt#!3#!NOY#!encrypt#!2#!N|#!encrypt#!3#!NOJ#!encrypt#!2#!N|#!encrypt#!3#!N{Y#!encrypt#!2#!N|#!encrypt#!3#!N{J#!encrypt#!2#!N|#!encrypt#!3#!NB4#!encrypt#!2#!N|#!encrypt#!3#!NB0#!encrypt#!2#!N|#!encrypt#!4#!NBqp#!encrypt#!2#!N|#!encrypt#!4#!NBqX#!encrypt#!2#!N|#!encrypt#!4#!NBq;#!encrypt#!2#!N|#!encrypt#!3#!N4<#!encrypt#!2#!N
#!encrypt#!6#!NAyP$f#!encrypt#!2#!NT#!encrypt#!9#!N{f$K}_[Z#!encrypt#!2#!Nn#!encrypt#!12#!NXm"`dh U_Ve#!encrypt#!2#!N|#!encrypt#!11#!NoY_7?_[Z.Y#!encrypt#!2#!Ng#!encrypt#!2#!Nv#!encrypt#!2#!Nf#!encrypt#!2#!N
#!encrypt#!2#!NA#!encrypt#!2#!NT#!encrypt#!6#!NAyP$f#!encrypt#!2#!N
#!encrypt#!3#!N4<#!encrypt#!2#!NT#!encrypt#!6#!NAyP$f#!encrypt#!2#!N
#!encrypt#!2#!NP#!encrypt#!2#!NT#!encrypt#!5#!NOe]{#!encrypt#!2#!Nn#!encrypt#!12#!NXm"`dh U_Ve#!encrypt#!2#!Ng#!encrypt#!2#!Nv#!encrypt#!6#!NAyP$f#!encrypt#!2#!N
#!encrypt#!3#!NOY#!encrypt#!2#!NT#!encrypt#!5#!NOe]{#!encrypt#!2#!Nn#!encrypt#!2#!Nq#!encrypt#!2#!Ng#!encrypt#!2#!N
#!encrypt#!3#!NOJ#!encrypt#!2#!NT#!encrypt#!5#!NOe]{#!encrypt#!2#!Nn#!encrypt#!2#!NV#!encrypt#!2#!Ng#!encrypt#!2#!N
#!encrypt#!3#!N{Y#!encrypt#!2#!NT#!encrypt#!10#!N{f$K}(:%c#!encrypt#!2#!Nn#!encrypt#!2#!Nq#!encrypt#!2#!Ng#!encrypt#!2#!N
#!encrypt#!3#!N{J#!encrypt#!2#!NT#!encrypt#!10#!N{f$K}(:%c#!encrypt#!2#!Nn#!encrypt#!2#!NV#!encrypt#!2#!Ng#!encrypt#!2#!N
#!encrypt#!2#!NB#!encrypt#!2#!NT#!encrypt#!17#!N( S.Rta2AM~rL0!d#!encrypt#!2#!Nn#!encrypt#!8#!No4;$KD\#!encrypt#!2#!N|#!encrypt#!2#!Nf#!encrypt#!2#!Ng#!encrypt#!2#!N
#!encrypt#!3#!NB<#!encrypt#!2#!NT#!encrypt#!4#!NV68#!encrypt#!2#!Nn#!encrypt#!5#!NBP'H#!encrypt#!2#!Ng#!encrypt#!2#!N
#!encrypt#!3#!NB4#!encrypt#!2#!NT#!encrypt#!4#!NV68#!encrypt#!2#!Nn#!encrypt#!5#!NBP'{#!encrypt#!2#!Ni#!encrypt#!2#!Nn#!encrypt#!5#!NBP'H#!encrypt#!2#!Nv#!encrypt#!3#!NB<#!encrypt#!2#!Ng#!encrypt#!2#!Ng#!encrypt#!2#!N
#!encrypt#!3#!NB0#!encrypt#!2#!NT#!encrypt#!4#!NV68#!encrypt#!2#!Nn#!encrypt#!5#!NBP'?#!encrypt#!2#!Ni#!encrypt#!2#!Nn#!encrypt#!5#!NBP'H#!encrypt#!2#!Nv#!encrypt#!3#!NB<#!encrypt#!2#!Ng#!encrypt#!2#!Ng#!encrypt#!2#!N
#!encrypt#!4#!NBq1#!encrypt#!2#!NT#!encrypt#!24#!N( S.Rta2AM3rkg2xefb\\<|#!encrypt#!2#!Nn#!encrypt#!12#!NXm"`dh U_Ve#!encrypt#!2#!N|#!encrypt#!11#!N{J\?d*>1/,#!encrypt#!2#!N|#!encrypt#!2#!NV#!encrypt#!2#!N|#!encrypt#!2#!NI#!encrypt#!2#!Ng#!encrypt#!2#!N
#!encrypt#!4#!NBqx#!encrypt#!2#!NT#!encrypt#!19#!N( S.Rta2AM3Rk!c?) #!encrypt#!2#!Nn#!encrypt#!12#!NXm"`dh U_Ve#!encrypt#!2#!N|#!encrypt#!11#!N{J\?d*>1/,#!encrypt#!2#!N|#!encrypt#!2#!NV#!encrypt#!2#!N|#!encrypt#!2#!NI#!encrypt#!2#!Ng#!encrypt#!2#!N
#!encrypt#!4#!NBqp#!encrypt#!2#!NT#!encrypt#!12#!NF[aqJ}uU?z/#!encrypt#!2#!Nn#!encrypt#!11#!N6qp2w_omp%#!encrypt#!2#!N|#!encrypt#!16#!N6<*O=M>ZS,omE%$#!encrypt#!2#!N|#!encrypt#!4#!NBq1#!encrypt#!2#!N|#!encrypt#!4#!NBqx#!encrypt#!2#!N|#!encrypt#!2#!NA#!encrypt#!2#!N|#!encrypt#!2#!NP#!encrypt#!2#!N|#!encrypt#!2#!NI#!encrypt#!2#!Ng#!encrypt#!2#!N
#!encrypt#!4#!NBqX#!encrypt#!2#!NT#!encrypt#!12#!NF[aqJ}uU?z/#!encrypt#!2#!Nn#!encrypt#!11#!N6qp2w_om;%#!encrypt#!2#!N|#!encrypt#!16#!N6<*O=M>ZS,omE%$#!encrypt#!2#!N|#!encrypt#!4#!NBq1#!encrypt#!2#!N|#!encrypt#!4#!NBqx#!encrypt#!2#!N|#!encrypt#!2#!NA#!encrypt#!2#!N|#!encrypt#!2#!NP#!encrypt#!2#!N|#!encrypt#!2#!NI#!encrypt#!2#!Ng#!encrypt#!2#!N
#!encrypt#!4#!NBq;#!encrypt#!2#!NT#!encrypt#!12#!NF[aqJ}uU?z/#!encrypt#!2#!Nn#!encrypt#!11#!N6qp2w_omS%#!encrypt#!2#!N|#!encrypt#!16#!N6<*O=M>ZS,omE%$#!encrypt#!2#!N|#!encrypt#!4#!NBq1#!encrypt#!2#!N|#!encrypt#!4#!NBqx#!encrypt#!2#!N|#!encrypt#!2#!NA#!encrypt#!2#!N|#!encrypt#!2#!NP#!encrypt#!2#!N|#!encrypt#!2#!NI#!encrypt#!2#!Ng#!encrypt#!2#!N
#!encrypt#!2#!N9#!encrypt#!2#!g
#!encrypt#!6#!t([J6o#!encrypt#!2#!N~#!encrypt#!2#!Nn#!encrypt#!9#!NDO?ZC? +#!encrypt#!2#!Ng#!encrypt#!16#!NXm"`d_]J#Yn9<y #!encrypt#!10#!N{M~x=o@_.#!encrypt#!2#!Nn#!encrypt#!2#!N&#!encrypt#!2#!Ng#!encrypt#!11#!NoY_7?_[Z.Y#!encrypt#!2#!Nn#!encrypt#!2#!NV#!encrypt#!2#!Ng#!encrypt#!11#!NoY_7?_[Z.Y#!encrypt#!2#!Nn#!encrypt#!2#!Nq#!encrypt#!2#!Ng#!encrypt#!11#!N{J\?d*>1/,#!encrypt#!2#!Nn#!encrypt#!2#!Nj#!encrypt#!2#!Ng#!encrypt#!2#!Nn#!encrypt#!2#!NV#!encrypt#!2#!Nq#!encrypt#!2#!Ng#!encrypt#!7#!N+Hk<^6#!encrypt#!9#!NDO?ZC? +#!encrypt#!2#!N*#!encrypt#!8#!No4;$KD\#!encrypt#!2#!N #!encrypt#!2#!N_#!encrypt#!9#!N{ek(^+:k#!encrypt#!2#!NA#!encrypt#!2#!N|#!encrypt#!2#!NP#!encrypt#!2#!N|#!encrypt#!3#!NOY#!encrypt#!2#!N|#!encrypt#!3#!NOJ#!encrypt#!2#!N|#!encrypt#!3#!N{Y#!encrypt#!2#!N|#!encrypt#!3#!N{J#!encrypt#!2#!N|#!encrypt#!3#!NB4#!encrypt#!2#!N|#!encrypt#!3#!NB0#!encrypt#!2#!N|#!encrypt#!4#!NBqp#!encrypt#!2#!N|#!encrypt#!4#!NBqX#!encrypt#!2#!N|#!encrypt#!4#!NBq;#!encrypt#!2#!N|#!encrypt#!3#!N4<#!encrypt#!2#!N
#!encrypt#!6#!NAyP$f#!encrypt#!2#!NT#!encrypt#!9#!N{f$K}_[Z#!encrypt#!2#!Nn#!encrypt#!16#!NXm"`d_]J#Yn9<y #!encrypt#!2#!N|#!encrypt#!11#!NoY_7?_[Z.Y#!encrypt#!2#!Ng#!encrypt#!2#!Nv#!encrypt#!2#!Nf#!encrypt#!2#!N
#!encrypt#!2#!NA#!encrypt#!2#!NT#!encrypt#!6#!NAyP$f#!encrypt#!2#!N
#!encrypt#!3#!N4<#!encrypt#!2#!NT#!encrypt#!6#!NAyP$f#!encrypt#!2#!N
#!encrypt#!2#!NP#!encrypt#!2#!NT#!encrypt#!5#!NOe]{#!encrypt#!2#!Nn#!encrypt#!16#!NXm"`d_]J#Yn9<y #!encrypt#!2#!Ng#!encrypt#!2#!Nv#!encrypt#!6#!NAyP$f#!encrypt#!2#!N
#!encrypt#!3#!NOY#!encrypt#!2#!NT#!encrypt#!5#!NOe]{#!encrypt#!2#!Nn#!encrypt#!2#!Nq#!encrypt#!2#!Ng#!encrypt#!2#!N
#!encrypt#!3#!NOJ#!encrypt#!2#!NT#!encrypt#!5#!NOe]{#!encrypt#!2#!Nn#!encrypt#!2#!NV#!encrypt#!2#!Ng#!encrypt#!2#!N
#!encrypt#!3#!N{Y#!encrypt#!2#!NT#!encrypt#!10#!N{f$K}(:%c#!encrypt#!2#!Nn#!encrypt#!2#!Nq#!encrypt#!2#!Ng#!encrypt#!2#!N
#!encrypt#!3#!N{J#!encrypt#!2#!NT#!encrypt#!10#!N{f$K}(:%c#!encrypt#!2#!Nn#!encrypt#!2#!NV#!encrypt#!2#!Ng#!encrypt#!2#!N
#!encrypt#!2#!NB#!encrypt#!2#!NT#!encrypt#!17#!N( S.Rta2AM~rL0!d#!encrypt#!2#!Nn#!encrypt#!8#!No4;$KD\#!encrypt#!2#!N|#!encrypt#!2#!Nf#!encrypt#!2#!Ng#!encrypt#!2#!N
#!encrypt#!3#!NB<#!encrypt#!2#!NT#!encrypt#!4#!NV68#!encrypt#!2#!Nn#!encrypt#!5#!NBP'H#!encrypt#!2#!Ng#!encrypt#!2#!N
#!encrypt#!3#!NB4#!encrypt#!2#!NT#!encrypt#!4#!NV68#!encrypt#!2#!Nn#!encrypt#!5#!NBP'{#!encrypt#!2#!Ni#!encrypt#!2#!Nn#!encrypt#!5#!NBP'H#!encrypt#!2#!Nv#!encrypt#!3#!NB<#!encrypt#!2#!Ng#!encrypt#!2#!Ng#!encrypt#!2#!N
#!encrypt#!3#!NB0#!encrypt#!2#!NT#!encrypt#!4#!NV68#!encrypt#!2#!Nn#!encrypt#!5#!NBP'?#!encrypt#!2#!Ni#!encrypt#!2#!Nn#!encrypt#!5#!NBP'H#!encrypt#!2#!Nv#!encrypt#!3#!NB<#!encrypt#!2#!Ng#!encrypt#!2#!Ng#!encrypt#!2#!N
#!encrypt#!4#!NBq1#!encrypt#!2#!NT#!encrypt#!24#!N( S.Rta2AM3rkg2xefb\\<|#!encrypt#!2#!Nn#!encrypt#!16#!NXm"`d_]J#Yn9<y #!encrypt#!2#!N|#!encrypt#!11#!N{J\?d*>1/,#!encrypt#!2#!N|#!encrypt#!2#!NV#!encrypt#!2#!N|#!encrypt#!2#!NI#!encrypt#!2#!Ng#!encrypt#!2#!N
#!encrypt#!4#!NBqx#!encrypt#!2#!NT#!encrypt#!19#!N( S.Rta2AM3Rk!c?) #!encrypt#!2#!Nn#!encrypt#!16#!NXm"`d_]J#Yn9<y #!encrypt#!2#!N|#!encrypt#!11#!N{J\?d*>1/,#!encrypt#!2#!N|#!encrypt#!2#!NV#!encrypt#!2#!N|#!encrypt#!2#!NI#!encrypt#!2#!Ng#!encrypt#!2#!N
#!encrypt#!4#!NBqp#!encrypt#!2#!NT#!encrypt#!12#!NF[aqJ}uU?z/#!encrypt#!2#!Nn#!encrypt#!11#!N6qp2w_omp%#!encrypt#!2#!N|#!encrypt#!16#!N6<*O=M>ZS,omE%$#!encrypt#!2#!N|#!encrypt#!4#!NBq1#!encrypt#!2#!N|#!encrypt#!4#!NBqx#!encrypt#!2#!N|#!encrypt#!2#!NA#!encrypt#!2#!N|#!encrypt#!2#!NP#!encrypt#!2#!N|#!encrypt#!2#!NI#!encrypt#!2#!Ng#!encrypt#!2#!N
#!encrypt#!4#!NBqX#!encrypt#!2#!NT#!encrypt#!12#!NF[aqJ}uU?z/#!encrypt#!2#!Nn#!encrypt#!11#!N6qp2w_om;%#!encrypt#!2#!N|#!encrypt#!16#!N6<*O=M>ZS,omE%$#!encrypt#!2#!N|#!encrypt#!4#!NBq1#!encrypt#!2#!N|#!encrypt#!4#!NBqx#!encrypt#!2#!N|#!encrypt#!2#!NA#!encrypt#!2#!N|#!encrypt#!2#!NP#!encrypt#!2#!N|#!encrypt#!2#!NI#!encrypt#!2#!Ng#!encrypt#!2#!N
#!encrypt#!4#!NBq;#!encrypt#!2#!NT#!encrypt#!12#!NF[aqJ}uU?z/#!encrypt#!2#!Nn#!encrypt#!11#!N6qp2w_omS%#!encrypt#!2#!N|#!encrypt#!16#!N6<*O=M>ZS,omE%$#!encrypt#!2#!N|#!encrypt#!4#!NBq1#!encrypt#!2#!N|#!encrypt#!4#!NBqx#!encrypt#!2#!N|#!encrypt#!2#!NA#!encrypt#!2#!N|#!encrypt#!2#!NP#!encrypt#!2#!N|#!encrypt#!2#!NI#!encrypt#!2#!Ng#!encrypt#!2#!N
#!encrypt#!2#!N9#!encrypt#!2#!g
#!encrypt#!6#!t([J6o#!encrypt#!2#!N~#!encrypt#!2#!Nn#!encrypt#!9#!NDO?Zu7 +#!encrypt#!2#!Ng#!encrypt#!9#!NXm"`d_<W#!encrypt#!10#!N{M~x=o@_.#!encrypt#!2#!Nn#!encrypt#!2#!N&#!encrypt#!2#!Ng#!encrypt#!11#!NoY_7?_[Z.Y#!encrypt#!2#!Nn#!encrypt#!2#!NV#!encrypt#!2#!Ng#!encrypt#!11#!NoY_7?_[Z.Y#!encrypt#!2#!Nn#!encrypt#!2#!Nq#!encrypt#!2#!Ng#!encrypt#!11#!N{J\?d*>1/,#!encrypt#!2#!Nn#!encrypt#!2#!Nj#!encrypt#!2#!Ng#!encrypt#!2#!Nn#!encrypt#!2#!NV#!encrypt#!2#!Nq#!encrypt#!2#!Ng#!encrypt#!7#!N+Hk<^6#!encrypt#!9#!NDO?Zu7 +#!encrypt#!2#!N*#!encrypt#!8#!No4;$KD\#!encrypt#!2#!N #!encrypt#!2#!N_#!encrypt#!9#!N{ek(^+:k#!encrypt#!2#!NA#!encrypt#!2#!N|#!encrypt#!2#!NP#!encrypt#!2#!N|#!encrypt#!3#!NOY#!encrypt#!2#!N|#!encrypt#!3#!NOJ#!encrypt#!2#!N|#!encrypt#!3#!N{Y#!encrypt#!2#!N|#!encrypt#!3#!N{J#!encrypt#!2#!N|#!encrypt#!3#!NB4#!encrypt#!2#!N|#!encrypt#!3#!NB0#!encrypt#!2#!N|#!encrypt#!4#!NBqp#!encrypt#!2#!N|#!encrypt#!4#!NBqX#!encrypt#!2#!N|#!encrypt#!4#!NBq;#!encrypt#!2#!N|#!encrypt#!3#!N4<#!encrypt#!2#!N
#!encrypt#!6#!NAyP$f#!encrypt#!2#!NT#!encrypt#!9#!N{f$K}_[Z#!encrypt#!2#!Nn#!encrypt#!9#!NXm"`d_<W#!encrypt#!2#!N|#!encrypt#!11#!NoY_7?_[Z.Y#!encrypt#!2#!Ng#!encrypt#!2#!Nv#!encrypt#!2#!Nf#!encrypt#!2#!N
#!encrypt#!2#!NA#!encrypt#!2#!NT#!encrypt#!6#!NAyP$f#!encrypt#!2#!N
#!encrypt#!3#!N4<#!encrypt#!2#!NT#!encrypt#!6#!NAyP$f#!encrypt#!2#!N
#!encrypt#!2#!NP#!encrypt#!2#!NT#!encrypt#!5#!NOe]{#!encrypt#!2#!Nn#!encrypt#!9#!NXm"`d_<W#!encrypt#!2#!Ng#!encrypt#!2#!Nv#!encrypt#!6#!NAyP$f#!encrypt#!2#!N
#!encrypt#!3#!NOY#!encrypt#!2#!NT#!encrypt#!5#!NOe]{#!encrypt#!2#!Nn#!encrypt#!2#!Nq#!encrypt#!2#!Ng#!encrypt#!2#!N
#!encrypt#!3#!NOJ#!encrypt#!2#!NT#!encrypt#!5#!NOe]{#!encrypt#!2#!Nn#!encrypt#!2#!NV#!encrypt#!2#!Ng#!encrypt#!2#!N
#!encrypt#!3#!N{Y#!encrypt#!2#!NT#!encrypt#!10#!N{f$K}(:%c#!encrypt#!2#!Nn#!encrypt#!2#!Nq#!encrypt#!2#!Ng#!encrypt#!2#!N
#!encrypt#!3#!N{J#!encrypt#!2#!NT#!encrypt#!10#!N{f$K}(:%c#!encrypt#!2#!Nn#!encrypt#!2#!NV#!encrypt#!2#!Ng#!encrypt#!2#!N
#!encrypt#!2#!NB#!encrypt#!2#!NT#!encrypt#!17#!N( S.Rta2AM~rL0!d#!encrypt#!2#!Nn#!encrypt#!8#!No4;$KD\#!encrypt#!2#!N|#!encrypt#!2#!Nf#!encrypt#!2#!Ng#!encrypt#!2#!N
#!encrypt#!3#!NB<#!encrypt#!2#!NT#!encrypt#!4#!NV68#!encrypt#!2#!Nn#!encrypt#!5#!NBP'H#!encrypt#!2#!Ng#!encrypt#!2#!N
#!encrypt#!3#!NB4#!encrypt#!2#!NT#!encrypt#!4#!NV68#!encrypt#!2#!Nn#!encrypt#!5#!NBP'{#!encrypt#!2#!Ni#!encrypt#!2#!Nn#!encrypt#!5#!NBP'H#!encrypt#!2#!Nv#!encrypt#!3#!NB<#!encrypt#!2#!Ng#!encrypt#!2#!Ng#!encrypt#!2#!N
#!encrypt#!3#!NB0#!encrypt#!2#!NT#!encrypt#!4#!NV68#!encrypt#!2#!Nn#!encrypt#!5#!NBP'?#!encrypt#!2#!Ni#!encrypt#!2#!Nn#!encrypt#!5#!NBP'H#!encrypt#!2#!Nv#!encrypt#!3#!NB<#!encrypt#!2#!Ng#!encrypt#!2#!Ng#!encrypt#!2#!N
#!encrypt#!4#!NBq1#!encrypt#!2#!NT#!encrypt#!24#!N( S.Rta2AM3rkg2xefb\\<|#!encrypt#!2#!Nn#!encrypt#!9#!NXm"`d_<W#!encrypt#!2#!N|#!encrypt#!11#!N{J\?d*>1/,#!encrypt#!2#!N|#!encrypt#!2#!NV#!encrypt#!2#!N|#!encrypt#!2#!NI#!encrypt#!2#!Ng#!encrypt#!2#!N
#!encrypt#!4#!NBqx#!encrypt#!2#!NT#!encrypt#!19#!N( S.Rta2AM3Rk!c?) #!encrypt#!2#!Nn#!encrypt#!9#!NXm"`d_<W#!encrypt#!2#!N|#!encrypt#!11#!N{J\?d*>1/,#!encrypt#!2#!N|#!encrypt#!2#!NV#!encrypt#!2#!N|#!encrypt#!2#!NI#!encrypt#!2#!Ng#!encrypt#!2#!N
#!encrypt#!4#!NBqp#!encrypt#!2#!NT#!encrypt#!12#!NF[aqJ}uU?z/#!encrypt#!2#!Nn#!encrypt#!11#!N6qp2w_omp%#!encrypt#!2#!N|#!encrypt#!16#!N6<*O=M>ZS,omE%$#!encrypt#!2#!N|#!encrypt#!4#!NBq1#!encrypt#!2#!N|#!encrypt#!4#!NBqx#!encrypt#!2#!N|#!encrypt#!2#!NA#!encrypt#!2#!N|#!encrypt#!2#!NP#!encrypt#!2#!N|#!encrypt#!2#!NI#!encrypt#!2#!Ng#!encrypt#!2#!N
#!encrypt#!4#!NBqX#!encrypt#!2#!NT#!encrypt#!12#!NF[aqJ}uU?z/#!encrypt#!2#!Nn#!encrypt#!11#!N6qp2w_om;%#!encrypt#!2#!N|#!encrypt#!16#!N6<*O=M>ZS,omE%$#!encrypt#!2#!N|#!encrypt#!4#!NBq1#!encrypt#!2#!N|#!encrypt#!4#!NBqx#!encrypt#!2#!N|#!encrypt#!2#!NA#!encrypt#!2#!N|#!encrypt#!2#!NP#!encrypt#!2#!N|#!encrypt#!2#!NI#!encrypt#!2#!Ng#!encrypt#!2#!N
#!encrypt#!4#!NBq;#!encrypt#!2#!NT#!encrypt#!12#!NF[aqJ}uU?z/#!encrypt#!2#!Nn#!encrypt#!11#!N6qp2w_omS%#!encrypt#!2#!N|#!encrypt#!16#!N6<*O=M>ZS,omE%$#!encrypt#!2#!N|#!encrypt#!4#!NBq1#!encrypt#!2#!N|#!encrypt#!4#!NBqx#!encrypt#!2#!N|#!encrypt#!2#!NA#!encrypt#!2#!N|#!encrypt#!2#!NP#!encrypt#!2#!N|#!encrypt#!2#!NI#!encrypt#!2#!Ng#!encrypt#!2#!N
#!encrypt#!2#!N9#!encrypt#!2#!g
#!encrypt#!6#!t([J6o#!encrypt#!2#!N~#!encrypt#!2#!Nn#!encrypt#!9#!NDO?Zu? +#!encrypt#!2#!Ng#!encrypt#!16#!NXm"`d_<W#Yn9<y #!encrypt#!10#!N{M~x=o@_.#!encrypt#!2#!Nn#!encrypt#!2#!N&#!encrypt#!2#!Ng#!encrypt#!11#!NoY_7?_[Z.Y#!encrypt#!2#!Nn#!encrypt#!2#!NV#!encrypt#!2#!Ng#!encrypt#!11#!NoY_7?_[Z.Y#!encrypt#!2#!Nn#!encrypt#!2#!Nq#!encrypt#!2#!Ng#!encrypt#!11#!N{J\?d*>1/,#!encrypt#!2#!Nn#!encrypt#!2#!Nj#!encrypt#!2#!Ng#!encrypt#!2#!Nn#!encrypt#!2#!NV#!encrypt#!2#!Nq#!encrypt#!2#!Ng#!encrypt#!7#!N+Hk<^6#!encrypt#!9#!NDO?Zu? +#!encrypt#!2#!N*#!encrypt#!8#!No4;$KD\#!encrypt#!2#!N #!encrypt#!2#!N_#!encrypt#!9#!N{ek(^+:k#!encrypt#!2#!NA#!encrypt#!2#!N|#!encrypt#!2#!NP#!encrypt#!2#!N|#!encrypt#!3#!NOY#!encrypt#!2#!N|#!encrypt#!3#!NOJ#!encrypt#!2#!N|#!encrypt#!3#!N{Y#!encrypt#!2#!N|#!encrypt#!3#!N{J#!encrypt#!2#!N|#!encrypt#!3#!NB4#!encrypt#!2#!N|#!encrypt#!3#!NB0#!encrypt#!2#!N|#!encrypt#!4#!NBqp#!encrypt#!2#!N|#!encrypt#!4#!NBqX#!encrypt#!2#!N|#!encrypt#!4#!NBq;#!encrypt#!2#!N|#!encrypt#!3#!N4<#!encrypt#!2#!N
#!encrypt#!6#!NAyP$f#!encrypt#!2#!NT#!encrypt#!9#!N{f$K}_[Z#!encrypt#!2#!Nn#!encrypt#!16#!NXm"`d_<W#Yn9<y #!encrypt#!2#!N|#!encrypt#!11#!NoY_7?_[Z.Y#!encrypt#!2#!Ng#!encrypt#!2#!Nv#!encrypt#!2#!Nf#!encrypt#!2#!N
#!encrypt#!2#!NA#!encrypt#!2#!NT#!encrypt#!6#!NAyP$f#!encrypt#!2#!N
#!encrypt#!3#!N4<#!encrypt#!2#!NT#!encrypt#!6#!NAyP$f#!encrypt#!2#!N
#!encrypt#!2#!NP#!encrypt#!2#!NT#!encrypt#!5#!NOe]{#!encrypt#!2#!Nn#!encrypt#!16#!NXm"`d_<W#Yn9<y #!encrypt#!2#!Ng#!encrypt#!2#!Nv#!encrypt#!6#!NAyP$f#!encrypt#!2#!N
#!encrypt#!3#!NOY#!encrypt#!2#!NT#!encrypt#!5#!NOe]{#!encrypt#!2#!Nn#!encrypt#!2#!Nq#!encrypt#!2#!Ng#!encrypt#!2#!N
#!encrypt#!3#!NOJ#!encrypt#!2#!NT#!encrypt#!5#!NOe]{#!encrypt#!2#!Nn#!encrypt#!2#!NV#!encrypt#!2#!Ng#!encrypt#!2#!N
#!encrypt#!3#!N{Y#!encrypt#!2#!NT#!encrypt#!10#!N{f$K}(:%c#!encrypt#!2#!Nn#!encrypt#!2#!Nq#!encrypt#!2#!Ng#!encrypt#!2#!N
#!encrypt#!3#!N{J#!encrypt#!2#!NT#!encrypt#!10#!N{f$K}(:%c#!encrypt#!2#!Nn#!encrypt#!2#!NV#!encrypt#!2#!Ng#!encrypt#!2#!N
#!encrypt#!2#!NB#!encrypt#!2#!NT#!encrypt#!17#!N( S.Rta2AM~rL0!d#!encrypt#!2#!Nn#!encrypt#!8#!No4;$KD\#!encrypt#!2#!N|#!encrypt#!2#!Nf#!encrypt#!2#!Ng#!encrypt#!2#!N
#!encrypt#!3#!NB<#!encrypt#!2#!NT#!encrypt#!4#!NV68#!encrypt#!2#!Nn#!encrypt#!5#!NBP'H#!encrypt#!2#!Ng#!encrypt#!2#!N
#!encrypt#!3#!NB4#!encrypt#!2#!NT#!encrypt#!4#!NV68#!encrypt#!2#!Nn#!encrypt#!5#!NBP'{#!encrypt#!2#!Ni#!encrypt#!2#!Nn#!encrypt#!5#!NBP'H#!encrypt#!2#!Nv#!encrypt#!3#!NB<#!encrypt#!2#!Ng#!encrypt#!2#!Ng#!encrypt#!2#!N
#!encrypt#!3#!NB0#!encrypt#!2#!NT#!encrypt#!4#!NV68#!encrypt#!2#!Nn#!encrypt#!5#!NBP'?#!encrypt#!2#!Ni#!encrypt#!2#!Nn#!encrypt#!5#!NBP'H#!encrypt#!2#!Nv#!encrypt#!3#!NB<#!encrypt#!2#!Ng#!encrypt#!2#!Ng#!encrypt#!2#!N
#!encrypt#!4#!NBq1#!encrypt#!2#!NT#!encrypt#!24#!N( S.Rta2AM3rkg2xefb\\<|#!encrypt#!2#!Nn#!encrypt#!16#!NXm"`d_<W#Yn9<y #!encrypt#!2#!N|#!encrypt#!11#!N{J\?d*>1/,#!encrypt#!2#!N|#!encrypt#!2#!NV#!encrypt#!2#!N|#!encrypt#!2#!NI#!encrypt#!2#!Ng#!encrypt#!2#!N
#!encrypt#!4#!NBqx#!encrypt#!2#!NT#!encrypt#!19#!N( S.Rta2AM3Rk!c?) #!encrypt#!2#!Nn#!encrypt#!16#!NXm"`d_<W#Yn9<y #!encrypt#!2#!N|#!encrypt#!11#!N{J\?d*>1/,#!encrypt#!2#!N|#!encrypt#!2#!NV#!encrypt#!2#!N|#!encrypt#!2#!NI#!encrypt#!2#!Ng#!encrypt#!2#!N
#!encrypt#!4#!NBqp#!encrypt#!2#!NT#!encrypt#!12#!NF[aqJ}uU?z/#!encrypt#!2#!Nn#!encrypt#!11#!N6qp2w_omp%#!encrypt#!2#!N|#!encrypt#!16#!N6<*O=M>ZS,omE%$#!encrypt#!2#!N|#!encrypt#!4#!NBq1#!encrypt#!2#!N|#!encrypt#!4#!NBqx#!encrypt#!2#!N|#!encrypt#!2#!NA#!encrypt#!2#!N|#!encrypt#!2#!NP#!encrypt#!2#!N|#!encrypt#!2#!NI#!encrypt#!2#!Ng#!encrypt#!2#!N
#!encrypt#!4#!NBqX#!encrypt#!2#!NT#!encrypt#!12#!NF[aqJ}uU?z/#!encrypt#!2#!Nn#!encrypt#!11#!N6qp2w_om;%#!encrypt#!2#!N|#!encrypt#!16#!N6<*O=M>ZS,omE%$#!encrypt#!2#!N|#!encrypt#!4#!NBq1#!encrypt#!2#!N|#!encrypt#!4#!NBqx#!encrypt#!2#!N|#!encrypt#!2#!NA#!encrypt#!2#!N|#!encrypt#!2#!NP#!encrypt#!2#!N|#!encrypt#!2#!NI#!encrypt#!2#!Ng#!encrypt#!2#!N
#!encrypt#!4#!NBq;#!encrypt#!2#!NT#!encrypt#!12#!NF[aqJ}uU?z/#!encrypt#!2#!Nn#!encrypt#!11#!N6qp2w_omS%#!encrypt#!2#!N|#!encrypt#!16#!N6<*O=M>ZS,omE%$#!encrypt#!2#!N|#!encrypt#!4#!NBq1#!encrypt#!2#!N|#!encrypt#!4#!NBqx#!encrypt#!2#!N|#!encrypt#!2#!NA#!encrypt#!2#!N|#!encrypt#!2#!NP#!encrypt#!2#!N|#!encrypt#!2#!NI#!encrypt#!2#!Ng#!encrypt#!2#!N
#!encrypt#!2#!N9#!encrypt#!2#!g
#!encrypt#!6#!t([J6o#!encrypt#!2#!N~#!encrypt#!2#!Nn#!encrypt#!9#!NDO?Zwnl:#!encrypt#!2#!Ng#!encrypt#!11#!NXm"`doFyvV#!encrypt#!10#!N{M~x=o@_.#!encrypt#!2#!Nn#!encrypt#!2#!N&#!encrypt#!2#!Ng#!encrypt#!11#!NoY_7?_[Z.Y#!encrypt#!2#!Nn#!encrypt#!2#!NV#!encrypt#!2#!Ng#!encrypt#!11#!NoY_7?_[Z.Y#!encrypt#!2#!Nn#!encrypt#!2#!Nq#!encrypt#!2#!Ng#!encrypt#!11#!N{J\?d*>1/,#!encrypt#!2#!Nn#!encrypt#!2#!Nj#!encrypt#!2#!Ng#!encrypt#!2#!Nn#!encrypt#!2#!NV#!encrypt#!2#!Nq#!encrypt#!2#!Ng#!encrypt#!7#!N+Hk<^6#!encrypt#!9#!NDO?Zwnl:#!encrypt#!2#!N_#!encrypt#!9#!N{ek(^+:k#!encrypt#!2#!NA#!encrypt#!2#!N|#!encrypt#!2#!NP#!encrypt#!2#!N|#!encrypt#!3#!NOY#!encrypt#!2#!N|#!encrypt#!3#!NOJ#!encrypt#!2#!N|#!encrypt#!3#!N{Y#!encrypt#!2#!N|#!encrypt#!3#!N{J#!encrypt#!2#!N|#!encrypt#!3#!N4<#!encrypt#!2#!N
#!encrypt#!6#!NAyP$f#!encrypt#!2#!NT#!encrypt#!9#!N{f$K}_[Z#!encrypt#!2#!Nn#!encrypt#!11#!NXm"`doFyvV#!encrypt#!2#!N|#!encrypt#!11#!NoY_7?_[Z.Y#!encrypt#!2#!Ng#!encrypt#!2#!Nv#!encrypt#!2#!Nf#!encrypt#!2#!N
#!encrypt#!2#!NA#!encrypt#!2#!NT#!encrypt#!6#!NAyP$f#!encrypt#!2#!N
#!encrypt#!3#!N4<#!encrypt#!2#!NT#!encrypt#!6#!NAyP$f#!encrypt#!2#!N
#!encrypt#!2#!NP#!encrypt#!2#!NT#!encrypt#!5#!NOe]{#!encrypt#!2#!Nn#!encrypt#!11#!NXm"`doFyvV#!encrypt#!2#!Ng#!encrypt#!2#!Nv#!encrypt#!6#!NAyP$f#!encrypt#!2#!N
#!encrypt#!3#!NOY#!encrypt#!2#!NT#!encrypt#!5#!NOe]{#!encrypt#!2#!Nn#!encrypt#!2#!Nq#!encrypt#!2#!Ng#!encrypt#!2#!N
#!encrypt#!3#!NOJ#!encrypt#!2#!NT#!encrypt#!5#!NOe]{#!encrypt#!2#!Nn#!encrypt#!2#!NV#!encrypt#!2#!Ng#!encrypt#!2#!N
#!encrypt#!3#!N{Y#!encrypt#!2#!NT#!encrypt#!10#!N{f$K}(:%c#!encrypt#!2#!Nn#!encrypt#!2#!Nq#!encrypt#!2#!Ng#!encrypt#!2#!N
#!encrypt#!3#!N{J#!encrypt#!2#!NT#!encrypt#!10#!N{f$K}(:%c#!encrypt#!2#!Nn#!encrypt#!2#!NV#!encrypt#!2#!Ng#!encrypt#!2#!N
#!encrypt#!2#!N9#!encrypt#!2#!g
#!encrypt#!6#!t([J6o#!encrypt#!2#!N~#!encrypt#!2#!Nn#!encrypt#!9#!NDO?ZwnlJ#!encrypt#!2#!Ng#!encrypt#!11#!NXm"`doFyDV#!encrypt#!10#!N{M~x=o@_.#!encrypt#!2#!Nn#!encrypt#!2#!N&#!encrypt#!2#!Ng#!encrypt#!11#!NoY_7?_[Z.Y#!encrypt#!2#!Nn#!encrypt#!2#!NV#!encrypt#!2#!Ng#!encrypt#!11#!NoY_7?_[Z.Y#!encrypt#!2#!Nn#!encrypt#!2#!Nq#!encrypt#!2#!Ng#!encrypt#!11#!N{J\?d*>1/,#!encrypt#!2#!Nn#!encrypt#!2#!Nj#!encrypt#!2#!Ng#!encrypt#!2#!Nn#!encrypt#!2#!NV#!encrypt#!2#!Nq#!encrypt#!2#!Ng#!encrypt#!7#!N+Hk<^6#!encrypt#!9#!NDO?ZwnlJ#!encrypt#!2#!N_#!encrypt#!9#!N{ek(^+:k#!encrypt#!2#!NA#!encrypt#!2#!N|#!encrypt#!2#!NP#!encrypt#!2#!N|#!encrypt#!3#!NOY#!encrypt#!2#!N|#!encrypt#!3#!NOJ#!encrypt#!2#!N|#!encrypt#!3#!N{Y#!encrypt#!2#!N|#!encrypt#!3#!N{J#!encrypt#!2#!N|#!encrypt#!3#!N4<#!encrypt#!2#!N
#!encrypt#!6#!NAyP$f#!encrypt#!2#!NT#!encrypt#!9#!N{f$K}_[Z#!encrypt#!2#!Nn#!encrypt#!11#!NXm"`doFyDV#!encrypt#!2#!N|#!encrypt#!11#!NoY_7?_[Z.Y#!encrypt#!2#!Ng#!encrypt#!2#!Nv#!encrypt#!2#!Nf#!encrypt#!2#!N
#!encrypt#!2#!NA#!encrypt#!2#!NT#!encrypt#!6#!NAyP$f#!encrypt#!2#!N
#!encrypt#!3#!N4<#!encrypt#!2#!NT#!encrypt#!6#!NAyP$f#!encrypt#!2#!N
#!encrypt#!2#!NP#!encrypt#!2#!NT#!encrypt#!5#!NOe]{#!encrypt#!2#!Nn#!encrypt#!11#!NXm"`doFyDV#!encrypt#!2#!Ng#!encrypt#!2#!Nv#!encrypt#!6#!NAyP$f#!encrypt#!2#!N
#!encrypt#!3#!NOY#!encrypt#!2#!NT#!encrypt#!5#!NOe]{#!encrypt#!2#!Nn#!encrypt#!2#!Nq#!encrypt#!2#!Ng#!encrypt#!2#!N
#!encrypt#!3#!NOJ#!encrypt#!2#!NT#!encrypt#!5#!NOe]{#!encrypt#!2#!Nn#!encrypt#!2#!NV#!encrypt#!2#!Ng#!encrypt#!2#!N
#!encrypt#!3#!N{Y#!encrypt#!2#!NT#!encrypt#!10#!N{f$K}(:%c#!encrypt#!2#!Nn#!encrypt#!2#!Nq#!encrypt#!2#!Ng#!encrypt#!2#!N
#!encrypt#!3#!N{J#!encrypt#!2#!NT#!encrypt#!10#!N{f$K}(:%c#!encrypt#!2#!Nn#!encrypt#!2#!NV#!encrypt#!2#!Ng#!encrypt#!2#!N
#!encrypt#!2#!N9#!encrypt#!2#!g
#!encrypt#!6#!t([J6o#!encrypt#!2#!N~#!encrypt#!2#!Nn#!encrypt#!9#!NDO?(C7 +#!encrypt#!2#!Ng#!encrypt#!8#!NXh"`dh #!encrypt#!10#!N{M~x=o@_.#!encrypt#!2#!Nn#!encrypt#!2#!N&#!encrypt#!2#!Ng#!encrypt#!11#!N{Y_7?_[Z.Y#!encrypt#!2#!Nn#!encrypt#!2#!NV#!encrypt#!2#!Ng#!encrypt#!11#!N{Y_7?_[Z.Y#!encrypt#!2#!Nn#!encrypt#!2#!Nq#!encrypt#!2#!Ng#!encrypt#!11#!No<]2/_[Z.Y#!encrypt#!2#!Nn#!encrypt#!2#!Nj#!encrypt#!2#!Ng#!encrypt#!2#!Nn#!encrypt#!2#!NV#!encrypt#!2#!Nq#!encrypt#!2#!Ng#!encrypt#!7#!N+Hk<^6#!encrypt#!9#!NDO?(C7 +#!encrypt#!2#!N*#!encrypt#!8#!N{4;$KD\#!encrypt#!2#!N #!encrypt#!2#!N_#!encrypt#!9#!N{ek(^+:k#!encrypt#!2#!NA#!encrypt#!2#!N|#!encrypt#!2#!NP#!encrypt#!2#!N|#!encrypt#!3#!NOY#!encrypt#!2#!N|#!encrypt#!3#!NOJ#!encrypt#!2#!N|#!encrypt#!3#!N{Y#!encrypt#!2#!N|#!encrypt#!3#!N{J#!encrypt#!2#!N|#!encrypt#!3#!NB4#!encrypt#!2#!N|#!encrypt#!3#!NB0#!encrypt#!2#!N|#!encrypt#!4#!NBqp#!encrypt#!2#!N|#!encrypt#!4#!NBqX#!encrypt#!2#!N|#!encrypt#!4#!NBq;#!encrypt#!2#!N|#!encrypt#!3#!N4<#!encrypt#!2#!N
#!encrypt#!6#!NAyP$f#!encrypt#!2#!NT#!encrypt#!9#!N{f$K}_[Z#!encrypt#!2#!Nn#!encrypt#!8#!NXh"`dh #!encrypt#!2#!N|#!encrypt#!11#!N{Y_7?_[Z.Y#!encrypt#!2#!Ng#!encrypt#!2#!Nv#!encrypt#!2#!Nf#!encrypt#!2#!N
#!encrypt#!2#!NA#!encrypt#!2#!NT#!encrypt#!6#!NAyP$f#!encrypt#!2#!N
#!encrypt#!3#!N4<#!encrypt#!2#!NT#!encrypt#!6#!NAyP$f#!encrypt#!2#!N
#!encrypt#!2#!NP#!encrypt#!2#!NT#!encrypt#!5#!NOe]{#!encrypt#!2#!Nn#!encrypt#!8#!NXh"`dh #!encrypt#!2#!Ng#!encrypt#!2#!Nv#!encrypt#!6#!NAyP$f#!encrypt#!2#!N
#!encrypt#!3#!NOY#!encrypt#!2#!NT#!encrypt#!5#!NOe]{#!encrypt#!2#!Nn#!encrypt#!2#!Nq#!encrypt#!2#!Ng#!encrypt#!2#!N
#!encrypt#!3#!NOJ#!encrypt#!2#!NT#!encrypt#!5#!NOe]{#!encrypt#!2#!Nn#!encrypt#!2#!NV#!encrypt#!2#!Ng#!encrypt#!2#!N
#!encrypt#!3#!N{Y#!encrypt#!2#!NT#!encrypt#!10#!N{f$K}(:%c#!encrypt#!2#!Nn#!encrypt#!2#!Nq#!encrypt#!2#!Ng#!encrypt#!2#!N
#!encrypt#!3#!N{J#!encrypt#!2#!NT#!encrypt#!10#!N{f$K}(:%c#!encrypt#!2#!Nn#!encrypt#!2#!NV#!encrypt#!2#!Ng#!encrypt#!2#!N
#!encrypt#!2#!NB#!encrypt#!2#!NT#!encrypt#!17#!N( S.Rta2AM~rL0!d#!encrypt#!2#!Nn#!encrypt#!8#!N{4;$KD\#!encrypt#!2#!N|#!encrypt#!2#!Nf#!encrypt#!2#!Ng#!encrypt#!2#!N
#!encrypt#!3#!NB<#!encrypt#!2#!NT#!encrypt#!4#!NV68#!encrypt#!2#!Nn#!encrypt#!5#!NBP'H#!encrypt#!2#!Ng#!encrypt#!2#!N
#!encrypt#!3#!NB4#!encrypt#!2#!NT#!encrypt#!4#!NV68#!encrypt#!2#!Nn#!encrypt#!5#!NBP'{#!encrypt#!2#!Ni#!encrypt#!2#!Nn#!encrypt#!5#!NBP'H#!encrypt#!2#!Nv#!encrypt#!3#!NB<#!encrypt#!2#!Ng#!encrypt#!2#!Ng#!encrypt#!2#!N
#!encrypt#!3#!NB0#!encrypt#!2#!NT#!encrypt#!4#!NV68#!encrypt#!2#!Nn#!encrypt#!5#!NBP'?#!encrypt#!2#!Ni#!encrypt#!2#!Nn#!encrypt#!5#!NBP'H#!encrypt#!2#!Nv#!encrypt#!3#!NB<#!encrypt#!2#!Ng#!encrypt#!2#!Ng#!encrypt#!2#!N
#!encrypt#!4#!NBq1#!encrypt#!2#!NT#!encrypt#!24#!N( S.Rta2AM3rkg2xefb\\<|#!encrypt#!2#!Nn#!encrypt#!8#!NXh"`dh #!encrypt#!2#!N|#!encrypt#!11#!No<]2/_[Z.Y#!encrypt#!2#!N|#!encrypt#!2#!NV#!encrypt#!2#!N|#!encrypt#!2#!NI#!encrypt#!2#!Ng#!encrypt#!2#!N
#!encrypt#!4#!NBqx#!encrypt#!2#!NT#!encrypt#!19#!N( S.Rta2AM3Rk!c?) #!encrypt#!2#!Nn#!encrypt#!8#!NXh"`dh #!encrypt#!2#!N|#!encrypt#!11#!No<]2/_[Z.Y#!encrypt#!2#!N|#!encrypt#!2#!NV#!encrypt#!2#!N|#!encrypt#!2#!NI#!encrypt#!2#!Ng#!encrypt#!2#!N
#!encrypt#!4#!NBqp#!encrypt#!2#!NT#!encrypt#!12#!NF[aqJ}uU?z/#!encrypt#!2#!Nn#!encrypt#!11#!N6qp2w_omp%#!encrypt#!2#!N|#!encrypt#!16#!N6<*O=M>ZS,omE%$#!encrypt#!2#!N|#!encrypt#!4#!NBq1#!encrypt#!2#!N|#!encrypt#!4#!NBqx#!encrypt#!2#!N|#!encrypt#!2#!NA#!encrypt#!2#!N|#!encrypt#!2#!NP#!encrypt#!2#!N|#!encrypt#!2#!NI#!encrypt#!2#!Ng#!encrypt#!2#!N
#!encrypt#!4#!NBqX#!encrypt#!2#!NT#!encrypt#!12#!NF[aqJ}uU?z/#!encrypt#!2#!Nn#!encrypt#!11#!N6qp2w_om;%#!encrypt#!2#!N|#!encrypt#!16#!N6<*O=M>ZS,omE%$#!encrypt#!2#!N|#!encrypt#!4#!NBq1#!encrypt#!2#!N|#!encrypt#!4#!NBqx#!encrypt#!2#!N|#!encrypt#!2#!NA#!encrypt#!2#!N|#!encrypt#!2#!NP#!encrypt#!2#!N|#!encrypt#!2#!NI#!encrypt#!2#!Ng#!encrypt#!2#!N
#!encrypt#!4#!NBq;#!encrypt#!2#!NT#!encrypt#!12#!NF[aqJ}uU?z/#!encrypt#!2#!Nn#!encrypt#!11#!N6qp2w_omS%#!encrypt#!2#!N|#!encrypt#!16#!N6<*O=M>ZS,omE%$#!encrypt#!2#!N|#!encrypt#!4#!NBq1#!encrypt#!2#!N|#!encrypt#!4#!NBqx#!encrypt#!2#!N|#!encrypt#!2#!NA#!encrypt#!2#!N|#!encrypt#!2#!NP#!encrypt#!2#!N|#!encrypt#!2#!NI#!encrypt#!2#!Ng#!encrypt#!2#!N
#!encrypt#!2#!N9#!encrypt#!2#!g
#!encrypt#!6#!t([J6o#!encrypt#!2#!N~#!encrypt#!2#!Nn#!encrypt#!9#!NDO?(Ca +#!encrypt#!2#!Ng#!encrypt#!12#!NXh"`dh UhVe#!encrypt#!10#!N{M~x=o@_.#!encrypt#!2#!Nn#!encrypt#!2#!N&#!encrypt#!2#!Ng#!encrypt#!11#!N{Y_7?_[Z.Y#!encrypt#!2#!Nn#!encrypt#!2#!NV#!encrypt#!2#!Ng#!encrypt#!11#!N{Y_7?_[Z.Y#!encrypt#!2#!Nn#!encrypt#!2#!Nq#!encrypt#!2#!Ng#!encrypt#!11#!No<]2/_[Z.Y#!encrypt#!2#!Nn#!encrypt#!2#!Nj#!encrypt#!2#!Ng#!encrypt#!2#!Nn#!encrypt#!2#!NV#!encrypt#!2#!Nq#!encrypt#!2#!Ng#!encrypt#!7#!N+Hk<^6#!encrypt#!9#!NDO?(Ca +#!encrypt#!2#!N*#!encrypt#!8#!N{4;$KD\#!encrypt#!2#!N #!encrypt#!2#!N_#!encrypt#!9#!N{ek(^+:k#!encrypt#!2#!NA#!encrypt#!2#!N|#!encrypt#!2#!NP#!encrypt#!2#!N|#!encrypt#!3#!NOY#!encrypt#!2#!N|#!encrypt#!3#!NOJ#!encrypt#!2#!N|#!encrypt#!3#!N{Y#!encrypt#!2#!N|#!encrypt#!3#!N{J#!encrypt#!2#!N|#!encrypt#!3#!NB4#!encrypt#!2#!N|#!encrypt#!3#!NB0#!encrypt#!2#!N|#!encrypt#!4#!NBqp#!encrypt#!2#!N|#!encrypt#!4#!NBqX#!encrypt#!2#!N|#!encrypt#!4#!NBq;#!encrypt#!2#!N|#!encrypt#!3#!N4<#!encrypt#!2#!N
#!encrypt#!6#!NAyP$f#!encrypt#!2#!NT#!encrypt#!9#!N{f$K}_[Z#!encrypt#!2#!Nn#!encrypt#!12#!NXh"`dh UhVe#!encrypt#!2#!N|#!encrypt#!11#!N{Y_7?_[Z.Y#!encrypt#!2#!Ng#!encrypt#!2#!Nv#!encrypt#!2#!Nf#!encrypt#!2#!N
#!encrypt#!2#!NA#!encrypt#!2#!NT#!encrypt#!6#!NAyP$f#!encrypt#!2#!N
#!encrypt#!3#!N4<#!encrypt#!2#!NT#!encrypt#!6#!NAyP$f#!encrypt#!2#!N
#!encrypt#!2#!NP#!encrypt#!2#!NT#!encrypt#!5#!NOe]{#!encrypt#!2#!Nn#!encrypt#!12#!NXh"`dh UhVe#!encrypt#!2#!Ng#!encrypt#!2#!Nv#!encrypt#!6#!NAyP$f#!encrypt#!2#!N
#!encrypt#!3#!NOY#!encrypt#!2#!NT#!encrypt#!5#!NOe]{#!encrypt#!2#!Nn#!encrypt#!2#!Nq#!encrypt#!2#!Ng#!encrypt#!2#!N
#!encrypt#!3#!NOJ#!encrypt#!2#!NT#!encrypt#!5#!NOe]{#!encrypt#!2#!Nn#!encrypt#!2#!NV#!encrypt#!2#!Ng#!encrypt#!2#!N
#!encrypt#!3#!N{Y#!encrypt#!2#!NT#!encrypt#!10#!N{f$K}(:%c#!encrypt#!2#!Nn#!encrypt#!2#!Nq#!encrypt#!2#!Ng#!encrypt#!2#!N
#!encrypt#!3#!N{J#!encrypt#!2#!NT#!encrypt#!10#!N{f$K}(:%c#!encrypt#!2#!Nn#!encrypt#!2#!NV#!encrypt#!2#!Ng#!encrypt#!2#!N
#!encrypt#!2#!NB#!encrypt#!2#!NT#!encrypt#!17#!N( S.Rta2AM~rL0!d#!encrypt#!2#!Nn#!encrypt#!8#!N{4;$KD\#!encrypt#!2#!N|#!encrypt#!2#!Nf#!encrypt#!2#!Ng#!encrypt#!2#!N
#!encrypt#!3#!NB<#!encrypt#!2#!NT#!encrypt#!4#!NV68#!encrypt#!2#!Nn#!encrypt#!5#!NBP'H#!encrypt#!2#!Ng#!encrypt#!2#!N
#!encrypt#!3#!NB4#!encrypt#!2#!NT#!encrypt#!4#!NV68#!encrypt#!2#!Nn#!encrypt#!5#!NBP'{#!encrypt#!2#!Ni#!encrypt#!2#!Nn#!encrypt#!5#!NBP'H#!encrypt#!2#!Nv#!encrypt#!3#!NB<#!encrypt#!2#!Ng#!encrypt#!2#!Ng#!encrypt#!2#!N
#!encrypt#!3#!NB0#!encrypt#!2#!NT#!encrypt#!4#!NV68#!encrypt#!2#!Nn#!encrypt#!5#!NBP'?#!encrypt#!2#!Ni#!encrypt#!2#!Nn#!encrypt#!5#!NBP'H#!encrypt#!2#!Nv#!encrypt#!3#!NB<#!encrypt#!2#!Ng#!encrypt#!2#!Ng#!encrypt#!2#!N
#!encrypt#!4#!NBq1#!encrypt#!2#!NT#!encrypt#!24#!N( S.Rta2AM3rkg2xefb\\<|#!encrypt#!2#!Nn#!encrypt#!12#!NXh"`dh UhVe#!encrypt#!2#!N|#!encrypt#!11#!No<]2/_[Z.Y#!encrypt#!2#!N|#!encrypt#!2#!NV#!encrypt#!2#!N|#!encrypt#!2#!NI#!encrypt#!2#!Ng#!encrypt#!2#!N
#!encrypt#!4#!NBqx#!encrypt#!2#!NT#!encrypt#!19#!N( S.Rta2AM3Rk!c?) #!encrypt#!2#!Nn#!encrypt#!12#!NXh"`dh UhVe#!encrypt#!2#!N|#!encrypt#!11#!No<]2/_[Z.Y#!encrypt#!2#!N|#!encrypt#!2#!NV#!encrypt#!2#!N|#!encrypt#!2#!NI#!encrypt#!2#!Ng#!encrypt#!2#!N
#!encrypt#!4#!NBqp#!encrypt#!2#!NT#!encrypt#!12#!NF[aqJ}uU?z/#!encrypt#!2#!Nn#!encrypt#!11#!N6qp2w_omp%#!encrypt#!2#!N|#!encrypt#!16#!N6<*O=M>ZS,omE%$#!encrypt#!2#!N|#!encrypt#!4#!NBq1#!encrypt#!2#!N|#!encrypt#!4#!NBqx#!encrypt#!2#!N|#!encrypt#!2#!NA#!encrypt#!2#!N|#!encrypt#!2#!NP#!encrypt#!2#!N|#!encrypt#!2#!NI#!encrypt#!2#!Ng#!encrypt#!2#!N
#!encrypt#!4#!NBqX#!encrypt#!2#!NT#!encrypt#!12#!NF[aqJ}uU?z/#!encrypt#!2#!Nn#!encrypt#!11#!N6qp2w_om;%#!encrypt#!2#!N|#!encrypt#!16#!N6<*O=M>ZS,omE%$#!encrypt#!2#!N|#!encrypt#!4#!NBq1#!encrypt#!2#!N|#!encrypt#!4#!NBqx#!encrypt#!2#!N|#!encrypt#!2#!NA#!encrypt#!2#!N|#!encrypt#!2#!NP#!encrypt#!2#!N|#!encrypt#!2#!NI#!encrypt#!2#!Ng#!encrypt#!2#!N
#!encrypt#!4#!NBq;#!encrypt#!2#!NT#!encrypt#!12#!NF[aqJ}uU?z/#!encrypt#!2#!Nn#!encrypt#!11#!N6qp2w_omS%#!encrypt#!2#!N|#!encrypt#!16#!N6<*O=M>ZS,omE%$#!encrypt#!2#!N|#!encrypt#!4#!NBq1#!encrypt#!2#!N|#!encrypt#!4#!NBqx#!encrypt#!2#!N|#!encrypt#!2#!NA#!encrypt#!2#!N|#!encrypt#!2#!NP#!encrypt#!2#!N|#!encrypt#!2#!NI#!encrypt#!2#!Ng#!encrypt#!2#!N
#!encrypt#!2#!N9#!encrypt#!2#!g
#!encrypt#!6#!t([J6o#!encrypt#!2#!N~#!encrypt#!2#!Nn#!encrypt#!9#!NDO?(C6 +#!encrypt#!2#!Ng#!encrypt#!12#!NXh"`dh U_Ve#!encrypt#!10#!N{M~x=o@_.#!encrypt#!2#!Nn#!encrypt#!2#!N&#!encrypt#!2#!Ng#!encrypt#!11#!N{Y_7?_[Z.Y#!encrypt#!2#!Nn#!encrypt#!2#!NV#!encrypt#!2#!Ng#!encrypt#!11#!N{Y_7?_[Z.Y#!encrypt#!2#!Nn#!encrypt#!2#!Nq#!encrypt#!2#!Ng#!encrypt#!11#!No<]2/_[Z.Y#!encrypt#!2#!Nn#!encrypt#!2#!Nj#!encrypt#!2#!Ng#!encrypt#!2#!Nn#!encrypt#!2#!NV#!encrypt#!2#!Nq#!encrypt#!2#!Ng#!encrypt#!7#!N+Hk<^6#!encrypt#!9#!NDO?(C6 +#!encrypt#!2#!N*#!encrypt#!8#!N{4;$KD\#!encrypt#!2#!N #!encrypt#!2#!N_#!encrypt#!9#!N{ek(^+:k#!encrypt#!2#!NA#!encrypt#!2#!N|#!encrypt#!2#!NP#!encrypt#!2#!N|#!encrypt#!3#!NOY#!encrypt#!2#!N|#!encrypt#!3#!NOJ#!encrypt#!2#!N|#!encrypt#!3#!N{Y#!encrypt#!2#!N|#!encrypt#!3#!N{J#!encrypt#!2#!N|#!encrypt#!3#!NB4#!encrypt#!2#!N|#!encrypt#!3#!NB0#!encrypt#!2#!N|#!encrypt#!4#!NBqp#!encrypt#!2#!N|#!encrypt#!4#!NBqX#!encrypt#!2#!N|#!encrypt#!4#!NBq;#!encrypt#!2#!N|#!encrypt#!3#!N4<#!encrypt#!2#!N
#!encrypt#!6#!NAyP$f#!encrypt#!2#!NT#!encrypt#!9#!N{f$K}_[Z#!encrypt#!2#!Nn#!encrypt#!12#!NXh"`dh U_Ve#!encrypt#!2#!N|#!encrypt#!11#!N{Y_7?_[Z.Y#!encrypt#!2#!Ng#!encrypt#!2#!Nv#!encrypt#!2#!Nf#!encrypt#!2#!N
#!encrypt#!2#!NA#!encrypt#!2#!NT#!encrypt#!6#!NAyP$f#!encrypt#!2#!N
#!encrypt#!3#!N4<#!encrypt#!2#!NT#!encrypt#!6#!NAyP$f#!encrypt#!2#!N
#!encrypt#!2#!NP#!encrypt#!2#!NT#!encrypt#!5#!NOe]{#!encrypt#!2#!Nn#!encrypt#!12#!NXh"`dh U_Ve#!encrypt#!2#!Ng#!encrypt#!2#!Nv#!encrypt#!6#!NAyP$f#!encrypt#!2#!N
#!encrypt#!3#!NOY#!encrypt#!2#!NT#!encrypt#!5#!NOe]{#!encrypt#!2#!Nn#!encrypt#!2#!Nq#!encrypt#!2#!Ng#!encrypt#!2#!N
#!encrypt#!3#!NOJ#!encrypt#!2#!NT#!encrypt#!5#!NOe]{#!encrypt#!2#!Nn#!encrypt#!2#!NV#!encrypt#!2#!Ng#!encrypt#!2#!N
#!encrypt#!3#!N{Y#!encrypt#!2#!NT#!encrypt#!10#!N{f$K}(:%c#!encrypt#!2#!Nn#!encrypt#!2#!Nq#!encrypt#!2#!Ng#!encrypt#!2#!N
#!encrypt#!3#!N{J#!encrypt#!2#!NT#!encrypt#!10#!N{f$K}(:%c#!encrypt#!2#!Nn#!encrypt#!2#!NV#!encrypt#!2#!Ng#!encrypt#!2#!N
#!encrypt#!2#!NB#!encrypt#!2#!NT#!encrypt#!17#!N( S.Rta2AM~rL0!d#!encrypt#!2#!Nn#!encrypt#!8#!N{4;$KD\#!encrypt#!2#!N|#!encrypt#!2#!Nf#!encrypt#!2#!Ng#!encrypt#!2#!N
#!encrypt#!3#!NB<#!encrypt#!2#!NT#!encrypt#!4#!NV68#!encrypt#!2#!Nn#!encrypt#!5#!NBP'H#!encrypt#!2#!Ng#!encrypt#!2#!N
#!encrypt#!3#!NB4#!encrypt#!2#!NT#!encrypt#!4#!NV68#!encrypt#!2#!Nn#!encrypt#!5#!NBP'{#!encrypt#!2#!Ni#!encrypt#!2#!Nn#!encrypt#!5#!NBP'H#!encrypt#!2#!Nv#!encrypt#!3#!NB<#!encrypt#!2#!Ng#!encrypt#!2#!Ng#!encrypt#!2#!N
#!encrypt#!3#!NB0#!encrypt#!2#!NT#!encrypt#!4#!NV68#!encrypt#!2#!Nn#!encrypt#!5#!NBP'?#!encrypt#!2#!Ni#!encrypt#!2#!Nn#!encrypt#!5#!NBP'H#!encrypt#!2#!Nv#!encrypt#!3#!NB<#!encrypt#!2#!Ng#!encrypt#!2#!Ng#!encrypt#!2#!N
#!encrypt#!4#!NBq1#!encrypt#!2#!NT#!encrypt#!24#!N( S.Rta2AM3rkg2xefb\\<|#!encrypt#!2#!Nn#!encrypt#!12#!NXh"`dh U_Ve#!encrypt#!2#!N|#!encrypt#!11#!No<]2/_[Z.Y#!encrypt#!2#!N|#!encrypt#!2#!NV#!encrypt#!2#!N|#!encrypt#!2#!NI#!encrypt#!2#!Ng#!encrypt#!2#!N
#!encrypt#!4#!NBqx#!encrypt#!2#!NT#!encrypt#!19#!N( S.Rta2AM3Rk!c?) #!encrypt#!2#!Nn#!encrypt#!12#!NXh"`dh U_Ve#!encrypt#!2#!N|#!encrypt#!11#!No<]2/_[Z.Y#!encrypt#!2#!N|#!encrypt#!2#!NV#!encrypt#!2#!N|#!encrypt#!2#!NI#!encrypt#!2#!Ng#!encrypt#!2#!N
#!encrypt#!4#!NBqp#!encrypt#!2#!NT#!encrypt#!12#!NF[aqJ}uU?z/#!encrypt#!2#!Nn#!encrypt#!11#!N6qp2w_omp%#!encrypt#!2#!N|#!encrypt#!16#!N6<*O=M>ZS,omE%$#!encrypt#!2#!N|#!encrypt#!4#!NBq1#!encrypt#!2#!N|#!encrypt#!4#!NBqx#!encrypt#!2#!N|#!encrypt#!2#!NA#!encrypt#!2#!N|#!encrypt#!2#!NP#!encrypt#!2#!N|#!encrypt#!2#!NI#!encrypt#!2#!Ng#!encrypt#!2#!N
#!encrypt#!4#!NBqX#!encrypt#!2#!NT#!encrypt#!12#!NF[aqJ}uU?z/#!encrypt#!2#!Nn#!encrypt#!11#!N6qp2w_om;%#!encrypt#!2#!N|#!encrypt#!16#!N6<*O=M>ZS,omE%$#!encrypt#!2#!N|#!encrypt#!4#!NBq1#!encrypt#!2#!N|#!encrypt#!4#!NBqx#!encrypt#!2#!N|#!encrypt#!2#!NA#!encrypt#!2#!N|#!encrypt#!2#!NP#!encrypt#!2#!N|#!encrypt#!2#!NI#!encrypt#!2#!Ng#!encrypt#!2#!N
#!encrypt#!4#!NBq;#!encrypt#!2#!NT#!encrypt#!12#!NF[aqJ}uU?z/#!encrypt#!2#!Nn#!encrypt#!11#!N6qp2w_omS%#!encrypt#!2#!N|#!encrypt#!16#!N6<*O=M>ZS,omE%$#!encrypt#!2#!N|#!encrypt#!4#!NBq1#!encrypt#!2#!N|#!encrypt#!4#!NBqx#!encrypt#!2#!N|#!encrypt#!2#!NA#!encrypt#!2#!N|#!encrypt#!2#!NP#!encrypt#!2#!N|#!encrypt#!2#!NI#!encrypt#!2#!Ng#!encrypt#!2#!N
#!encrypt#!2#!N9#!encrypt#!2#!g
#!encrypt#!6#!t([J6o#!encrypt#!2#!N~#!encrypt#!2#!Nn#!encrypt#!9#!NDO?(u7 +#!encrypt#!2#!Ng#!encrypt#!8#!NXh"`dd #!encrypt#!10#!N{M~x=o@_.#!encrypt#!2#!Nn#!encrypt#!2#!N&#!encrypt#!2#!Ng#!encrypt#!11#!N{Y_7?_[Z.Y#!encrypt#!2#!Nn#!encrypt#!2#!NV#!encrypt#!2#!Ng#!encrypt#!11#!N{Y_7?_[Z.Y#!encrypt#!2#!Nn#!encrypt#!2#!Nq#!encrypt#!2#!Ng#!encrypt#!11#!No<]2/_[Z.Y#!encrypt#!2#!Nn#!encrypt#!2#!Nj#!encrypt#!2#!Ng#!encrypt#!2#!Nn#!encrypt#!2#!NV#!encrypt#!2#!Nq#!encrypt#!2#!Ng#!encrypt#!7#!N+Hk<^6#!encrypt#!9#!NDO?(u7 +#!encrypt#!2#!N*#!encrypt#!8#!N{4;$KD\#!encrypt#!2#!N #!encrypt#!2#!N_#!encrypt#!9#!N{ek(^+:k#!encrypt#!2#!NA#!encrypt#!2#!N|#!encrypt#!2#!NP#!encrypt#!2#!N|#!encrypt#!3#!NOY#!encrypt#!2#!N|#!encrypt#!3#!NOJ#!encrypt#!2#!N|#!encrypt#!3#!N{Y#!encrypt#!2#!N|#!encrypt#!3#!N{J#!encrypt#!2#!N|#!encrypt#!3#!NB4#!encrypt#!2#!N|#!encrypt#!3#!NB0#!encrypt#!2#!N|#!encrypt#!4#!NBqp#!encrypt#!2#!N|#!encrypt#!4#!NBqX#!encrypt#!2#!N|#!encrypt#!4#!NBq;#!encrypt#!2#!N|#!encrypt#!3#!N4<#!encrypt#!2#!N
#!encrypt#!6#!NAyP$f#!encrypt#!2#!NT#!encrypt#!9#!N{f$K}_[Z#!encrypt#!2#!Nn#!encrypt#!8#!NXh"`dd #!encrypt#!2#!N|#!encrypt#!11#!N{Y_7?_[Z.Y#!encrypt#!2#!Ng#!encrypt#!2#!Nv#!encrypt#!2#!Nf#!encrypt#!2#!N
#!encrypt#!2#!NA#!encrypt#!2#!NT#!encrypt#!6#!NAyP$f#!encrypt#!2#!N
#!encrypt#!3#!N4<#!encrypt#!2#!NT#!encrypt#!6#!NAyP$f#!encrypt#!2#!N
#!encrypt#!2#!NP#!encrypt#!2#!NT#!encrypt#!5#!NOe]{#!encrypt#!2#!Nn#!encrypt#!8#!NXh"`dd #!encrypt#!2#!Ng#!encrypt#!2#!Nv#!encrypt#!6#!NAyP$f#!encrypt#!2#!N
#!encrypt#!3#!NOY#!encrypt#!2#!NT#!encrypt#!5#!NOe]{#!encrypt#!2#!Nn#!encrypt#!2#!Nq#!encrypt#!2#!Ng#!encrypt#!2#!N
#!encrypt#!3#!NOJ#!encrypt#!2#!NT#!encrypt#!5#!NOe]{#!encrypt#!2#!Nn#!encrypt#!2#!NV#!encrypt#!2#!Ng#!encrypt#!2#!N
#!encrypt#!3#!N{Y#!encrypt#!2#!NT#!encrypt#!10#!N{f$K}(:%c#!encrypt#!2#!Nn#!encrypt#!2#!Nq#!encrypt#!2#!Ng#!encrypt#!2#!N
#!encrypt#!3#!N{J#!encrypt#!2#!NT#!encrypt#!10#!N{f$K}(:%c#!encrypt#!2#!Nn#!encrypt#!2#!NV#!encrypt#!2#!Ng#!encrypt#!2#!N
#!encrypt#!2#!NB#!encrypt#!2#!NT#!encrypt#!17#!N( S.Rta2AM~rL0!d#!encrypt#!2#!Nn#!encrypt#!8#!N{4;$KD\#!encrypt#!2#!N|#!encrypt#!2#!Nf#!encrypt#!2#!Ng#!encrypt#!2#!N
#!encrypt#!3#!NB<#!encrypt#!2#!NT#!encrypt#!4#!NV68#!encrypt#!2#!Nn#!encrypt#!5#!NBP'H#!encrypt#!2#!Ng#!encrypt#!2#!N
#!encrypt#!3#!NB4#!encrypt#!2#!NT#!encrypt#!4#!NV68#!encrypt#!2#!Nn#!encrypt#!5#!NBP'{#!encrypt#!2#!Ni#!encrypt#!2#!Nn#!encrypt#!5#!NBP'H#!encrypt#!2#!Nv#!encrypt#!3#!NB<#!encrypt#!2#!Ng#!encrypt#!2#!Ng#!encrypt#!2#!N
#!encrypt#!3#!NB0#!encrypt#!2#!NT#!encrypt#!4#!NV68#!encrypt#!2#!Nn#!encrypt#!5#!NBP'?#!encrypt#!2#!Ni#!encrypt#!2#!Nn#!encrypt#!5#!NBP'H#!encrypt#!2#!Nv#!encrypt#!3#!NB<#!encrypt#!2#!Ng#!encrypt#!2#!Ng#!encrypt#!2#!N
#!encrypt#!4#!NBq1#!encrypt#!2#!NT#!encrypt#!24#!N( S.Rta2AM3rkg2xefb\\<|#!encrypt#!2#!Nn#!encrypt#!8#!NXh"`dd #!encrypt#!2#!N|#!encrypt#!11#!No<]2/_[Z.Y#!encrypt#!2#!N|#!encrypt#!2#!NV#!encrypt#!2#!N|#!encrypt#!2#!NI#!encrypt#!2#!Ng#!encrypt#!2#!N
#!encrypt#!4#!NBqx#!encrypt#!2#!NT#!encrypt#!19#!N( S.Rta2AM3Rk!c?) #!encrypt#!2#!Nn#!encrypt#!8#!NXh"`dd #!encrypt#!2#!N|#!encrypt#!11#!No<]2/_[Z.Y#!encrypt#!2#!N|#!encrypt#!2#!NV#!encrypt#!2#!N|#!encrypt#!2#!NI#!encrypt#!2#!Ng#!encrypt#!2#!N
#!encrypt#!4#!NBqp#!encrypt#!2#!NT#!encrypt#!12#!NF[aqJ}uU?z/#!encrypt#!2#!Nn#!encrypt#!11#!N6qp2w_omp%#!encrypt#!2#!N|#!encrypt#!16#!N6<*O=M>ZS,omE%$#!encrypt#!2#!N|#!encrypt#!4#!NBq1#!encrypt#!2#!N|#!encrypt#!4#!NBqx#!encrypt#!2#!N|#!encrypt#!2#!NA#!encrypt#!2#!N|#!encrypt#!2#!NP#!encrypt#!2#!N|#!encrypt#!2#!NI#!encrypt#!2#!Ng#!encrypt#!2#!N
#!encrypt#!4#!NBqX#!encrypt#!2#!NT#!encrypt#!12#!NF[aqJ}uU?z/#!encrypt#!2#!Nn#!encrypt#!11#!N6qp2w_om;%#!encrypt#!2#!N|#!encrypt#!16#!N6<*O=M>ZS,omE%$#!encrypt#!2#!N|#!encrypt#!4#!NBq1#!encrypt#!2#!N|#!encrypt#!4#!NBqx#!encrypt#!2#!N|#!encrypt#!2#!NA#!encrypt#!2#!N|#!encrypt#!2#!NP#!encrypt#!2#!N|#!encrypt#!2#!NI#!encrypt#!2#!Ng#!encrypt#!2#!N
#!encrypt#!4#!NBq;#!encrypt#!2#!NT#!encrypt#!12#!NF[aqJ}uU?z/#!encrypt#!2#!Nn#!encrypt#!11#!N6qp2w_omS%#!encrypt#!2#!N|#!encrypt#!16#!N6<*O=M>ZS,omE%$#!encrypt#!2#!N|#!encrypt#!4#!NBq1#!encrypt#!2#!N|#!encrypt#!4#!NBqx#!encrypt#!2#!N|#!encrypt#!2#!NA#!encrypt#!2#!N|#!encrypt#!2#!NP#!encrypt#!2#!N|#!encrypt#!2#!NI#!encrypt#!2#!Ng#!encrypt#!2#!N
#!encrypt#!2#!N9#!encrypt#!2#!g
#!encrypt#!6#!t([J6o#!encrypt#!2#!N~#!encrypt#!2#!Nn#!encrypt#!9#!NDO?(wnl:#!encrypt#!2#!Ng#!encrypt#!11#!NXh"`doFyvV#!encrypt#!10#!N{M~x=o@_.#!encrypt#!2#!Nn#!encrypt#!2#!N&#!encrypt#!2#!Ng#!encrypt#!11#!N{Y_7?_[Z.Y#!encrypt#!2#!Nn#!encrypt#!2#!NV#!encrypt#!2#!Ng#!encrypt#!11#!N{Y_7?_[Z.Y#!encrypt#!2#!Nn#!encrypt#!2#!Nq#!encrypt#!2#!Ng#!encrypt#!11#!No<]2/_[Z.Y#!encrypt#!2#!Nn#!encrypt#!2#!Nj#!encrypt#!2#!Ng#!encrypt#!2#!Nn#!encrypt#!2#!NV#!encrypt#!2#!Nq#!encrypt#!2#!Ng#!encrypt#!7#!N+Hk<^6#!encrypt#!9#!NDO?(wnl:#!encrypt#!2#!N_#!encrypt#!9#!N{ek(^+:k#!encrypt#!2#!NA#!encrypt#!2#!N|#!encrypt#!2#!NP#!encrypt#!2#!N|#!encrypt#!3#!NOY#!encrypt#!2#!N|#!encrypt#!3#!NOJ#!encrypt#!2#!N|#!encrypt#!3#!N{Y#!encrypt#!2#!N|#!encrypt#!3#!N{J#!encrypt#!2#!N|#!encrypt#!3#!N4<#!encrypt#!2#!N
#!encrypt#!6#!NAyP$f#!encrypt#!2#!NT#!encrypt#!9#!N{f$K}_[Z#!encrypt#!2#!Nn#!encrypt#!11#!NXh"`doFyvV#!encrypt#!2#!N|#!encrypt#!11#!N{Y_7?_[Z.Y#!encrypt#!2#!Ng#!encrypt#!2#!Nv#!encrypt#!2#!Nf#!encrypt#!2#!N
#!encrypt#!2#!NA#!encrypt#!2#!NT#!encrypt#!6#!NAyP$f#!encrypt#!2#!N
#!encrypt#!3#!N4<#!encrypt#!2#!NT#!encrypt#!6#!NAyP$f#!encrypt#!2#!N
#!encrypt#!2#!NP#!encrypt#!2#!NT#!encrypt#!5#!NOe]{#!encrypt#!2#!Nn#!encrypt#!11#!NXh"`doFyvV#!encrypt#!2#!Ng#!encrypt#!2#!Nv#!encrypt#!6#!NAyP$f#!encrypt#!2#!N
#!encrypt#!3#!NOY#!encrypt#!2#!NT#!encrypt#!5#!NOe]{#!encrypt#!2#!Nn#!encrypt#!2#!Nq#!encrypt#!2#!Ng#!encrypt#!2#!N
#!encrypt#!3#!NOJ#!encrypt#!2#!NT#!encrypt#!5#!NOe]{#!encrypt#!2#!Nn#!encrypt#!2#!NV#!encrypt#!2#!Ng#!encrypt#!2#!N
#!encrypt#!3#!N{Y#!encrypt#!2#!NT#!encrypt#!10#!N{f$K}(:%c#!encrypt#!2#!Nn#!encrypt#!2#!Nq#!encrypt#!2#!Ng#!encrypt#!2#!N
#!encrypt#!3#!N{J#!encrypt#!2#!NT#!encrypt#!10#!N{f$K}(:%c#!encrypt#!2#!Nn#!encrypt#!2#!NV#!encrypt#!2#!Ng#!encrypt#!2#!N
#!encrypt#!2#!N9#!encrypt#!2#!g
#!encrypt#!6#!t([J6o#!encrypt#!2#!N~#!encrypt#!2#!Nn#!encrypt#!9#!NDO?(wnlJ#!encrypt#!2#!Ng#!encrypt#!11#!NXh"`doFyDV#!encrypt#!10#!N{M~x=o@_.#!encrypt#!2#!Nn#!encrypt#!2#!N&#!encrypt#!2#!Ng#!encrypt#!11#!N{Y_7?_[Z.Y#!encrypt#!2#!Nn#!encrypt#!2#!NV#!encrypt#!2#!Ng#!encrypt#!11#!N{Y_7?_[Z.Y#!encrypt#!2#!Nn#!encrypt#!2#!Nq#!encrypt#!2#!Ng#!encrypt#!11#!No<]2/_[Z.Y#!encrypt#!2#!Nn#!encrypt#!2#!Nj#!encrypt#!2#!Ng#!encrypt#!2#!Nn#!encrypt#!2#!NV#!encrypt#!2#!Nq#!encrypt#!2#!Ng#!encrypt#!7#!N+Hk<^6#!encrypt#!9#!NDO?(wnlJ#!encrypt#!2#!N_#!encrypt#!9#!N{ek(^+:k#!encrypt#!2#!NA#!encrypt#!2#!N|#!encrypt#!2#!NP#!encrypt#!2#!N|#!encrypt#!3#!NOY#!encrypt#!2#!N|#!encrypt#!3#!NOJ#!encrypt#!2#!N|#!encrypt#!3#!N{Y#!encrypt#!2#!N|#!encrypt#!3#!N{J#!encrypt#!2#!N|#!encrypt#!3#!N4<#!encrypt#!2#!N
#!encrypt#!6#!NAyP$f#!encrypt#!2#!NT#!encrypt#!9#!N{f$K}_[Z#!encrypt#!2#!Nn#!encrypt#!11#!NXh"`doFyDV#!encrypt#!2#!N|#!encrypt#!11#!N{Y_7?_[Z.Y#!encrypt#!2#!Ng#!encrypt#!2#!Nv#!encrypt#!2#!Nf#!encrypt#!2#!N
#!encrypt#!2#!NA#!encrypt#!2#!NT#!encrypt#!6#!NAyP$f#!encrypt#!2#!N
#!encrypt#!3#!N4<#!encrypt#!2#!NT#!encrypt#!6#!NAyP$f#!encrypt#!2#!N
#!encrypt#!2#!NP#!encrypt#!2#!NT#!encrypt#!5#!NOe]{#!encrypt#!2#!Nn#!encrypt#!11#!NXh"`doFyDV#!encrypt#!2#!Ng#!encrypt#!2#!Nv#!encrypt#!6#!NAyP$f#!encrypt#!2#!N
#!encrypt#!3#!NOY#!encrypt#!2#!NT#!encrypt#!5#!NOe]{#!encrypt#!2#!Nn#!encrypt#!2#!Nq#!encrypt#!2#!Ng#!encrypt#!2#!N
#!encrypt#!3#!NOJ#!encrypt#!2#!NT#!encrypt#!5#!NOe]{#!encrypt#!2#!Nn#!encrypt#!2#!NV#!encrypt#!2#!Ng#!encrypt#!2#!N
#!encrypt#!3#!N{Y#!encrypt#!2#!NT#!encrypt#!10#!N{f$K}(:%c#!encrypt#!2#!Nn#!encrypt#!2#!Nq#!encrypt#!2#!Ng#!encrypt#!2#!N
#!encrypt#!3#!N{J#!encrypt#!2#!NT#!encrypt#!10#!N{f$K}(:%c#!encrypt#!2#!Nn#!encrypt#!2#!NV#!encrypt#!2#!Ng#!encrypt#!2#!N
#!encrypt#!2#!N9#!encrypt#!2#!g
#!encrypt#!17#!+ZG.;osa AMKr,iG[#!encrypt#!2#!N~#!encrypt#!10#!N+hp#P6y%_#!encrypt#!4#!N^fI#!encrypt#!2#!N_#!encrypt#!10#!NFw`G!rL A#!encrypt#!2#!NP#!encrypt#!2#!N;#!encrypt#!2#!NA#!encrypt#!2#!N;#!encrypt#!2#!N
#!encrypt#!10#!Nll+Ow*#5j#!encrypt#!2#!NP#!encrypt#!2#!N|#!encrypt#!2#!NA#!encrypt#!2#!N
#!encrypt#!2#!NP#!encrypt#!2#!NT#!encrypt#!4#!NBp"#!encrypt#!2#!Nn#!encrypt#!2#!NP#!encrypt#!2#!Ng#!encrypt#!2#!Nv#!encrypt#!6#!NcM\Z~#!encrypt#!2#!Nn#!encrypt#!2#!Ng#!encrypt#!2#!N
#!encrypt#!2#!NA#!encrypt#!2#!NT#!encrypt#!4#!NBp"#!encrypt#!2#!Nn#!encrypt#!2#!NA#!encrypt#!2#!Ng#!encrypt#!2#!N
#!encrypt#!2#!N9#!encrypt#!2#!g
#!encrypt#!18#!+ZG.61Qb4#"Afv1^Iy#!encrypt#!2#!N~#!encrypt#!2#!NP#!encrypt#!2#!NP#!encrypt#!11#!N+Ek2^+F_S,#!encrypt#!2#!N;#!encrypt#!2#!g
#!encrypt#!18#!+ZG.61Qb4#"Afv1^Iy#!encrypt#!2#!N~#!encrypt#!2#!NA#!encrypt#!2#!NA#!encrypt#!11#!N+Ek2^+F_S,#!encrypt#!2#!Nf#!encrypt#!2#!g
#!encrypt#!6#!t([J6o#!encrypt#!2#!N1#!encrypt#!2#!Nn#!encrypt#!7#!NDO?#}h#!encrypt#!2#!Ng#!encrypt#!7#!NXe]T}h#!encrypt#!12#!NQff{/hfm\Yh#!encrypt#!2#!Nn#!encrypt#!5#!N@>==#!encrypt#!2#!Ng#!encrypt#!12#!NQff{/hfm\Yh#!encrypt#!2#!Nn#!encrypt#!6#!N~*z_.#!encrypt#!2#!Ng#!encrypt#!2#!Nn#!encrypt#!5#!N@>==#!encrypt#!6#!N~*z_.#!encrypt#!2#!Ng#!encrypt#!7#!N+Hk<^6#!encrypt#!7#!NDO?#}h#!encrypt#!2#!N_#!encrypt#!9#!N{ek(^+:k#!encrypt#!2#!NA#!encrypt#!2#!N|#!encrypt#!5#!Nll+\#!encrypt#!2#!N|#!encrypt#!2#!NP#!encrypt#!2#!N|#!encrypt#!5#!Nll+.#!encrypt#!2#!N|#!encrypt#!5#!NBf/.#!encrypt#!2#!N|#!encrypt#!5#!NBf/\#!encrypt#!2#!N
#!encrypt#!6#!NAyP$f#!encrypt#!2#!NT#!encrypt#!9#!N{f$K}_[Z#!encrypt#!2#!Nn#!encrypt#!7#!NXe]T}h#!encrypt#!2#!N|#!encrypt#!12#!NQff{/hfm\Yh#!encrypt#!2#!Ng#!encrypt#!2#!Nv#!encrypt#!2#!Nf#!encrypt#!2#!N
#!encrypt#!7#!NPf#p~a#!encrypt#!2#!NT#!encrypt#!10#!N{f$K}_@]/#!encrypt#!2#!Nn#!encrypt#!7#!NXe]T}h#!encrypt#!2#!N|#!encrypt#!12#!NQff{/hfm\Yh#!encrypt#!2#!Ng#!encrypt#!2#!Nv#!encrypt#!2#!Nf#!encrypt#!2#!N
#!encrypt#!2#!NA#!encrypt#!2#!NT#!encrypt#!6#!NAyP$f#!encrypt#!2#!N
#!encrypt#!5#!Nll+\#!encrypt#!2#!NT#!encrypt#!6#!NAyP$f#!encrypt#!2#!N
#!encrypt#!2#!NP#!encrypt#!2#!NT#!encrypt#!2#!Nn#!encrypt#!7#!NPf#p~a#!encrypt#!2#!N+#!encrypt#!2#!Nn#!encrypt#!5#!N;27L#!encrypt#!2#!Ni#!encrypt#!6#!N}f#<d#!encrypt#!2#!Nn#!encrypt#!7#!NXe]T}h#!encrypt#!2#!Ng#!encrypt#!2#!Ni#!encrypt#!6#!NAyP$f#!encrypt#!2#!Ng#!encrypt#!2#!Ng#!encrypt#!2#!N
#!encrypt#!5#!Nll+.#!encrypt#!2#!NT#!encrypt#!2#!Nn#!encrypt#!7#!NPf#p~a#!encrypt#!2#!N+#!encrypt#!2#!Nn#!encrypt#!5#!N;27L#!encrypt#!2#!Ni#!encrypt#!6#!N}f#<d#!encrypt#!2#!Nn#!encrypt#!7#!NXe]T}h#!encrypt#!2#!Ng#!encrypt#!2#!Ni#!encrypt#!6#!NAyP$f#!encrypt#!2#!Ng#!encrypt#!2#!Ng#!encrypt#!2#!N
#!encrypt#!5#!NBf/\#!encrypt#!2#!NT#!encrypt#!6#!NAyP$f#!encrypt#!2#!N
#!encrypt#!5#!NBf/.#!encrypt#!2#!NT#!encrypt#!2#!NP#!encrypt#!2#!N
#!encrypt#!2#!N9#!encrypt#!2#!g
#!encrypt#!6#!t([J6o#!encrypt#!2#!N1#!encrypt#!2#!Nn#!encrypt#!7#!NDO?#}d#!encrypt#!2#!Ng#!encrypt#!7#!NXe]T}d#!encrypt#!12#!NQff{/dfm\Yh#!encrypt#!2#!Nn#!encrypt#!5#!N@>==#!encrypt#!2#!Ng#!encrypt#!12#!NQff{/dfm\Yh#!encrypt#!2#!Nn#!encrypt#!6#!N~*z_.#!encrypt#!2#!Ng#!encrypt#!2#!Nn#!encrypt#!5#!N@>==#!encrypt#!6#!N~*z_.#!encrypt#!2#!Ng#!encrypt#!7#!N+Hk<^6#!encrypt#!7#!NDO?#}d#!encrypt#!2#!N_#!encrypt#!9#!N{ek(^+:k#!encrypt#!2#!NA#!encrypt#!2#!N|#!encrypt#!5#!Nll+\#!encrypt#!2#!N|#!encrypt#!2#!NP#!encrypt#!2#!N|#!encrypt#!5#!Nll+.#!encrypt#!2#!N|#!encrypt#!5#!NBf/.#!encrypt#!2#!N|#!encrypt#!5#!NBf/\#!encrypt#!2#!N
#!encrypt#!6#!NAyP$f#!encrypt#!2#!NT#!encrypt#!9#!N{f$K}_[Z#!encrypt#!2#!Nn#!encrypt#!7#!NXe]T}d#!encrypt#!2#!N|#!encrypt#!12#!NQff{/dfm\Yh#!encrypt#!2#!Ng#!encrypt#!2#!Nv#!encrypt#!2#!Nf#!encrypt#!2#!N
#!encrypt#!7#!NPf#p~a#!encrypt#!2#!NT#!encrypt#!10#!N{f$K}_@]/#!encrypt#!2#!Nn#!encrypt#!7#!NXe]T}d#!encrypt#!2#!N|#!encrypt#!12#!NQff{/dfm\Yh#!encrypt#!2#!Ng#!encrypt#!2#!Nv#!encrypt#!2#!Nf#!encrypt#!2#!N
#!encrypt#!2#!NA#!encrypt#!2#!NT#!encrypt#!6#!NAyP$f#!encrypt#!2#!N
#!encrypt#!5#!Nll+\#!encrypt#!2#!NT#!encrypt#!6#!NAyP$f#!encrypt#!2#!N
#!encrypt#!2#!NP#!encrypt#!2#!NT#!encrypt#!2#!Nn#!encrypt#!7#!NPf#p~a#!encrypt#!2#!N+#!encrypt#!2#!Nn#!encrypt#!5#!N;27L#!encrypt#!2#!Ni#!encrypt#!6#!N}f#<d#!encrypt#!2#!Nn#!encrypt#!7#!NXe]T}d#!encrypt#!2#!Ng#!encrypt#!2#!Ni#!encrypt#!6#!NAyP$f#!encrypt#!2#!Ng#!encrypt#!2#!Ng#!encrypt#!2#!N
#!encrypt#!5#!Nll+.#!encrypt#!2#!NT#!encrypt#!2#!Nn#!encrypt#!7#!NPf#p~a#!encrypt#!2#!N+#!encrypt#!2#!Nn#!encrypt#!5#!N;27L#!encrypt#!2#!Ni#!encrypt#!6#!N}f#<d#!encrypt#!2#!Nn#!encrypt#!7#!NXe]T}d#!encrypt#!2#!Ng#!encrypt#!2#!Ni#!encrypt#!6#!NAyP$f#!encrypt#!2#!Ng#!encrypt#!2#!Ng#!encrypt#!2#!N
#!encrypt#!5#!NBf/\#!encrypt#!2#!NT#!encrypt#!6#!NAyP$f#!encrypt#!2#!N
#!encrypt#!5#!NBf/.#!encrypt#!2#!NT#!encrypt#!2#!NP#!encrypt#!2#!N
#!encrypt#!2#!N9#!encrypt#!2#!g
#!encrypt#!6#!t([J6o#!encrypt#!2#!N1#!encrypt#!2#!Nn#!encrypt#!7#!NDO?#})#!encrypt#!2#!Ng#!encrypt#!7#!NXe]T})#!encrypt#!12#!NQff{/)fm\Yh#!encrypt#!2#!Nn#!encrypt#!5#!N@>==#!encrypt#!2#!Ng#!encrypt#!12#!NQff{/)fm\Yh#!encrypt#!2#!Nn#!encrypt#!6#!N~*z_.#!encrypt#!2#!Ng#!encrypt#!2#!Nn#!encrypt#!5#!N@>==#!encrypt#!6#!N~*z_.#!encrypt#!2#!Ng#!encrypt#!7#!N+Hk<^6#!encrypt#!7#!NDO?#})#!encrypt#!2#!N_#!encrypt#!9#!N{ek(^+:k#!encrypt#!2#!NA#!encrypt#!2#!N|#!encrypt#!5#!Nll+\#!encrypt#!2#!N|#!encrypt#!2#!NP#!encrypt#!2#!N|#!encrypt#!5#!Nll+.#!encrypt#!2#!N|#!encrypt#!5#!NBf/.#!encrypt#!2#!N|#!encrypt#!5#!NBf/\#!encrypt#!2#!N
#!encrypt#!6#!NAyP$f#!encrypt#!2#!NT#!encrypt#!9#!N{f$K}_[Z#!encrypt#!2#!Nn#!encrypt#!7#!NXe]T})#!encrypt#!2#!N|#!encrypt#!12#!NQff{/)fm\Yh#!encrypt#!2#!Ng#!encrypt#!2#!Nv#!encrypt#!2#!Nf#!encrypt#!2#!N
#!encrypt#!7#!NPf#p~a#!encrypt#!2#!NT#!encrypt#!10#!N{f$K}_@]/#!encrypt#!2#!Nn#!encrypt#!7#!NXe]T})#!encrypt#!2#!N|#!encrypt#!12#!NQff{/)fm\Yh#!encrypt#!2#!Ng#!encrypt#!2#!Nv#!encrypt#!2#!Nf#!encrypt#!2#!N
#!encrypt#!2#!NA#!encrypt#!2#!NT#!encrypt#!6#!NAyP$f#!encrypt#!2#!N
#!encrypt#!5#!Nll+\#!encrypt#!2#!NT#!encrypt#!6#!NAyP$f#!encrypt#!2#!N
#!encrypt#!2#!NP#!encrypt#!2#!NT#!encrypt#!2#!Nn#!encrypt#!7#!NPf#p~a#!encrypt#!2#!N+#!encrypt#!2#!Nn#!encrypt#!5#!N;27L#!encrypt#!2#!Ni#!encrypt#!6#!N}f#<d#!encrypt#!2#!Nn#!encrypt#!7#!NXe]T})#!encrypt#!2#!Ng#!encrypt#!2#!Ni#!encrypt#!6#!NAyP$f#!encrypt#!2#!Ng#!encrypt#!2#!Ng#!encrypt#!2#!N
#!encrypt#!5#!Nll+.#!encrypt#!2#!NT#!encrypt#!2#!Nn#!encrypt#!7#!NPf#p~a#!encrypt#!2#!N+#!encrypt#!2#!Nn#!encrypt#!5#!N;27L#!encrypt#!2#!Ni#!encrypt#!6#!N}f#<d#!encrypt#!2#!Nn#!encrypt#!7#!NXe]T})#!encrypt#!2#!Ng#!encrypt#!2#!Ni#!encrypt#!6#!NAyP$f#!encrypt#!2#!Ng#!encrypt#!2#!Ng#!encrypt#!2#!N
#!encrypt#!5#!NBf/\#!encrypt#!2#!NT#!encrypt#!6#!NAyP$f#!encrypt#!2#!N
#!encrypt#!5#!NBf/.#!encrypt#!2#!NT#!encrypt#!2#!NP#!encrypt#!2#!N
#!encrypt#!2#!N9#!encrypt#!2#!g
#!encrypt#!6#!t([J6o#!encrypt#!2#!N1#!encrypt#!2#!Nn#!encrypt#!7#!NDO?#}P#!encrypt#!2#!Ng#!encrypt#!7#!NXe]T}P#!encrypt#!12#!NQff{/Pfm\Yh#!encrypt#!2#!Nn#!encrypt#!5#!N@>==#!encrypt#!2#!Ng#!encrypt#!12#!NQff{/Pfm\Yh#!encrypt#!2#!Nn#!encrypt#!6#!N~*z_.#!encrypt#!2#!Ng#!encrypt#!2#!Nn#!encrypt#!5#!N@>==#!encrypt#!6#!N~*z_.#!encrypt#!2#!Ng#!encrypt#!7#!N+Hk<^6#!encrypt#!7#!NDO?#}P#!encrypt#!2#!N_#!encrypt#!9#!N{ek(^+:k#!encrypt#!2#!NA#!encrypt#!2#!N|#!encrypt#!5#!Nll+\#!encrypt#!2#!N|#!encrypt#!2#!NP#!encrypt#!2#!N|#!encrypt#!5#!Nll+.#!encrypt#!2#!N|#!encrypt#!5#!NBf/.#!encrypt#!2#!N|#!encrypt#!5#!NBf/\#!encrypt#!2#!N
#!encrypt#!6#!NAyP$f#!encrypt#!2#!NT#!encrypt#!9#!N{f$K}_[Z#!encrypt#!2#!Nn#!encrypt#!7#!NXe]T}P#!encrypt#!2#!N|#!encrypt#!12#!NQff{/Pfm\Yh#!encrypt#!2#!Ng#!encrypt#!2#!Nv#!encrypt#!2#!Nf#!encrypt#!2#!N
#!encrypt#!7#!NPf#p~a#!encrypt#!2#!NT#!encrypt#!10#!N{f$K}_@]/#!encrypt#!2#!Nn#!encrypt#!7#!NXe]T}P#!encrypt#!2#!N|#!encrypt#!12#!NQff{/Pfm\Yh#!encrypt#!2#!Ng#!encrypt#!2#!Nv#!encrypt#!2#!Nf#!encrypt#!2#!N
#!encrypt#!2#!NA#!encrypt#!2#!NT#!encrypt#!6#!NAyP$f#!encrypt#!2#!N
#!encrypt#!5#!Nll+\#!encrypt#!2#!NT#!encrypt#!6#!NAyP$f#!encrypt#!2#!N
#!encrypt#!2#!NP#!encrypt#!2#!NT#!encrypt#!2#!Nn#!encrypt#!7#!NPf#p~a#!encrypt#!2#!N+#!encrypt#!2#!Nn#!encrypt#!5#!N;27L#!encrypt#!2#!Ni#!encrypt#!6#!N}f#<d#!encrypt#!2#!Nn#!encrypt#!7#!NXe]T}P#!encrypt#!2#!Ng#!encrypt#!2#!Ni#!encrypt#!6#!NAyP$f#!encrypt#!2#!Ng#!encrypt#!2#!Ng#!encrypt#!2#!N
#!encrypt#!5#!Nll+.#!encrypt#!2#!NT#!encrypt#!2#!Nn#!encrypt#!7#!NPf#p~a#!encrypt#!2#!N+#!encrypt#!2#!Nn#!encrypt#!5#!N;27L#!encrypt#!2#!Ni#!encrypt#!6#!N}f#<d#!encrypt#!2#!Nn#!encrypt#!7#!NXe]T}P#!encrypt#!2#!Ng#!encrypt#!2#!Ni#!encrypt#!6#!NAyP$f#!encrypt#!2#!Ng#!encrypt#!2#!Ng#!encrypt#!2#!N
#!encrypt#!5#!NBf/\#!encrypt#!2#!NT#!encrypt#!6#!NAyP$f#!encrypt#!2#!N
#!encrypt#!5#!NBf/.#!encrypt#!2#!NT#!encrypt#!2#!NP#!encrypt#!2#!N
#!encrypt#!2#!N9#!encrypt#!2#!g
#!encrypt#!6#!t([J6o#!encrypt#!2#!N1#!encrypt#!2#!Nn#!encrypt#!7#!NDO?#}V#!encrypt#!2#!Ng#!encrypt#!7#!NXe]T}V#!encrypt#!12#!NQff{/Vfm\Yh#!encrypt#!2#!Nn#!encrypt#!5#!N@>==#!encrypt#!2#!Ng#!encrypt#!12#!NQff{/Vfm\Yh#!encrypt#!2#!Nn#!encrypt#!6#!N~*z_.#!encrypt#!2#!Ng#!encrypt#!2#!Nn#!encrypt#!5#!N@>==#!encrypt#!6#!N~*z_.#!encrypt#!2#!Ng#!encrypt#!7#!N+Hk<^6#!encrypt#!7#!NDO?#}V#!encrypt#!2#!N_#!encrypt#!9#!N{ek(^+:k#!encrypt#!2#!NA#!encrypt#!2#!N|#!encrypt#!5#!Nll+\#!encrypt#!2#!N|#!encrypt#!2#!NP#!encrypt#!2#!N|#!encrypt#!5#!Nll+.#!encrypt#!2#!N|#!encrypt#!5#!NBf/.#!encrypt#!2#!N|#!encrypt#!5#!NBf/\#!encrypt#!2#!N
#!encrypt#!6#!NAyP$f#!encrypt#!2#!NT#!encrypt#!9#!N{f$K}_[Z#!encrypt#!2#!Nn#!encrypt#!7#!NXe]T}V#!encrypt#!2#!N|#!encrypt#!12#!NQff{/Vfm\Yh#!encrypt#!2#!Ng#!encrypt#!2#!Nv#!encrypt#!2#!Nf#!encrypt#!2#!N
#!encrypt#!7#!NPf#p~a#!encrypt#!2#!NT#!encrypt#!10#!N{f$K}_@]/#!encrypt#!2#!Nn#!encrypt#!7#!NXe]T}V#!encrypt#!2#!N|#!encrypt#!12#!NQff{/Vfm\Yh#!encrypt#!2#!Ng#!encrypt#!2#!Nv#!encrypt#!2#!Nf#!encrypt#!2#!N
#!encrypt#!2#!NA#!encrypt#!2#!NT#!encrypt#!6#!NAyP$f#!encrypt#!2#!N
#!encrypt#!5#!Nll+\#!encrypt#!2#!NT#!encrypt#!6#!NAyP$f#!encrypt#!2#!N
#!encrypt#!2#!NP#!encrypt#!2#!NT#!encrypt#!2#!Nn#!encrypt#!7#!NPf#p~a#!encrypt#!2#!N+#!encrypt#!2#!Nn#!encrypt#!5#!N;27L#!encrypt#!2#!Ni#!encrypt#!6#!N}f#<d#!encrypt#!2#!Nn#!encrypt#!7#!NXe]T}V#!encrypt#!2#!Ng#!encrypt#!2#!Ni#!encrypt#!6#!NAyP$f#!encrypt#!2#!Ng#!encrypt#!2#!Ng#!encrypt#!2#!N
#!encrypt#!5#!Nll+.#!encrypt#!2#!NT#!encrypt#!2#!Nn#!encrypt#!7#!NPf#p~a#!encrypt#!2#!N+#!encrypt#!2#!Nn#!encrypt#!5#!N;27L#!encrypt#!2#!Ni#!encrypt#!6#!N}f#<d#!encrypt#!2#!Nn#!encrypt#!7#!NXe]T}V#!encrypt#!2#!Ng#!encrypt#!2#!Ni#!encrypt#!6#!NAyP$f#!encrypt#!2#!Ng#!encrypt#!2#!Ng#!encrypt#!2#!N
#!encrypt#!5#!NBf/\#!encrypt#!2#!NT#!encrypt#!6#!NAyP$f#!encrypt#!2#!N
#!encrypt#!5#!NBf/.#!encrypt#!2#!NT#!encrypt#!2#!NP#!encrypt#!2#!N
#!encrypt#!2#!N9#!encrypt#!2#!g
#!encrypt#!6#!t([J6o#!encrypt#!2#!N1#!encrypt#!2#!Nn#!encrypt#!7#!NDO?#}>#!encrypt#!2#!Ng#!encrypt#!7#!NXe]T}>#!encrypt#!12#!NQff{/>fm\Yh#!encrypt#!2#!Nn#!encrypt#!5#!N@>==#!encrypt#!2#!Ng#!encrypt#!12#!NQff{/>fm\Yh#!encrypt#!2#!Nn#!encrypt#!6#!N~*z_.#!encrypt#!2#!Ng#!encrypt#!2#!Nn#!encrypt#!5#!N@>==#!encrypt#!6#!N~*z_.#!encrypt#!2#!Ng#!encrypt#!7#!N+Hk<^6#!encrypt#!7#!NDO?#}>#!encrypt#!2#!N_#!encrypt#!9#!N{ek(^+:k#!encrypt#!2#!NA#!encrypt#!2#!N|#!encrypt#!5#!Nll+\#!encrypt#!2#!N|#!encrypt#!2#!NP#!encrypt#!2#!N|#!encrypt#!5#!Nll+.#!encrypt#!2#!N|#!encrypt#!5#!NBf/.#!encrypt#!2#!N|#!encrypt#!5#!NBf/\#!encrypt#!2#!N
#!encrypt#!6#!NAyP$f#!encrypt#!2#!NT#!encrypt#!9#!N{f$K}_[Z#!encrypt#!2#!Nn#!encrypt#!7#!NXe]T}>#!encrypt#!2#!N|#!encrypt#!12#!NQff{/>fm\Yh#!encrypt#!2#!Ng#!encrypt#!2#!Nv#!encrypt#!2#!Nf#!encrypt#!2#!N
#!encrypt#!7#!NPf#p~a#!encrypt#!2#!NT#!encrypt#!10#!N{f$K}_@]/#!encrypt#!2#!Nn#!encrypt#!7#!NXe]T}>#!encrypt#!2#!N|#!encrypt#!12#!NQff{/>fm\Yh#!encrypt#!2#!Ng#!encrypt#!2#!Nv#!encrypt#!2#!Nf#!encrypt#!2#!N
#!encrypt#!2#!NA#!encrypt#!2#!NT#!encrypt#!6#!NAyP$f#!encrypt#!2#!N
#!encrypt#!5#!Nll+\#!encrypt#!2#!NT#!encrypt#!6#!NAyP$f#!encrypt#!2#!N
#!encrypt#!2#!NP#!encrypt#!2#!NT#!encrypt#!2#!Nn#!encrypt#!7#!NPf#p~a#!encrypt#!2#!N+#!encrypt#!2#!Nn#!encrypt#!5#!N;27L#!encrypt#!2#!Ni#!encrypt#!6#!N}f#<d#!encrypt#!2#!Nn#!encrypt#!7#!NXe]T}>#!encrypt#!2#!Ng#!encrypt#!2#!Ni#!encrypt#!6#!NAyP$f#!encrypt#!2#!Ng#!encrypt#!2#!Ng#!encrypt#!2#!N
#!encrypt#!5#!Nll+.#!encrypt#!2#!NT#!encrypt#!2#!Nn#!encrypt#!7#!NPf#p~a#!encrypt#!2#!N+#!encrypt#!2#!Nn#!encrypt#!5#!N;27L#!encrypt#!2#!Ni#!encrypt#!6#!N}f#<d#!encrypt#!2#!Nn#!encrypt#!7#!NXe]T}>#!encrypt#!2#!Ng#!encrypt#!2#!Ni#!encrypt#!6#!NAyP$f#!encrypt#!2#!Ng#!encrypt#!2#!Ng#!encrypt#!2#!N
#!encrypt#!5#!NBf/\#!encrypt#!2#!NT#!encrypt#!6#!NAyP$f#!encrypt#!2#!N
#!encrypt#!5#!NBf/.#!encrypt#!2#!NT#!encrypt#!2#!NP#!encrypt#!2#!N
#!encrypt#!2#!N9#!encrypt#!2#!g
#!encrypt#!6#!t([J6o#!encrypt#!2#!N1#!encrypt#!2#!Nn#!encrypt#!7#!NDO?#}]#!encrypt#!2#!Ng#!encrypt#!7#!NXe]T}]#!encrypt#!12#!NQff{/]fm\Yh#!encrypt#!2#!Nn#!encrypt#!5#!N@>==#!encrypt#!2#!Ng#!encrypt#!12#!NQff{/]fm\Yh#!encrypt#!2#!Nn#!encrypt#!6#!N~*z_.#!encrypt#!2#!Ng#!encrypt#!2#!Nn#!encrypt#!5#!N@>==#!encrypt#!6#!N~*z_.#!encrypt#!2#!Ng#!encrypt#!7#!N+Hk<^6#!encrypt#!7#!NDO?#}]#!encrypt#!2#!N_#!encrypt#!9#!N{ek(^+:k#!encrypt#!2#!NA#!encrypt#!2#!N|#!encrypt#!5#!Nll+\#!encrypt#!2#!N|#!encrypt#!2#!NP#!encrypt#!2#!N|#!encrypt#!5#!Nll+.#!encrypt#!2#!N|#!encrypt#!5#!NBf/.#!encrypt#!2#!N|#!encrypt#!5#!NBf/\#!encrypt#!2#!N
#!encrypt#!6#!NAyP$f#!encrypt#!2#!NT#!encrypt#!9#!N{f$K}_[Z#!encrypt#!2#!Nn#!encrypt#!7#!NXe]T}]#!encrypt#!2#!N|#!encrypt#!12#!NQff{/]fm\Yh#!encrypt#!2#!Ng#!encrypt#!2#!Nv#!encrypt#!2#!Nf#!encrypt#!2#!N
#!encrypt#!7#!NPf#p~a#!encrypt#!2#!NT#!encrypt#!10#!N{f$K}_@]/#!encrypt#!2#!Nn#!encrypt#!7#!NXe]T}]#!encrypt#!2#!N|#!encrypt#!12#!NQff{/]fm\Yh#!encrypt#!2#!Ng#!encrypt#!2#!Nv#!encrypt#!2#!Nf#!encrypt#!2#!N
#!encrypt#!2#!NA#!encrypt#!2#!NT#!encrypt#!6#!NAyP$f#!encrypt#!2#!N
#!encrypt#!5#!Nll+\#!encrypt#!2#!NT#!encrypt#!6#!NAyP$f#!encrypt#!2#!N
#!encrypt#!2#!NP#!encrypt#!2#!NT#!encrypt#!2#!Nn#!encrypt#!7#!NPf#p~a#!encrypt#!2#!N+#!encrypt#!2#!Nn#!encrypt#!5#!N;27L#!encrypt#!2#!Ni#!encrypt#!6#!N}f#<d#!encrypt#!2#!Nn#!encrypt#!7#!NXe]T}]#!encrypt#!2#!Ng#!encrypt#!2#!Ni#!encrypt#!6#!NAyP$f#!encrypt#!2#!Ng#!encrypt#!2#!Ng#!encrypt#!2#!N
#!encrypt#!5#!Nll+.#!encrypt#!2#!NT#!encrypt#!2#!Nn#!encrypt#!7#!NPf#p~a#!encrypt#!2#!N+#!encrypt#!2#!Nn#!encrypt#!5#!N;27L#!encrypt#!2#!Ni#!encrypt#!6#!N}f#<d#!encrypt#!2#!Nn#!encrypt#!7#!NXe]T}]#!encrypt#!2#!Ng#!encrypt#!2#!Ni#!encrypt#!6#!NAyP$f#!encrypt#!2#!Ng#!encrypt#!2#!Ng#!encrypt#!2#!N
#!encrypt#!5#!NBf/\#!encrypt#!2#!NT#!encrypt#!6#!NAyP$f#!encrypt#!2#!N
#!encrypt#!5#!NBf/.#!encrypt#!2#!NT#!encrypt#!2#!NP#!encrypt#!2#!N
#!encrypt#!2#!N9#!encrypt#!2#!g
#!encrypt#!6#!t([J6o#!encrypt#!2#!N1#!encrypt#!2#!Nn#!encrypt#!7#!NDO?#}<#!encrypt#!2#!Ng#!encrypt#!7#!NXe]T}<#!encrypt#!12#!NQff{/<fm\Yh#!encrypt#!2#!Nn#!encrypt#!5#!N@>==#!encrypt#!2#!Ng#!encrypt#!12#!NQff{/<fm\Yh#!encrypt#!2#!Nn#!encrypt#!6#!N~*z_.#!encrypt#!2#!Ng#!encrypt#!2#!Nn#!encrypt#!5#!N@>==#!encrypt#!6#!N~*z_.#!encrypt#!2#!Ng#!encrypt#!7#!N+Hk<^6#!encrypt#!7#!NDO?#}<#!encrypt#!2#!N_#!encrypt#!9#!N{ek(^+:k#!encrypt#!2#!NA#!encrypt#!2#!N|#!encrypt#!5#!Nll+\#!encrypt#!2#!N|#!encrypt#!2#!NP#!encrypt#!2#!N|#!encrypt#!5#!Nll+.#!encrypt#!2#!N|#!encrypt#!5#!NBf/.#!encrypt#!2#!N|#!encrypt#!5#!NBf/\#!encrypt#!2#!N
#!encrypt#!6#!NAyP$f#!encrypt#!2#!NT#!encrypt#!9#!N{f$K}_[Z#!encrypt#!2#!Nn#!encrypt#!7#!NXe]T}<#!encrypt#!2#!N|#!encrypt#!12#!NQff{/<fm\Yh#!encrypt#!2#!Ng#!encrypt#!2#!Nv#!encrypt#!2#!Nf#!encrypt#!2#!N
#!encrypt#!7#!NPf#p~a#!encrypt#!2#!NT#!encrypt#!10#!N{f$K}_@]/#!encrypt#!2#!Nn#!encrypt#!7#!NXe]T}<#!encrypt#!2#!N|#!encrypt#!12#!NQff{/<fm\Yh#!encrypt#!2#!Ng#!encrypt#!2#!Nv#!encrypt#!2#!Nf#!encrypt#!2#!N
#!encrypt#!2#!NA#!encrypt#!2#!NT#!encrypt#!6#!NAyP$f#!encrypt#!2#!N
#!encrypt#!5#!Nll+\#!encrypt#!2#!NT#!encrypt#!6#!NAyP$f#!encrypt#!2#!N
#!encrypt#!2#!NP#!encrypt#!2#!NT#!encrypt#!2#!Nn#!encrypt#!7#!NPf#p~a#!encrypt#!2#!N+#!encrypt#!2#!Nn#!encrypt#!5#!N;27L#!encrypt#!2#!Ni#!encrypt#!6#!N}f#<d#!encrypt#!2#!Nn#!encrypt#!7#!NXe]T}<#!encrypt#!2#!Ng#!encrypt#!2#!Ni#!encrypt#!6#!NAyP$f#!encrypt#!2#!Ng#!encrypt#!2#!Ng#!encrypt#!2#!N
#!encrypt#!5#!Nll+.#!encrypt#!2#!NT#!encrypt#!2#!Nn#!encrypt#!7#!NPf#p~a#!encrypt#!2#!N+#!encrypt#!2#!Nn#!encrypt#!5#!N;27L#!encrypt#!2#!Ni#!encrypt#!6#!N}f#<d#!encrypt#!2#!Nn#!encrypt#!7#!NXe]T}<#!encrypt#!2#!Ng#!encrypt#!2#!Ni#!encrypt#!6#!NAyP$f#!encrypt#!2#!Ng#!encrypt#!2#!Ng#!encrypt#!2#!N
#!encrypt#!5#!NBf/\#!encrypt#!2#!NT#!encrypt#!6#!NAyP$f#!encrypt#!2#!N
#!encrypt#!5#!NBf/.#!encrypt#!2#!NT#!encrypt#!2#!NP#!encrypt#!2#!N
#!encrypt#!2#!N9#!encrypt#!2#!g
#!encrypt#!6#!t([J6o#!encrypt#!2#!N1#!encrypt#!2#!Nn#!encrypt#!7#!NDO?#}J#!encrypt#!2#!Ng#!encrypt#!7#!NXe]T}J#!encrypt#!12#!NQff{/Jfm\Yh#!encrypt#!2#!Nn#!encrypt#!5#!N@>==#!encrypt#!2#!Ng#!encrypt#!12#!NQff{/Jfm\Yh#!encrypt#!2#!Nn#!encrypt#!6#!N~*z_.#!encrypt#!2#!Ng#!encrypt#!2#!Nn#!encrypt#!5#!N@>==#!encrypt#!6#!N~*z_.#!encrypt#!2#!Ng#!encrypt#!7#!N+Hk<^6#!encrypt#!7#!NDO?#}J#!encrypt#!2#!N_#!encrypt#!9#!N{ek(^+:k#!encrypt#!2#!NA#!encrypt#!2#!N|#!encrypt#!5#!Nll+\#!encrypt#!2#!N|#!encrypt#!2#!NP#!encrypt#!2#!N|#!encrypt#!5#!Nll+.#!encrypt#!2#!N|#!encrypt#!5#!NBf/.#!encrypt#!2#!N|#!encrypt#!5#!NBf/\#!encrypt#!2#!N
#!encrypt#!6#!NAyP$f#!encrypt#!2#!NT#!encrypt#!9#!N{f$K}_[Z#!encrypt#!2#!Nn#!encrypt#!7#!NXe]T}J#!encrypt#!2#!N|#!encrypt#!12#!NQff{/Jfm\Yh#!encrypt#!2#!Ng#!encrypt#!2#!Nv#!encrypt#!2#!Nf#!encrypt#!2#!N
#!encrypt#!7#!NPf#p~a#!encrypt#!2#!NT#!encrypt#!10#!N{f$K}_@]/#!encrypt#!2#!Nn#!encrypt#!7#!NXe]T}J#!encrypt#!2#!N|#!encrypt#!12#!NQff{/Jfm\Yh#!encrypt#!2#!Ng#!encrypt#!2#!Nv#!encrypt#!2#!Nf#!encrypt#!2#!N
#!encrypt#!2#!NA#!encrypt#!2#!NT#!encrypt#!6#!NAyP$f#!encrypt#!2#!N
#!encrypt#!5#!Nll+\#!encrypt#!2#!NT#!encrypt#!6#!NAyP$f#!encrypt#!2#!N
#!encrypt#!2#!NP#!encrypt#!2#!NT#!encrypt#!2#!Nn#!encrypt#!7#!NPf#p~a#!encrypt#!2#!N+#!encrypt#!2#!Nn#!encrypt#!5#!N;27L#!encrypt#!2#!Ni#!encrypt#!6#!N}f#<d#!encrypt#!2#!Nn#!encrypt#!7#!NXe]T}J#!encrypt#!2#!Ng#!encrypt#!2#!Ni#!encrypt#!6#!NAyP$f#!encrypt#!2#!Ng#!encrypt#!2#!Ng#!encrypt#!2#!N
#!encrypt#!5#!Nll+.#!encrypt#!2#!NT#!encrypt#!2#!Nn#!encrypt#!7#!NPf#p~a#!encrypt#!2#!N+#!encrypt#!2#!Nn#!encrypt#!5#!N;27L#!encrypt#!2#!Ni#!encrypt#!6#!N}f#<d#!encrypt#!2#!Nn#!encrypt#!7#!NXe]T}J#!encrypt#!2#!Ng#!encrypt#!2#!Ni#!encrypt#!6#!NAyP$f#!encrypt#!2#!Ng#!encrypt#!2#!Ng#!encrypt#!2#!N
#!encrypt#!5#!NBf/\#!encrypt#!2#!NT#!encrypt#!6#!NAyP$f#!encrypt#!2#!N
#!encrypt#!5#!NBf/.#!encrypt#!2#!NT#!encrypt#!2#!NP#!encrypt#!2#!N
#!encrypt#!2#!N9#!encrypt#!2#!g
#!encrypt#!6#!t([J6o#!encrypt#!2#!N1#!encrypt#!2#!Nn#!encrypt#!8#!NDO?#}hW#!encrypt#!2#!Ng#!encrypt#!8#!NXe]T}hW#!encrypt#!13#!NQff{/hWUSAhX#!encrypt#!2#!Nn#!encrypt#!5#!N@>==#!encrypt#!2#!Ng#!encrypt#!13#!NQff{/hWUSAhX#!encrypt#!2#!Nn#!encrypt#!6#!N~*z_.#!encrypt#!2#!Ng#!encrypt#!2#!Nn#!encrypt#!5#!N@>==#!encrypt#!6#!N~*z_.#!encrypt#!2#!Ng#!encrypt#!7#!N+Hk<^6#!encrypt#!8#!NDO?#}hW#!encrypt#!2#!N_#!encrypt#!9#!N{ek(^+:k#!encrypt#!2#!NA#!encrypt#!2#!N|#!encrypt#!5#!Nll+\#!encrypt#!2#!N|#!encrypt#!2#!NP#!encrypt#!2#!N|#!encrypt#!5#!Nll+.#!encrypt#!2#!N|#!encrypt#!5#!NBf/.#!encrypt#!2#!N|#!encrypt#!5#!NBf/\#!encrypt#!2#!N
#!encrypt#!6#!NAyP$f#!encrypt#!2#!NT#!encrypt#!9#!N{f$K}_[Z#!encrypt#!2#!Nn#!encrypt#!8#!NXe]T}hW#!encrypt#!2#!N|#!encrypt#!13#!NQff{/hWUSAhX#!encrypt#!2#!Ng#!encrypt#!2#!Nv#!encrypt#!2#!Nf#!encrypt#!2#!N
#!encrypt#!7#!NPf#p~a#!encrypt#!2#!NT#!encrypt#!10#!N{f$K}_@]/#!encrypt#!2#!Nn#!encrypt#!8#!NXe]T}hW#!encrypt#!2#!N|#!encrypt#!13#!NQff{/hWUSAhX#!encrypt#!2#!Ng#!encrypt#!2#!Nv#!encrypt#!2#!Nf#!encrypt#!2#!N
#!encrypt#!2#!NA#!encrypt#!2#!NT#!encrypt#!6#!NAyP$f#!encrypt#!2#!N
#!encrypt#!5#!Nll+\#!encrypt#!2#!NT#!encrypt#!6#!NAyP$f#!encrypt#!2#!N
#!encrypt#!2#!NP#!encrypt#!2#!NT#!encrypt#!2#!Nn#!encrypt#!7#!NPf#p~a#!encrypt#!2#!N+#!encrypt#!2#!Nn#!encrypt#!5#!N;27L#!encrypt#!2#!Ni#!encrypt#!6#!N}f#<d#!encrypt#!2#!Nn#!encrypt#!8#!NXe]T}hW#!encrypt#!2#!Ng#!encrypt#!2#!Ni#!encrypt#!6#!NAyP$f#!encrypt#!2#!Ng#!encrypt#!2#!Ng#!encrypt#!2#!N
#!encrypt#!5#!Nll+.#!encrypt#!2#!NT#!encrypt#!2#!Nn#!encrypt#!7#!NPf#p~a#!encrypt#!2#!N+#!encrypt#!2#!Nn#!encrypt#!5#!N;27L#!encrypt#!2#!Ni#!encrypt#!6#!N}f#<d#!encrypt#!2#!Nn#!encrypt#!8#!NXe]T}hW#!encrypt#!2#!Ng#!encrypt#!2#!Ni#!encrypt#!6#!NAyP$f#!encrypt#!2#!Ng#!encrypt#!2#!Ng#!encrypt#!2#!N
#!encrypt#!5#!NBf/\#!encrypt#!2#!NT#!encrypt#!6#!NAyP$f#!encrypt#!2#!N
#!encrypt#!5#!NBf/.#!encrypt#!2#!NT#!encrypt#!2#!NP#!encrypt#!2#!N
#!encrypt#!2#!N9#!encrypt#!2#!g
#!encrypt#!6#!t([J6o#!encrypt#!2#!N1#!encrypt#!2#!Nn#!encrypt#!8#!NDO?#}h]#!encrypt#!2#!Ng#!encrypt#!8#!NXe]T}h]#!encrypt#!13#!NQff{/h]USAhX#!encrypt#!2#!Nn#!encrypt#!5#!N@>==#!encrypt#!2#!Ng#!encrypt#!13#!NQff{/h]USAhX#!encrypt#!2#!Nn#!encrypt#!6#!N~*z_.#!encrypt#!2#!Ng#!encrypt#!2#!Nn#!encrypt#!5#!N@>==#!encrypt#!6#!N~*z_.#!encrypt#!2#!Ng#!encrypt#!7#!N+Hk<^6#!encrypt#!8#!NDO?#}h]#!encrypt#!2#!N_#!encrypt#!9#!N{ek(^+:k#!encrypt#!2#!NA#!encrypt#!2#!N|#!encrypt#!5#!Nll+\#!encrypt#!2#!N|#!encrypt#!2#!NP#!encrypt#!2#!N|#!encrypt#!5#!Nll+.#!encrypt#!2#!N|#!encrypt#!5#!NBf/.#!encrypt#!2#!N|#!encrypt#!5#!NBf/\#!encrypt#!2#!N
#!encrypt#!6#!NAyP$f#!encrypt#!2#!NT#!encrypt#!9#!N{f$K}_[Z#!encrypt#!2#!Nn#!encrypt#!8#!NXe]T}h]#!encrypt#!2#!N|#!encrypt#!13#!NQff{/h]USAhX#!encrypt#!2#!Ng#!encrypt#!2#!Nv#!encrypt#!2#!Nf#!encrypt#!2#!N
#!encrypt#!7#!NPf#p~a#!encrypt#!2#!NT#!encrypt#!10#!N{f$K}_@]/#!encrypt#!2#!Nn#!encrypt#!8#!NXe]T}h]#!encrypt#!2#!N|#!encrypt#!13#!NQff{/h]USAhX#!encrypt#!2#!Ng#!encrypt#!2#!Nv#!encrypt#!2#!Nf#!encrypt#!2#!N
#!encrypt#!2#!NA#!encrypt#!2#!NT#!encrypt#!6#!NAyP$f#!encrypt#!2#!N
#!encrypt#!5#!Nll+\#!encrypt#!2#!NT#!encrypt#!6#!NAyP$f#!encrypt#!2#!N
#!encrypt#!2#!NP#!encrypt#!2#!NT#!encrypt#!2#!Nn#!encrypt#!7#!NPf#p~a#!encrypt#!2#!N+#!encrypt#!2#!Nn#!encrypt#!5#!N;27L#!encrypt#!2#!Ni#!encrypt#!6#!N}f#<d#!encrypt#!2#!Nn#!encrypt#!8#!NXe]T}h]#!encrypt#!2#!Ng#!encrypt#!2#!Ni#!encrypt#!6#!NAyP$f#!encrypt#!2#!Ng#!encrypt#!2#!Ng#!encrypt#!2#!N
#!encrypt#!5#!Nll+.#!encrypt#!2#!NT#!encrypt#!2#!Nn#!encrypt#!7#!NPf#p~a#!encrypt#!2#!N+#!encrypt#!2#!Nn#!encrypt#!5#!N;27L#!encrypt#!2#!Ni#!encrypt#!6#!N}f#<d#!encrypt#!2#!Nn#!encrypt#!8#!NXe]T}h]#!encrypt#!2#!Ng#!encrypt#!2#!Ni#!encrypt#!6#!NAyP$f#!encrypt#!2#!Ng#!encrypt#!2#!Ng#!encrypt#!2#!N
#!encrypt#!5#!NBf/\#!encrypt#!2#!NT#!encrypt#!6#!NAyP$f#!encrypt#!2#!N
#!encrypt#!5#!NBf/.#!encrypt#!2#!NT#!encrypt#!2#!NP#!encrypt#!2#!N
#!encrypt#!2#!N9#!encrypt#!2#!g
#!encrypt#!6#!t([J6o#!encrypt#!2#!N1#!encrypt#!2#!Nn#!encrypt#!8#!NDO?#d?0#!encrypt#!2#!Ng#!encrypt#!11#!NXe]Td?0Pk4#!encrypt#!11#!NoY_7?_[Z.Y#!encrypt#!2#!Nn#!encrypt#!5#!N@>==#!encrypt#!2#!Ng#!encrypt#!11#!NoY_7?_[Z.Y#!encrypt#!2#!Nn#!encrypt#!6#!N~*z_.#!encrypt#!2#!Ng#!encrypt#!11#!N{J\?d*>1/,#!encrypt#!2#!Nn#!encrypt#!2#!Nj#!encrypt#!2#!Ng#!encrypt#!2#!Nn#!encrypt#!5#!N@>==#!encrypt#!6#!N~*z_.#!encrypt#!2#!Ng#!encrypt#!7#!N+Hk<^6#!encrypt#!8#!NDO?#d?0#!encrypt#!2#!N_#!encrypt#!9#!N{ek(^+:k#!encrypt#!2#!NA#!encrypt#!2#!N|#!encrypt#!5#!Nll+\#!encrypt#!2#!N|#!encrypt#!2#!NP#!encrypt#!2#!N|#!encrypt#!5#!Nll+.#!encrypt#!2#!N|#!encrypt#!5#!NBf/.#!encrypt#!2#!N|#!encrypt#!5#!NBf/\#!encrypt#!2#!N
#!encrypt#!6#!NAyP$f#!encrypt#!2#!NT#!encrypt#!9#!N{f$K}_[Z#!encrypt#!2#!Nn#!encrypt#!11#!NXe]Td?0Pk4#!encrypt#!2#!N|#!encrypt#!11#!NoY_7?_[Z.Y#!encrypt#!2#!Ng#!encrypt#!2#!Nv#!encrypt#!2#!Nf#!encrypt#!2#!N
#!encrypt#!7#!NPf#p~a#!encrypt#!2#!NT#!encrypt#!10#!N{f$K}_@]/#!encrypt#!2#!Nn#!encrypt#!11#!NXe]Td?0Pk4#!encrypt#!2#!N|#!encrypt#!11#!NoY_7?_[Z.Y#!encrypt#!2#!Ng#!encrypt#!2#!Nv#!encrypt#!2#!Nf#!encrypt#!2#!N
#!encrypt#!2#!NA#!encrypt#!2#!NT#!encrypt#!6#!NAyP$f#!encrypt#!2#!N
#!encrypt#!5#!Nll+\#!encrypt#!2#!NT#!encrypt#!6#!NAyP$f#!encrypt#!2#!N
#!encrypt#!2#!NP#!encrypt#!2#!NT#!encrypt#!2#!Nn#!encrypt#!7#!NPf#p~a#!encrypt#!2#!N+#!encrypt#!2#!Nn#!encrypt#!5#!N;27L#!encrypt#!2#!Ni#!encrypt#!6#!N}f#<d#!encrypt#!2#!Nn#!encrypt#!11#!NXe]Td?0Pk4#!encrypt#!2#!Ng#!encrypt#!2#!Ni#!encrypt#!6#!NAyP$f#!encrypt#!2#!Ng#!encrypt#!2#!Ng#!encrypt#!2#!N
#!encrypt#!5#!Nll+.#!encrypt#!2#!NT#!encrypt#!2#!Nn#!encrypt#!7#!NPf#p~a#!encrypt#!2#!N+#!encrypt#!2#!Nn#!encrypt#!5#!N;27L#!encrypt#!2#!Ni#!encrypt#!6#!N}f#<d#!encrypt#!2#!Nn#!encrypt#!11#!NXe]Td?0Pk4#!encrypt#!2#!Ng#!encrypt#!2#!Ni#!encrypt#!6#!NAyP$f#!encrypt#!2#!Ng#!encrypt#!2#!Ng#!encrypt#!2#!N
#!encrypt#!5#!NBf/\#!encrypt#!2#!NT#!encrypt#!6#!NAyP$f#!encrypt#!2#!N
#!encrypt#!5#!NBf/.#!encrypt#!2#!NT#!encrypt#!2#!NP#!encrypt#!2#!N
#!encrypt#!2#!N9#!encrypt#!2#!g
#!encrypt#!6#!t([J6o#!encrypt#!2#!N1#!encrypt#!2#!Nn#!encrypt#!9#!NDO?#%75x#!encrypt#!2#!Ng#!encrypt#!12#!NXe]T%75xX4G#!encrypt#!11#!NoY_7?_[Z.Y#!encrypt#!2#!Nn#!encrypt#!5#!N@>==#!encrypt#!2#!Ng#!encrypt#!11#!NoY_7?_[Z.Y#!encrypt#!2#!Nn#!encrypt#!6#!N~*z_.#!encrypt#!2#!Ng#!encrypt#!11#!N{J\?d*>1/,#!encrypt#!2#!Nn#!encrypt#!2#!Nj#!encrypt#!2#!Ng#!encrypt#!2#!Nn#!encrypt#!5#!N@>==#!encrypt#!6#!N~*z_.#!encrypt#!2#!Ng#!encrypt#!7#!N+Hk<^6#!encrypt#!9#!NDO?#%75x#!encrypt#!2#!N_#!encrypt#!9#!N{ek(^+:k#!encrypt#!2#!NA#!encrypt#!2#!N|#!encrypt#!5#!Nll+\#!encrypt#!2#!N|#!encrypt#!2#!NP#!encrypt#!2#!N|#!encrypt#!5#!Nll+.#!encrypt#!2#!N|#!encrypt#!5#!NBf/.#!encrypt#!2#!N|#!encrypt#!5#!NBf/\#!encrypt#!2#!N
#!encrypt#!6#!NAyP$f#!encrypt#!2#!NT#!encrypt#!9#!N{f$K}_[Z#!encrypt#!2#!Nn#!encrypt#!12#!NXe]T%75xX4G#!encrypt#!2#!N|#!encrypt#!11#!NoY_7?_[Z.Y#!encrypt#!2#!Ng#!encrypt#!2#!Nv#!encrypt#!2#!Nf#!encrypt#!2#!N
#!encrypt#!7#!NPf#p~a#!encrypt#!2#!NT#!encrypt#!10#!N{f$K}_@]/#!encrypt#!2#!Nn#!encrypt#!12#!NXe]T%75xX4G#!encrypt#!2#!N|#!encrypt#!11#!NoY_7?_[Z.Y#!encrypt#!2#!Ng#!encrypt#!2#!Nv#!encrypt#!2#!Nf#!encrypt#!2#!N
#!encrypt#!2#!NA#!encrypt#!2#!NT#!encrypt#!6#!NAyP$f#!encrypt#!2#!N
#!encrypt#!5#!Nll+\#!encrypt#!2#!NT#!encrypt#!6#!NAyP$f#!encrypt#!2#!N
#!encrypt#!2#!NP#!encrypt#!2#!NT#!encrypt#!2#!Nn#!encrypt#!7#!NPf#p~a#!encrypt#!2#!N+#!encrypt#!2#!Nn#!encrypt#!5#!N;27L#!encrypt#!2#!Ni#!encrypt#!6#!N}f#<d#!encrypt#!2#!Nn#!encrypt#!12#!NXe]T%75xX4G#!encrypt#!2#!Ng#!encrypt#!2#!Ni#!encrypt#!6#!NAyP$f#!encrypt#!2#!Ng#!encrypt#!2#!Ng#!encrypt#!2#!N
#!encrypt#!5#!Nll+.#!encrypt#!2#!NT#!encrypt#!2#!Nn#!encrypt#!7#!NPf#p~a#!encrypt#!2#!N+#!encrypt#!2#!Nn#!encrypt#!5#!N;27L#!encrypt#!2#!Ni#!encrypt#!6#!N}f#<d#!encrypt#!2#!Nn#!encrypt#!12#!NXe]T%75xX4G#!encrypt#!2#!Ng#!encrypt#!2#!Ni#!encrypt#!6#!NAyP$f#!encrypt#!2#!Ng#!encrypt#!2#!Ng#!encrypt#!2#!N
#!encrypt#!5#!NBf/\#!encrypt#!2#!NT#!encrypt#!6#!NAyP$f#!encrypt#!2#!N
#!encrypt#!5#!NBf/.#!encrypt#!2#!NT#!encrypt#!2#!NP#!encrypt#!2#!N
#!encrypt#!2#!N9#!encrypt#!2#!g
#!encrypt#!6#!t([J6o#!encrypt#!2#!N1#!encrypt#!2#!Nn#!encrypt#!8#!NDO?#d?l#!encrypt#!2#!Ng#!encrypt#!11#!NXe]Td?lZ_b#!encrypt#!10#!N{M~x=o@_.#!encrypt#!2#!Nn#!encrypt#!5#!N@>==#!encrypt#!2#!Ng#!encrypt#!10#!N{M~x=o@_.#!encrypt#!2#!Nn#!encrypt#!6#!N~*z_.#!encrypt#!2#!Ng#!encrypt#!11#!N{J\?d*>1/,#!encrypt#!2#!Nn#!encrypt#!2#!Nj#!encrypt#!2#!Ng#!encrypt#!2#!Nn#!encrypt#!5#!N@>==#!encrypt#!6#!N~*z_.#!encrypt#!2#!Ng#!encrypt#!7#!N+Hk<^6#!encrypt#!8#!NDO?#d?l#!encrypt#!2#!N_#!encrypt#!9#!N{ek(^+:k#!encrypt#!2#!NA#!encrypt#!2#!N|#!encrypt#!5#!Nll+\#!encrypt#!2#!N|#!encrypt#!2#!NP#!encrypt#!2#!N|#!encrypt#!5#!Nll+.#!encrypt#!2#!N|#!encrypt#!5#!NBf/.#!encrypt#!2#!N|#!encrypt#!5#!NBf/\#!encrypt#!2#!N
#!encrypt#!6#!NAyP$f#!encrypt#!2#!NT#!encrypt#!9#!N{f$K}_[Z#!encrypt#!2#!Nn#!encrypt#!11#!NXe]Td?lZ_b#!encrypt#!2#!N|#!encrypt#!10#!N{M~x=o@_.#!encrypt#!2#!Ng#!encrypt#!2#!Nv#!encrypt#!2#!Nf#!encrypt#!2#!N
#!encrypt#!7#!NPf#p~a#!encrypt#!2#!NT#!encrypt#!10#!N{f$K}_@]/#!encrypt#!2#!Nn#!encrypt#!11#!NXe]Td?lZ_b#!encrypt#!2#!N|#!encrypt#!10#!N{M~x=o@_.#!encrypt#!2#!Ng#!encrypt#!2#!Nv#!encrypt#!2#!Nf#!encrypt#!2#!N
#!encrypt#!2#!NA#!encrypt#!2#!NT#!encrypt#!6#!NAyP$f#!encrypt#!2#!N
#!encrypt#!5#!Nll+\#!encrypt#!2#!NT#!encrypt#!6#!NAyP$f#!encrypt#!2#!N
#!encrypt#!2#!NP#!encrypt#!2#!NT#!encrypt#!2#!Nn#!encrypt#!7#!NPf#p~a#!encrypt#!2#!N+#!encrypt#!2#!Nn#!encrypt#!5#!N;27L#!encrypt#!2#!Ni#!encrypt#!6#!N}f#<d#!encrypt#!2#!Nn#!encrypt#!11#!NXe]Td?lZ_b#!encrypt#!2#!Ng#!encrypt#!2#!Ni#!encrypt#!6#!NAyP$f#!encrypt#!2#!Ng#!encrypt#!2#!Ng#!encrypt#!2#!N
#!encrypt#!5#!Nll+.#!encrypt#!2#!NT#!encrypt#!2#!Nn#!encrypt#!7#!NPf#p~a#!encrypt#!2#!N+#!encrypt#!2#!Nn#!encrypt#!5#!N;27L#!encrypt#!2#!Ni#!encrypt#!6#!N}f#<d#!encrypt#!2#!Nn#!encrypt#!11#!NXe]Td?lZ_b#!encrypt#!2#!Ng#!encrypt#!2#!Ni#!encrypt#!6#!NAyP$f#!encrypt#!2#!Ng#!encrypt#!2#!Ng#!encrypt#!2#!N
#!encrypt#!5#!NBf/\#!encrypt#!2#!NT#!encrypt#!6#!NAyP$f#!encrypt#!2#!N
#!encrypt#!5#!NBf/.#!encrypt#!2#!NT#!encrypt#!2#!NP#!encrypt#!2#!N
#!encrypt#!2#!N9#!encrypt#!2#!g
#!encrypt#!6#!t([J6o#!encrypt#!2#!N1#!encrypt#!2#!Nn#!encrypt#!8#!NDO?#d?l#!encrypt#!2#!Ng#!encrypt#!14#!NXe]Td?lZ_bOXp#!encrypt#!10#!N{M~x=o@_.#!encrypt#!2#!Nn#!encrypt#!5#!N@>==#!encrypt#!2#!Ng#!encrypt#!10#!N{M~x=o@_.#!encrypt#!2#!Nn#!encrypt#!6#!N~*z_.#!encrypt#!2#!Ng#!encrypt#!11#!No<]2/_[Z.Y#!encrypt#!2#!Nn#!encrypt#!2#!Nj#!encrypt#!2#!Ng#!encrypt#!2#!Nn#!encrypt#!5#!N@>==#!encrypt#!6#!N~*z_.#!encrypt#!2#!Ng#!encrypt#!7#!N+Hk<^6#!encrypt#!8#!NDO?#d?l#!encrypt#!2#!N_#!encrypt#!9#!N{ek(^+:k#!encrypt#!2#!NA#!encrypt#!2#!N|#!encrypt#!5#!Nll+\#!encrypt#!2#!N|#!encrypt#!2#!NP#!encrypt#!2#!N|#!encrypt#!5#!Nll+.#!encrypt#!2#!N|#!encrypt#!5#!NBf/.#!encrypt#!2#!N|#!encrypt#!5#!NBf/\#!encrypt#!2#!N
#!encrypt#!6#!NAyP$f#!encrypt#!2#!NT#!encrypt#!9#!N{f$K}_[Z#!encrypt#!2#!Nn#!encrypt#!14#!NXe]Td?lZ_bOXp#!encrypt#!2#!N|#!encrypt#!10#!N{M~x=o@_.#!encrypt#!2#!Ng#!encrypt#!2#!Nv#!encrypt#!2#!Nf#!encrypt#!2#!N
#!encrypt#!7#!NPf#p~a#!encrypt#!2#!NT#!encrypt#!10#!N{f$K}_@]/#!encrypt#!2#!Nn#!encrypt#!14#!NXe]Td?lZ_bOXp#!encrypt#!2#!N|#!encrypt#!10#!N{M~x=o@_.#!encrypt#!2#!Ng#!encrypt#!2#!Nv#!encrypt#!2#!Nf#!encrypt#!2#!N
#!encrypt#!2#!NA#!encrypt#!2#!NT#!encrypt#!6#!NAyP$f#!encrypt#!2#!N
#!encrypt#!5#!Nll+\#!encrypt#!2#!NT#!encrypt#!6#!NAyP$f#!encrypt#!2#!N
#!encrypt#!2#!NP#!encrypt#!2#!NT#!encrypt#!2#!Nn#!encrypt#!7#!NPf#p~a#!encrypt#!2#!N+#!encrypt#!2#!Nn#!encrypt#!5#!N;27L#!encrypt#!2#!Ni#!encrypt#!6#!N}f#<d#!encrypt#!2#!Nn#!encrypt#!14#!NXe]Td?lZ_bOXp#!encrypt#!2#!Ng#!encrypt#!2#!Ni#!encrypt#!6#!NAyP$f#!encrypt#!2#!Ng#!encrypt#!2#!Ng#!encrypt#!2#!N
#!encrypt#!5#!Nll+.#!encrypt#!2#!NT#!encrypt#!2#!Nn#!encrypt#!7#!NPf#p~a#!encrypt#!2#!N+#!encrypt#!2#!Nn#!encrypt#!5#!N;27L#!encrypt#!2#!Ni#!encrypt#!6#!N}f#<d#!encrypt#!2#!Nn#!encrypt#!14#!NXe]Td?lZ_bOXp#!encrypt#!2#!Ng#!encrypt#!2#!Ni#!encrypt#!6#!NAyP$f#!encrypt#!2#!Ng#!encrypt#!2#!Ng#!encrypt#!2#!N
#!encrypt#!5#!NBf/\#!encrypt#!2#!NT#!encrypt#!6#!NAyP$f#!encrypt#!2#!N
#!encrypt#!5#!NBf/.#!encrypt#!2#!NT#!encrypt#!2#!NP#!encrypt#!2#!N
#!encrypt#!2#!N9#!encrypt#!2#!g
#!encrypt#!6#!t([J6o#!encrypt#!2#!N1#!encrypt#!2#!Nn#!encrypt#!9#!NDO?#%75y#!encrypt#!2#!Ng#!encrypt#!12#!NXe]T%75y\=R#!encrypt#!10#!N{M~x=o@_.#!encrypt#!2#!Nn#!encrypt#!5#!N@>==#!encrypt#!2#!Ng#!encrypt#!10#!N{M~x=o@_.#!encrypt#!2#!Nn#!encrypt#!6#!N~*z_.#!encrypt#!2#!Ng#!encrypt#!11#!N{J\?d*>1/,#!encrypt#!2#!Nn#!encrypt#!2#!Nj#!encrypt#!2#!Ng#!encrypt#!2#!Nn#!encrypt#!5#!N@>==#!encrypt#!6#!N~*z_.#!encrypt#!2#!Ng#!encrypt#!7#!N+Hk<^6#!encrypt#!9#!NDO?#%75y#!encrypt#!2#!N_#!encrypt#!9#!N{ek(^+:k#!encrypt#!2#!NA#!encrypt#!2#!N|#!encrypt#!5#!Nll+\#!encrypt#!2#!N|#!encrypt#!2#!NP#!encrypt#!2#!N|#!encrypt#!5#!Nll+.#!encrypt#!2#!N|#!encrypt#!5#!NBf/.#!encrypt#!2#!N|#!encrypt#!5#!NBf/\#!encrypt#!2#!N
#!encrypt#!6#!NAyP$f#!encrypt#!2#!NT#!encrypt#!9#!N{f$K}_[Z#!encrypt#!2#!Nn#!encrypt#!12#!NXe]T%75y\=R#!encrypt#!2#!N|#!encrypt#!10#!N{M~x=o@_.#!encrypt#!2#!Ng#!encrypt#!2#!Nv#!encrypt#!2#!Nf#!encrypt#!2#!N
#!encrypt#!7#!NPf#p~a#!encrypt#!2#!NT#!encrypt#!10#!N{f$K}_@]/#!encrypt#!2#!Nn#!encrypt#!12#!NXe]T%75y\=R#!encrypt#!2#!N|#!encrypt#!10#!N{M~x=o@_.#!encrypt#!2#!Ng#!encrypt#!2#!Nv#!encrypt#!2#!Nf#!encrypt#!2#!N
#!encrypt#!2#!NA#!encrypt#!2#!NT#!encrypt#!6#!NAyP$f#!encrypt#!2#!N
#!encrypt#!5#!Nll+\#!encrypt#!2#!NT#!encrypt#!6#!NAyP$f#!encrypt#!2#!N
#!encrypt#!2#!NP#!encrypt#!2#!NT#!encrypt#!2#!Nn#!encrypt#!7#!NPf#p~a#!encrypt#!2#!N+#!encrypt#!2#!Nn#!encrypt#!5#!N;27L#!encrypt#!2#!Ni#!encrypt#!6#!N}f#<d#!encrypt#!2#!Nn#!encrypt#!12#!NXe]T%75y\=R#!encrypt#!2#!Ng#!encrypt#!2#!Ni#!encrypt#!6#!NAyP$f#!encrypt#!2#!Ng#!encrypt#!2#!Ng#!encrypt#!2#!N
#!encrypt#!5#!Nll+.#!encrypt#!2#!NT#!encrypt#!2#!Nn#!encrypt#!7#!NPf#p~a#!encrypt#!2#!N+#!encrypt#!2#!Nn#!encrypt#!5#!N;27L#!encrypt#!2#!Ni#!encrypt#!6#!N}f#<d#!encrypt#!2#!Nn#!encrypt#!12#!NXe]T%75y\=R#!encrypt#!2#!Ng#!encrypt#!2#!Ni#!encrypt#!6#!NAyP$f#!encrypt#!2#!Ng#!encrypt#!2#!Ng#!encrypt#!2#!N
#!encrypt#!5#!NBf/\#!encrypt#!2#!NT#!encrypt#!6#!NAyP$f#!encrypt#!2#!N
#!encrypt#!5#!NBf/.#!encrypt#!2#!NT#!encrypt#!2#!NP#!encrypt#!2#!N
#!encrypt#!2#!N9#!encrypt#!2#!g
#!encrypt#!6#!t([J6o#!encrypt#!2#!N1#!encrypt#!2#!Nn#!encrypt#!9#!NDO?#%75y#!encrypt#!2#!Ng#!encrypt#!15#!NXe]T%75y\=RG[E#!encrypt#!10#!N{M~x=o@_.#!encrypt#!2#!Nn#!encrypt#!5#!N@>==#!encrypt#!2#!Ng#!encrypt#!10#!N{M~x=o@_.#!encrypt#!2#!Nn#!encrypt#!6#!N~*z_.#!encrypt#!2#!Ng#!encrypt#!11#!No<]2/_[Z.Y#!encrypt#!2#!Nn#!encrypt#!2#!Nj#!encrypt#!2#!Ng#!encrypt#!2#!Nn#!encrypt#!5#!N@>==#!encrypt#!6#!N~*z_.#!encrypt#!2#!Ng#!encrypt#!7#!N+Hk<^6#!encrypt#!9#!NDO?#%75y#!encrypt#!2#!N_#!encrypt#!9#!N{ek(^+:k#!encrypt#!2#!NA#!encrypt#!2#!N|#!encrypt#!5#!Nll+\#!encrypt#!2#!N|#!encrypt#!2#!NP#!encrypt#!2#!N|#!encrypt#!5#!Nll+.#!encrypt#!2#!N|#!encrypt#!5#!NBf/.#!encrypt#!2#!N|#!encrypt#!5#!NBf/\#!encrypt#!2#!N
#!encrypt#!6#!NAyP$f#!encrypt#!2#!NT#!encrypt#!9#!N{f$K}_[Z#!encrypt#!2#!Nn#!encrypt#!15#!NXe]T%75y\=RG[E#!encrypt#!2#!N|#!encrypt#!10#!N{M~x=o@_.#!encrypt#!2#!Ng#!encrypt#!2#!Nv#!encrypt#!2#!Nf#!encrypt#!2#!N
#!encrypt#!7#!NPf#p~a#!encrypt#!2#!NT#!encrypt#!10#!N{f$K}_@]/#!encrypt#!2#!Nn#!encrypt#!15#!NXe]T%75y\=RG[E#!encrypt#!2#!N|#!encrypt#!10#!N{M~x=o@_.#!encrypt#!2#!Ng#!encrypt#!2#!Nv#!encrypt#!2#!Nf#!encrypt#!2#!N
#!encrypt#!2#!NA#!encrypt#!2#!NT#!encrypt#!6#!NAyP$f#!encrypt#!2#!N
#!encrypt#!5#!Nll+\#!encrypt#!2#!NT#!encrypt#!6#!NAyP$f#!encrypt#!2#!N
#!encrypt#!2#!NP#!encrypt#!2#!NT#!encrypt#!2#!Nn#!encrypt#!7#!NPf#p~a#!encrypt#!2#!N+#!encrypt#!2#!Nn#!encrypt#!5#!N;27L#!encrypt#!2#!Ni#!encrypt#!6#!N}f#<d#!encrypt#!2#!Nn#!encrypt#!15#!NXe]T%75y\=RG[E#!encrypt#!2#!Ng#!encrypt#!2#!Ni#!encrypt#!6#!NAyP$f#!encrypt#!2#!Ng#!encrypt#!2#!Ng#!encrypt#!2#!N
#!encrypt#!5#!Nll+.#!encrypt#!2#!NT#!encrypt#!2#!Nn#!encrypt#!7#!NPf#p~a#!encrypt#!2#!N+#!encrypt#!2#!Nn#!encrypt#!5#!N;27L#!encrypt#!2#!Ni#!encrypt#!6#!N}f#<d#!encrypt#!2#!Nn#!encrypt#!15#!NXe]T%75y\=RG[E#!encrypt#!2#!Ng#!encrypt#!2#!Ni#!encrypt#!6#!NAyP$f#!encrypt#!2#!Ng#!encrypt#!2#!Ng#!encrypt#!2#!N
#!encrypt#!5#!NBf/\#!encrypt#!2#!NT#!encrypt#!6#!NAyP$f#!encrypt#!2#!N
#!encrypt#!5#!NBf/.#!encrypt#!2#!NT#!encrypt#!2#!NP#!encrypt#!2#!N
#!encrypt#!2#!N9#!encrypt#!2#!g
#!encrypt#!6#!t([J6o#!encrypt#!2#!N1#!encrypt#!2#!Nn#!encrypt#!8#!NDO?#dM0#!encrypt#!2#!Ng#!encrypt#!11#!NXe]TdM0Pk4#!encrypt#!11#!N{Y_7?_[Z.Y#!encrypt#!2#!Nn#!encrypt#!5#!N@>==#!encrypt#!2#!Ng#!encrypt#!11#!N{Y_7?_[Z.Y#!encrypt#!2#!Nn#!encrypt#!6#!N~*z_.#!encrypt#!2#!Ng#!encrypt#!11#!No<]2/_[Z.Y#!encrypt#!2#!Nn#!encrypt#!2#!Nj#!encrypt#!2#!Ng#!encrypt#!2#!Nn#!encrypt#!5#!N@>==#!encrypt#!6#!N~*z_.#!encrypt#!2#!Ng#!encrypt#!7#!N+Hk<^6#!encrypt#!8#!NDO?#dM0#!encrypt#!2#!N_#!encrypt#!9#!N{ek(^+:k#!encrypt#!2#!NA#!encrypt#!2#!N|#!encrypt#!5#!Nll+\#!encrypt#!2#!N|#!encrypt#!2#!NP#!encrypt#!2#!N|#!encrypt#!5#!Nll+.#!encrypt#!2#!N|#!encrypt#!5#!NBf/.#!encrypt#!2#!N|#!encrypt#!5#!NBf/\#!encrypt#!2#!N
#!encrypt#!6#!NAyP$f#!encrypt#!2#!NT#!encrypt#!9#!N{f$K}_[Z#!encrypt#!2#!Nn#!encrypt#!11#!NXe]TdM0Pk4#!encrypt#!2#!N|#!encrypt#!11#!N{Y_7?_[Z.Y#!encrypt#!2#!Ng#!encrypt#!2#!Nv#!encrypt#!2#!Nf#!encrypt#!2#!N
#!encrypt#!7#!NPf#p~a#!encrypt#!2#!NT#!encrypt#!10#!N{f$K}_@]/#!encrypt#!2#!Nn#!encrypt#!11#!NXe]TdM0Pk4#!encrypt#!2#!N|#!encrypt#!11#!N{Y_7?_[Z.Y#!encrypt#!2#!Ng#!encrypt#!2#!Nv#!encrypt#!2#!Nf#!encrypt#!2#!N
#!encrypt#!2#!NA#!encrypt#!2#!NT#!encrypt#!6#!NAyP$f#!encrypt#!2#!N
#!encrypt#!5#!Nll+\#!encrypt#!2#!NT#!encrypt#!6#!NAyP$f#!encrypt#!2#!N
#!encrypt#!2#!NP#!encrypt#!2#!NT#!encrypt#!2#!Nn#!encrypt#!7#!NPf#p~a#!encrypt#!2#!N+#!encrypt#!2#!Nn#!encrypt#!5#!N;27L#!encrypt#!2#!Ni#!encrypt#!6#!N}f#<d#!encrypt#!2#!Nn#!encrypt#!11#!NXe]TdM0Pk4#!encrypt#!2#!Ng#!encrypt#!2#!Ni#!encrypt#!6#!NAyP$f#!encrypt#!2#!Ng#!encrypt#!2#!Ng#!encrypt#!2#!N
#!encrypt#!5#!Nll+.#!encrypt#!2#!NT#!encrypt#!2#!Nn#!encrypt#!7#!NPf#p~a#!encrypt#!2#!N+#!encrypt#!2#!Nn#!encrypt#!5#!N;27L#!encrypt#!2#!Ni#!encrypt#!6#!N}f#<d#!encrypt#!2#!Nn#!encrypt#!11#!NXe]TdM0Pk4#!encrypt#!2#!Ng#!encrypt#!2#!Ni#!encrypt#!6#!NAyP$f#!encrypt#!2#!Ng#!encrypt#!2#!Ng#!encrypt#!2#!N
#!encrypt#!5#!NBf/\#!encrypt#!2#!NT#!encrypt#!6#!NAyP$f#!encrypt#!2#!N
#!encrypt#!5#!NBf/.#!encrypt#!2#!NT#!encrypt#!2#!NP#!encrypt#!2#!N
#!encrypt#!2#!N9#!encrypt#!2#!g
#!encrypt#!6#!t([J6o#!encrypt#!2#!N1#!encrypt#!2#!Nn#!encrypt#!9#!NDO?#%7lx#!encrypt#!2#!Ng#!encrypt#!12#!NXe]T%7lxX4G#!encrypt#!11#!N{Y_7?_[Z.Y#!encrypt#!2#!Nn#!encrypt#!5#!N@>==#!encrypt#!2#!Ng#!encrypt#!11#!N{Y_7?_[Z.Y#!encrypt#!2#!Nn#!encrypt#!6#!N~*z_.#!encrypt#!2#!Ng#!encrypt#!11#!No<]2/_[Z.Y#!encrypt#!2#!Nn#!encrypt#!2#!Nj#!encrypt#!2#!Ng#!encrypt#!2#!Nn#!encrypt#!5#!N@>==#!encrypt#!6#!N~*z_.#!encrypt#!2#!Ng#!encrypt#!7#!N+Hk<^6#!encrypt#!9#!NDO?#%7lx#!encrypt#!2#!N_#!encrypt#!9#!N{ek(^+:k#!encrypt#!2#!NA#!encrypt#!2#!N|#!encrypt#!5#!Nll+\#!encrypt#!2#!N|#!encrypt#!2#!NP#!encrypt#!2#!N|#!encrypt#!5#!Nll+.#!encrypt#!2#!N|#!encrypt#!5#!NBf/.#!encrypt#!2#!N|#!encrypt#!5#!NBf/\#!encrypt#!2#!N
#!encrypt#!6#!NAyP$f#!encrypt#!2#!NT#!encrypt#!9#!N{f$K}_[Z#!encrypt#!2#!Nn#!encrypt#!12#!NXe]T%7lxX4G#!encrypt#!2#!N|#!encrypt#!11#!N{Y_7?_[Z.Y#!encrypt#!2#!Ng#!encrypt#!2#!Nv#!encrypt#!2#!Nf#!encrypt#!2#!N
#!encrypt#!7#!NPf#p~a#!encrypt#!2#!NT#!encrypt#!10#!N{f$K}_@]/#!encrypt#!2#!Nn#!encrypt#!12#!NXe]T%7lxX4G#!encrypt#!2#!N|#!encrypt#!11#!N{Y_7?_[Z.Y#!encrypt#!2#!Ng#!encrypt#!2#!Nv#!encrypt#!2#!Nf#!encrypt#!2#!N
#!encrypt#!2#!NA#!encrypt#!2#!NT#!encrypt#!6#!NAyP$f#!encrypt#!2#!N
#!encrypt#!5#!Nll+\#!encrypt#!2#!NT#!encrypt#!6#!NAyP$f#!encrypt#!2#!N
#!encrypt#!2#!NP#!encrypt#!2#!NT#!encrypt#!2#!Nn#!encrypt#!7#!NPf#p~a#!encrypt#!2#!N+#!encrypt#!2#!Nn#!encrypt#!5#!N;27L#!encrypt#!2#!Ni#!encrypt#!6#!N}f#<d#!encrypt#!2#!Nn#!encrypt#!12#!NXe]T%7lxX4G#!encrypt#!2#!Ng#!encrypt#!2#!Ni#!encrypt#!6#!NAyP$f#!encrypt#!2#!Ng#!encrypt#!2#!Ng#!encrypt#!2#!N
#!encrypt#!5#!Nll+.#!encrypt#!2#!NT#!encrypt#!2#!Nn#!encrypt#!7#!NPf#p~a#!encrypt#!2#!N+#!encrypt#!2#!Nn#!encrypt#!5#!N;27L#!encrypt#!2#!Ni#!encrypt#!6#!N}f#<d#!encrypt#!2#!Nn#!encrypt#!12#!NXe]T%7lxX4G#!encrypt#!2#!Ng#!encrypt#!2#!Ni#!encrypt#!6#!NAyP$f#!encrypt#!2#!Ng#!encrypt#!2#!Ng#!encrypt#!2#!N
#!encrypt#!5#!NBf/\#!encrypt#!2#!NT#!encrypt#!6#!NAyP$f#!encrypt#!2#!N
#!encrypt#!5#!NBf/.#!encrypt#!2#!NT#!encrypt#!2#!NP#!encrypt#!2#!N
#!encrypt#!2#!N9#!encrypt#!2#!g
#!encrypt#!6#!t([J6o#!encrypt#!2#!N1#!encrypt#!2#!Nn#!encrypt#!8#!NDO?#dMl#!encrypt#!2#!Ng#!encrypt#!11#!NXe]TdMlZ_b#!encrypt#!10#!N{M~x=o@_.#!encrypt#!2#!Nn#!encrypt#!5#!N@>==#!encrypt#!2#!Ng#!encrypt#!10#!N{M~x=o@_.#!encrypt#!2#!Nn#!encrypt#!6#!N~*z_.#!encrypt#!2#!Ng#!encrypt#!11#!N{J\?d*>1/,#!encrypt#!2#!Nn#!encrypt#!2#!Nj#!encrypt#!2#!Ng#!encrypt#!2#!Nn#!encrypt#!5#!N@>==#!encrypt#!6#!N~*z_.#!encrypt#!2#!Ng#!encrypt#!7#!N+Hk<^6#!encrypt#!8#!NDO?#dMl#!encrypt#!2#!N_#!encrypt#!9#!N{ek(^+:k#!encrypt#!2#!NA#!encrypt#!2#!N|#!encrypt#!5#!Nll+\#!encrypt#!2#!N|#!encrypt#!2#!NP#!encrypt#!2#!N|#!encrypt#!5#!Nll+.#!encrypt#!2#!N|#!encrypt#!5#!NBf/.#!encrypt#!2#!N|#!encrypt#!5#!NBf/\#!encrypt#!2#!N
#!encrypt#!6#!NAyP$f#!encrypt#!2#!NT#!encrypt#!9#!N{f$K}_[Z#!encrypt#!2#!Nn#!encrypt#!11#!NXe]TdMlZ_b#!encrypt#!2#!N|#!encrypt#!10#!N{M~x=o@_.#!encrypt#!2#!Ng#!encrypt#!2#!Nv#!encrypt#!2#!Nf#!encrypt#!2#!N
#!encrypt#!7#!NPf#p~a#!encrypt#!2#!NT#!encrypt#!10#!N{f$K}_@]/#!encrypt#!2#!Nn#!encrypt#!11#!NXe]TdMlZ_b#!encrypt#!2#!N|#!encrypt#!10#!N{M~x=o@_.#!encrypt#!2#!Ng#!encrypt#!2#!Nv#!encrypt#!2#!Nf#!encrypt#!2#!N
#!encrypt#!2#!NA#!encrypt#!2#!NT#!encrypt#!6#!NAyP$f#!encrypt#!2#!N
#!encrypt#!5#!Nll+\#!encrypt#!2#!NT#!encrypt#!6#!NAyP$f#!encrypt#!2#!N
#!encrypt#!2#!NP#!encrypt#!2#!NT#!encrypt#!2#!Nn#!encrypt#!7#!NPf#p~a#!encrypt#!2#!N+#!encrypt#!2#!Nn#!encrypt#!5#!N;27L#!encrypt#!2#!Ni#!encrypt#!6#!N}f#<d#!encrypt#!2#!Nn#!encrypt#!11#!NXe]TdMlZ_b#!encrypt#!2#!Ng#!encrypt#!2#!Ni#!encrypt#!6#!NAyP$f#!encrypt#!2#!Ng#!encrypt#!2#!Ng#!encrypt#!2#!N
#!encrypt#!5#!Nll+.#!encrypt#!2#!NT#!encrypt#!2#!Nn#!encrypt#!7#!NPf#p~a#!encrypt#!2#!N+#!encrypt#!2#!Nn#!encrypt#!5#!N;27L#!encrypt#!2#!Ni#!encrypt#!6#!N}f#<d#!encrypt#!2#!Nn#!encrypt#!11#!NXe]TdMlZ_b#!encrypt#!2#!Ng#!encrypt#!2#!Ni#!encrypt#!6#!NAyP$f#!encrypt#!2#!Ng#!encrypt#!2#!Ng#!encrypt#!2#!N
#!encrypt#!5#!NBf/\#!encrypt#!2#!NT#!encrypt#!6#!NAyP$f#!encrypt#!2#!N
#!encrypt#!5#!NBf/.#!encrypt#!2#!NT#!encrypt#!2#!NP#!encrypt#!2#!N
#!encrypt#!2#!N9#!encrypt#!2#!g
#!encrypt#!6#!t([J6o#!encrypt#!2#!N1#!encrypt#!2#!Nn#!encrypt#!8#!NDO?#dMl#!encrypt#!2#!Ng#!encrypt#!14#!NXe]TdMlZ_bOXp#!encrypt#!10#!N{M~x=o@_.#!encrypt#!2#!Nn#!encrypt#!5#!N@>==#!encrypt#!2#!Ng#!encrypt#!10#!N{M~x=o@_.#!encrypt#!2#!Nn#!encrypt#!6#!N~*z_.#!encrypt#!2#!Ng#!encrypt#!11#!No<]2/_[Z.Y#!encrypt#!2#!Nn#!encrypt#!2#!Nj#!encrypt#!2#!Ng#!encrypt#!2#!Nn#!encrypt#!5#!N@>==#!encrypt#!6#!N~*z_.#!encrypt#!2#!Ng#!encrypt#!7#!N+Hk<^6#!encrypt#!8#!NDO?#dMl#!encrypt#!2#!N_#!encrypt#!9#!N{ek(^+:k#!encrypt#!2#!NA#!encrypt#!2#!N|#!encrypt#!5#!Nll+\#!encrypt#!2#!N|#!encrypt#!2#!NP#!encrypt#!2#!N|#!encrypt#!5#!Nll+.#!encrypt#!2#!N|#!encrypt#!5#!NBf/.#!encrypt#!2#!N|#!encrypt#!5#!NBf/\#!encrypt#!2#!N
#!encrypt#!6#!NAyP$f#!encrypt#!2#!NT#!encrypt#!9#!N{f$K}_[Z#!encrypt#!2#!Nn#!encrypt#!14#!NXe]TdMlZ_bOXp#!encrypt#!2#!N|#!encrypt#!10#!N{M~x=o@_.#!encrypt#!2#!Ng#!encrypt#!2#!Nv#!encrypt#!2#!Nf#!encrypt#!2#!N
#!encrypt#!7#!NPf#p~a#!encrypt#!2#!NT#!encrypt#!10#!N{f$K}_@]/#!encrypt#!2#!Nn#!encrypt#!14#!NXe]TdMlZ_bOXp#!encrypt#!2#!N|#!encrypt#!10#!N{M~x=o@_.#!encrypt#!2#!Ng#!encrypt#!2#!Nv#!encrypt#!2#!Nf#!encrypt#!2#!N
#!encrypt#!2#!NA#!encrypt#!2#!NT#!encrypt#!6#!NAyP$f#!encrypt#!2#!N
#!encrypt#!5#!Nll+\#!encrypt#!2#!NT#!encrypt#!6#!NAyP$f#!encrypt#!2#!N
#!encrypt#!2#!NP#!encrypt#!2#!NT#!encrypt#!2#!Nn#!encrypt#!7#!NPf#p~a#!encrypt#!2#!N+#!encrypt#!2#!Nn#!encrypt#!5#!N;27L#!encrypt#!2#!Ni#!encrypt#!6#!N}f#<d#!encrypt#!2#!Nn#!encrypt#!14#!NXe]TdMlZ_bOXp#!encrypt#!2#!Ng#!encrypt#!2#!Ni#!encrypt#!6#!NAyP$f#!encrypt#!2#!Ng#!encrypt#!2#!Ng#!encrypt#!2#!N
#!encrypt#!5#!Nll+.#!encrypt#!2#!NT#!encrypt#!2#!Nn#!encrypt#!7#!NPf#p~a#!encrypt#!2#!N+#!encrypt#!2#!Nn#!encrypt#!5#!N;27L#!encrypt#!2#!Ni#!encrypt#!6#!N}f#<d#!encrypt#!2#!Nn#!encrypt#!14#!NXe]TdMlZ_bOXp#!encrypt#!2#!Ng#!encrypt#!2#!Ni#!encrypt#!6#!NAyP$f#!encrypt#!2#!Ng#!encrypt#!2#!Ng#!encrypt#!2#!N
#!encrypt#!5#!NBf/\#!encrypt#!2#!NT#!encrypt#!6#!NAyP$f#!encrypt#!2#!N
#!encrypt#!5#!NBf/.#!encrypt#!2#!NT#!encrypt#!2#!NP#!encrypt#!2#!N
#!encrypt#!2#!N9#!encrypt#!2#!g
#!encrypt#!6#!t([J6o#!encrypt#!2#!N1#!encrypt#!2#!Nn#!encrypt#!9#!NDO?#%7ly#!encrypt#!2#!Ng#!encrypt#!12#!NXe]T%7ly\=R#!encrypt#!10#!N{M~x=o@_.#!encrypt#!2#!Nn#!encrypt#!5#!N@>==#!encrypt#!2#!Ng#!encrypt#!10#!N{M~x=o@_.#!encrypt#!2#!Nn#!encrypt#!6#!N~*z_.#!encrypt#!2#!Ng#!encrypt#!11#!N{J\?d*>1/,#!encrypt#!2#!Nn#!encrypt#!2#!Nj#!encrypt#!2#!Ng#!encrypt#!2#!Nn#!encrypt#!5#!N@>==#!encrypt#!6#!N~*z_.#!encrypt#!2#!Ng#!encrypt#!7#!N+Hk<^6#!encrypt#!9#!NDO?#%7ly#!encrypt#!2#!N_#!encrypt#!9#!N{ek(^+:k#!encrypt#!2#!NA#!encrypt#!2#!N|#!encrypt#!5#!Nll+\#!encrypt#!2#!N|#!encrypt#!2#!NP#!encrypt#!2#!N|#!encrypt#!5#!Nll+.#!encrypt#!2#!N|#!encrypt#!5#!NBf/.#!encrypt#!2#!N|#!encrypt#!5#!NBf/\#!encrypt#!2#!N
#!encrypt#!6#!NAyP$f#!encrypt#!2#!NT#!encrypt#!9#!N{f$K}_[Z#!encrypt#!2#!Nn#!encrypt#!12#!NXe]T%7ly\=R#!encrypt#!2#!N|#!encrypt#!10#!N{M~x=o@_.#!encrypt#!2#!Ng#!encrypt#!2#!Nv#!encrypt#!2#!Nf#!encrypt#!2#!N
#!encrypt#!7#!NPf#p~a#!encrypt#!2#!NT#!encrypt#!10#!N{f$K}_@]/#!encrypt#!2#!Nn#!encrypt#!12#!NXe]T%7ly\=R#!encrypt#!2#!N|#!encrypt#!10#!N{M~x=o@_.#!encrypt#!2#!Ng#!encrypt#!2#!Nv#!encrypt#!2#!Nf#!encrypt#!2#!N
#!encrypt#!2#!NA#!encrypt#!2#!NT#!encrypt#!6#!NAyP$f#!encrypt#!2#!N
#!encrypt#!5#!Nll+\#!encrypt#!2#!NT#!encrypt#!6#!NAyP$f#!encrypt#!2#!N
#!encrypt#!2#!NP#!encrypt#!2#!NT#!encrypt#!2#!Nn#!encrypt#!7#!NPf#p~a#!encrypt#!2#!N+#!encrypt#!2#!Nn#!encrypt#!5#!N;27L#!encrypt#!2#!Ni#!encrypt#!6#!N}f#<d#!encrypt#!2#!Nn#!encrypt#!12#!NXe]T%7ly\=R#!encrypt#!2#!Ng#!encrypt#!2#!Ni#!encrypt#!6#!NAyP$f#!encrypt#!2#!Ng#!encrypt#!2#!Ng#!encrypt#!2#!N
#!encrypt#!5#!Nll+.#!encrypt#!2#!NT#!encrypt#!2#!Nn#!encrypt#!7#!NPf#p~a#!encrypt#!2#!N+#!encrypt#!2#!Nn#!encrypt#!5#!N;27L#!encrypt#!2#!Ni#!encrypt#!6#!N}f#<d#!encrypt#!2#!Nn#!encrypt#!12#!NXe]T%7ly\=R#!encrypt#!2#!Ng#!encrypt#!2#!Ni#!encrypt#!6#!NAyP$f#!encrypt#!2#!Ng#!encrypt#!2#!Ng#!encrypt#!2#!N
#!encrypt#!5#!NBf/\#!encrypt#!2#!NT#!encrypt#!6#!NAyP$f#!encrypt#!2#!N
#!encrypt#!5#!NBf/.#!encrypt#!2#!NT#!encrypt#!2#!NP#!encrypt#!2#!N
#!encrypt#!2#!N9#!encrypt#!2#!g
#!encrypt#!6#!t([J6o#!encrypt#!2#!N1#!encrypt#!2#!Nn#!encrypt#!9#!NDO?#%7ly#!encrypt#!2#!Ng#!encrypt#!15#!NXe]T%7ly\=RG[E#!encrypt#!10#!N{M~x=o@_.#!encrypt#!2#!Nn#!encrypt#!5#!N@>==#!encrypt#!2#!Ng#!encrypt#!10#!N{M~x=o@_.#!encrypt#!2#!Nn#!encrypt#!6#!N~*z_.#!encrypt#!2#!Ng#!encrypt#!11#!No<]2/_[Z.Y#!encrypt#!2#!Nn#!encrypt#!2#!Nj#!encrypt#!2#!Ng#!encrypt#!2#!Nn#!encrypt#!5#!N@>==#!encrypt#!6#!N~*z_.#!encrypt#!2#!Ng#!encrypt#!7#!N+Hk<^6#!encrypt#!9#!NDO?#%7ly#!encrypt#!2#!N_#!encrypt#!9#!N{ek(^+:k#!encrypt#!2#!NA#!encrypt#!2#!N|#!encrypt#!5#!Nll+\#!encrypt#!2#!N|#!encrypt#!2#!NP#!encrypt#!2#!N|#!encrypt#!5#!Nll+.#!encrypt#!2#!N|#!encrypt#!5#!NBf/.#!encrypt#!2#!N|#!encrypt#!5#!NBf/\#!encrypt#!2#!N
#!encrypt#!6#!NAyP$f#!encrypt#!2#!NT#!encrypt#!9#!N{f$K}_[Z#!encrypt#!2#!Nn#!encrypt#!15#!NXe]T%7ly\=RG[E#!encrypt#!2#!N|#!encrypt#!10#!N{M~x=o@_.#!encrypt#!2#!Ng#!encrypt#!2#!Nv#!encrypt#!2#!Nf#!encrypt#!2#!N
#!encrypt#!7#!NPf#p~a#!encrypt#!2#!NT#!encrypt#!10#!N{f$K}_@]/#!encrypt#!2#!Nn#!encrypt#!15#!NXe]T%7ly\=RG[E#!encrypt#!2#!N|#!encrypt#!10#!N{M~x=o@_.#!encrypt#!2#!Ng#!encrypt#!2#!Nv#!encrypt#!2#!Nf#!encrypt#!2#!N
#!encrypt#!2#!NA#!encrypt#!2#!NT#!encrypt#!6#!NAyP$f#!encrypt#!2#!N
#!encrypt#!5#!Nll+\#!encrypt#!2#!NT#!encrypt#!6#!NAyP$f#!encrypt#!2#!N
#!encrypt#!2#!NP#!encrypt#!2#!NT#!encrypt#!2#!Nn#!encrypt#!7#!NPf#p~a#!encrypt#!2#!N+#!encrypt#!2#!Nn#!encrypt#!5#!N;27L#!encrypt#!2#!Ni#!encrypt#!6#!N}f#<d#!encrypt#!2#!Nn#!encrypt#!15#!NXe]T%7ly\=RG[E#!encrypt#!2#!Ng#!encrypt#!2#!Ni#!encrypt#!6#!NAyP$f#!encrypt#!2#!Ng#!encrypt#!2#!Ng#!encrypt#!2#!N
#!encrypt#!5#!Nll+.#!encrypt#!2#!NT#!encrypt#!2#!Nn#!encrypt#!7#!NPf#p~a#!encrypt#!2#!N+#!encrypt#!2#!Nn#!encrypt#!5#!N;27L#!encrypt#!2#!Ni#!encrypt#!6#!N}f#<d#!encrypt#!2#!Nn#!encrypt#!15#!NXe]T%7ly\=RG[E#!encrypt#!2#!Ng#!encrypt#!2#!Ni#!encrypt#!6#!NAyP$f#!encrypt#!2#!Ng#!encrypt#!2#!Ng#!encrypt#!2#!N
#!encrypt#!5#!NBf/\#!encrypt#!2#!NT#!encrypt#!6#!NAyP$f#!encrypt#!2#!N
#!encrypt#!5#!NBf/.#!encrypt#!2#!NT#!encrypt#!2#!NP#!encrypt#!2#!N
#!encrypt#!2#!N9#!encrypt#!2#!g
#!encrypt#!6#!t([J6o#!encrypt#!2#!N1#!encrypt#!2#!Nn#!encrypt#!8#!NDO?#%Lo#!encrypt#!2#!Ng#!encrypt#!10#!NXe]T%Lo+X#!encrypt#!11#!No<]2/_[Z.Y#!encrypt#!2#!Nn#!encrypt#!5#!N@>==#!encrypt#!2#!Ng#!encrypt#!11#!No<]2/_[Z.Y#!encrypt#!2#!Nn#!encrypt#!6#!N~*z_.#!encrypt#!2#!Ng#!encrypt#!11#!N{J\?d*>1/,#!encrypt#!2#!Nn#!encrypt#!2#!Nj#!encrypt#!2#!Ng#!encrypt#!2#!Nn#!encrypt#!5#!N@>==#!encrypt#!6#!N~*z_.#!encrypt#!2#!Ng#!encrypt#!7#!N+Hk<^6#!encrypt#!8#!NDO?#%Lo#!encrypt#!2#!N_#!encrypt#!9#!N{ek(^+:k#!encrypt#!2#!NA#!encrypt#!2#!N|#!encrypt#!5#!Nll+\#!encrypt#!2#!N|#!encrypt#!2#!NP#!encrypt#!2#!N|#!encrypt#!5#!Nll+.#!encrypt#!2#!N|#!encrypt#!5#!NBf/.#!encrypt#!2#!N|#!encrypt#!5#!NBf/\#!encrypt#!2#!N
#!encrypt#!6#!NAyP$f#!encrypt#!2#!NT#!encrypt#!9#!N{f$K}_[Z#!encrypt#!2#!Nn#!encrypt#!10#!NXe]T%Lo+X#!encrypt#!2#!N|#!encrypt#!11#!No<]2/_[Z.Y#!encrypt#!2#!Ng#!encrypt#!2#!Nv#!encrypt#!2#!Nf#!encrypt#!2#!N
#!encrypt#!7#!NPf#p~a#!encrypt#!2#!NT#!encrypt#!10#!N{f$K}_@]/#!encrypt#!2#!Nn#!encrypt#!10#!NXe]T%Lo+X#!encrypt#!2#!N|#!encrypt#!11#!No<]2/_[Z.Y#!encrypt#!2#!Ng#!encrypt#!2#!Nv#!encrypt#!2#!Nf#!encrypt#!2#!N
#!encrypt#!2#!NA#!encrypt#!2#!NT#!encrypt#!6#!NAyP$f#!encrypt#!2#!N
#!encrypt#!5#!Nll+\#!encrypt#!2#!NT#!encrypt#!6#!NAyP$f#!encrypt#!2#!N
#!encrypt#!2#!NP#!encrypt#!2#!NT#!encrypt#!2#!Nn#!encrypt#!7#!NPf#p~a#!encrypt#!2#!N+#!encrypt#!2#!Nn#!encrypt#!5#!N;27L#!encrypt#!2#!Ni#!encrypt#!6#!N}f#<d#!encrypt#!2#!Nn#!encrypt#!10#!NXe]T%Lo+X#!encrypt#!2#!Ng#!encrypt#!2#!Ni#!encrypt#!6#!NAyP$f#!encrypt#!2#!Ng#!encrypt#!2#!Ng#!encrypt#!2#!N
#!encrypt#!5#!Nll+.#!encrypt#!2#!NT#!encrypt#!2#!Nn#!encrypt#!7#!NPf#p~a#!encrypt#!2#!N+#!encrypt#!2#!Nn#!encrypt#!5#!N;27L#!encrypt#!2#!Ni#!encrypt#!6#!N}f#<d#!encrypt#!2#!Nn#!encrypt#!10#!NXe]T%Lo+X#!encrypt#!2#!Ng#!encrypt#!2#!Ni#!encrypt#!6#!NAyP$f#!encrypt#!2#!Ng#!encrypt#!2#!Ng#!encrypt#!2#!N
#!encrypt#!5#!NBf/\#!encrypt#!2#!NT#!encrypt#!6#!NAyP$f#!encrypt#!2#!N
#!encrypt#!5#!NBf/.#!encrypt#!2#!NT#!encrypt#!2#!NP#!encrypt#!2#!N
#!encrypt#!2#!N9#!encrypt#!2#!g
#!encrypt#!6#!t([J6o#!encrypt#!2#!N1#!encrypt#!2#!Nn#!encrypt#!8#!NDO?#%L@#!encrypt#!2#!Ng#!encrypt#!12#!NXe]T%L@BX`##!encrypt#!11#!No<]2/_[Z.Y#!encrypt#!2#!Nn#!encrypt#!5#!N@>==#!encrypt#!2#!Ng#!encrypt#!11#!No<]2/_[Z.Y#!encrypt#!2#!Nn#!encrypt#!6#!N~*z_.#!encrypt#!2#!Ng#!encrypt#!11#!N{J\?d*>1/,#!encrypt#!2#!Nn#!encrypt#!2#!Nj#!encrypt#!2#!Ng#!encrypt#!2#!Nn#!encrypt#!5#!N@>==#!encrypt#!6#!N~*z_.#!encrypt#!2#!Ng#!encrypt#!7#!N+Hk<^6#!encrypt#!8#!NDO?#%L@#!encrypt#!2#!N_#!encrypt#!9#!N{ek(^+:k#!encrypt#!2#!NA#!encrypt#!2#!N|#!encrypt#!5#!Nll+\#!encrypt#!2#!N|#!encrypt#!2#!NP#!encrypt#!2#!N|#!encrypt#!5#!Nll+.#!encrypt#!2#!N|#!encrypt#!5#!NBf/.#!encrypt#!2#!N|#!encrypt#!5#!NBf/\#!encrypt#!2#!N
#!encrypt#!6#!NAyP$f#!encrypt#!2#!NT#!encrypt#!9#!N{f$K}_[Z#!encrypt#!2#!Nn#!encrypt#!12#!NXe]T%L@BX`##!encrypt#!2#!N|#!encrypt#!11#!No<]2/_[Z.Y#!encrypt#!2#!Ng#!encrypt#!2#!Nv#!encrypt#!2#!Nf#!encrypt#!2#!N
#!encrypt#!7#!NPf#p~a#!encrypt#!2#!NT#!encrypt#!10#!N{f$K}_@]/#!encrypt#!2#!Nn#!encrypt#!12#!NXe]T%L@BX`##!encrypt#!2#!N|#!encrypt#!11#!No<]2/_[Z.Y#!encrypt#!2#!Ng#!encrypt#!2#!Nv#!encrypt#!2#!Nf#!encrypt#!2#!N
#!encrypt#!2#!NA#!encrypt#!2#!NT#!encrypt#!6#!NAyP$f#!encrypt#!2#!N
#!encrypt#!5#!Nll+\#!encrypt#!2#!NT#!encrypt#!6#!NAyP$f#!encrypt#!2#!N
#!encrypt#!2#!NP#!encrypt#!2#!NT#!encrypt#!2#!Nn#!encrypt#!7#!NPf#p~a#!encrypt#!2#!N+#!encrypt#!2#!Nn#!encrypt#!5#!N;27L#!encrypt#!2#!Ni#!encrypt#!6#!N}f#<d#!encrypt#!2#!Nn#!encrypt#!12#!NXe]T%L@BX`##!encrypt#!2#!Ng#!encrypt#!2#!Ni#!encrypt#!6#!NAyP$f#!encrypt#!2#!Ng#!encrypt#!2#!Ng#!encrypt#!2#!N
#!encrypt#!5#!Nll+.#!encrypt#!2#!NT#!encrypt#!2#!Nn#!encrypt#!7#!NPf#p~a#!encrypt#!2#!N+#!encrypt#!2#!Nn#!encrypt#!5#!N;27L#!encrypt#!2#!Ni#!encrypt#!6#!N}f#<d#!encrypt#!2#!Nn#!encrypt#!12#!NXe]T%L@BX`##!encrypt#!2#!Ng#!encrypt#!2#!Ni#!encrypt#!6#!NAyP$f#!encrypt#!2#!Ng#!encrypt#!2#!Ng#!encrypt#!2#!N
#!encrypt#!5#!NBf/\#!encrypt#!2#!NT#!encrypt#!6#!NAyP$f#!encrypt#!2#!N
#!encrypt#!5#!NBf/.#!encrypt#!2#!NT#!encrypt#!2#!NP#!encrypt#!2#!N
#!encrypt#!2#!N9#!encrypt#!2#!g
#!encrypt#!6#!t([J6o#!encrypt#!2#!Nq#!encrypt#!2#!Nn#!encrypt#!10#!NDO?Zgho5/#!encrypt#!2#!Ng#!encrypt#!6#!NXmPK\#!encrypt#!11#!N{J\?d*>1/,#!encrypt#!2#!Nn#!encrypt#!5#!N@>==#!encrypt#!2#!Ng#!encrypt#!11#!NoY_7?_[Z.Y#!encrypt#!2#!Nn#!encrypt#!6#!N~*z_.#!encrypt#!2#!Ng#!encrypt#!7#!N+Hk<^6#!encrypt#!10#!NDO?Zgho5/#!encrypt#!2#!N_#!encrypt#!9#!N{ek(^+:k#!encrypt#!5#!NOe]{#!encrypt#!2#!N|#!encrypt#!3#!N{S#!encrypt#!2#!N
#!encrypt#!5#!NOe]{#!encrypt#!2#!NT#!encrypt#!5#!NOe]{#!encrypt#!2#!Nn#!encrypt#!6#!NXmPK\#!encrypt#!2#!Ng#!encrypt#!2#!N
#!encrypt#!3#!N{S#!encrypt#!2#!NT#!encrypt#!10#!N{f$K}(:%c#!encrypt#!2#!Nn#!encrypt#!6#!NXmPK\#!encrypt#!2#!Ng#!encrypt#!2#!N
#!encrypt#!2#!N9#!encrypt#!2#!g
#!encrypt#!6#!t([J6o#!encrypt#!2#!Nq#!encrypt#!2#!Nn#!encrypt#!10#!NDO?Zghy5/#!encrypt#!2#!Ng#!encrypt#!10#!NXmPK\_y5/#!encrypt#!11#!N{J\?d*>1/,#!encrypt#!2#!Nn#!encrypt#!5#!N@>==#!encrypt#!2#!Ng#!encrypt#!11#!NoY_7?_[Z.Y#!encrypt#!2#!Nn#!encrypt#!6#!N~*z_.#!encrypt#!2#!Ng#!encrypt#!7#!N+Hk<^6#!encrypt#!10#!NDO?Zghy5/#!encrypt#!2#!N_#!encrypt#!9#!N{ek(^+:k#!encrypt#!5#!NOe]{#!encrypt#!2#!N|#!encrypt#!3#!N{S#!encrypt#!2#!N
#!encrypt#!5#!NOe]{#!encrypt#!2#!NT#!encrypt#!5#!NOe]{#!encrypt#!2#!Nn#!encrypt#!10#!NXmPK\_y5/#!encrypt#!2#!Ng#!encrypt#!2#!N
#!encrypt#!3#!N{S#!encrypt#!2#!NT#!encrypt#!10#!N{f$K}(:%c#!encrypt#!2#!Nn#!encrypt#!10#!NXmPK\_y5/#!encrypt#!2#!Ng#!encrypt#!2#!N
#!encrypt#!2#!N9#!encrypt#!2#!g
#!encrypt#!6#!t([J6o#!encrypt#!2#!Nq#!encrypt#!2#!Nn#!encrypt#!10#!NDO?ZghK5/#!encrypt#!2#!Ng#!encrypt#!10#!NXmPK\_K5/#!encrypt#!11#!N{J\?d*>1/,#!encrypt#!2#!Nn#!encrypt#!5#!N@>==#!encrypt#!2#!Ng#!encrypt#!11#!NoY_7?_[Z.Y#!encrypt#!2#!Nn#!encrypt#!6#!N~*z_.#!encrypt#!2#!Ng#!encrypt#!7#!N+Hk<^6#!encrypt#!10#!NDO?ZghK5/#!encrypt#!2#!N_#!encrypt#!9#!N{ek(^+:k#!encrypt#!5#!NOe]{#!encrypt#!2#!N|#!encrypt#!3#!N{S#!encrypt#!2#!N
#!encrypt#!5#!NOe]{#!encrypt#!2#!NT#!encrypt#!5#!NOe]{#!encrypt#!2#!Nn#!encrypt#!10#!NXmPK\_K5/#!encrypt#!2#!Ng#!encrypt#!2#!N
#!encrypt#!3#!N{S#!encrypt#!2#!NT#!encrypt#!10#!N{f$K}(:%c#!encrypt#!2#!Nn#!encrypt#!10#!NXmPK\_K5/#!encrypt#!2#!Ng#!encrypt#!2#!N
#!encrypt#!2#!N9#!encrypt#!2#!g
#!encrypt#!6#!t([J6o#!encrypt#!2#!Nq#!encrypt#!2#!Nn#!encrypt#!10#!NDO?Zgh55/#!encrypt#!2#!Ng#!encrypt#!10#!NXmPK\_55/#!encrypt#!11#!N{J\?d*>1/,#!encrypt#!2#!Nn#!encrypt#!5#!N@>==#!encrypt#!2#!Ng#!encrypt#!11#!NoY_7?_[Z.Y#!encrypt#!2#!Nn#!encrypt#!6#!N~*z_.#!encrypt#!2#!Ng#!encrypt#!7#!N+Hk<^6#!encrypt#!10#!NDO?Zgh55/#!encrypt#!2#!N_#!encrypt#!9#!N{ek(^+:k#!encrypt#!5#!NOe]{#!encrypt#!2#!N|#!encrypt#!3#!N{S#!encrypt#!2#!N
#!encrypt#!5#!NOe]{#!encrypt#!2#!NT#!encrypt#!5#!NOe]{#!encrypt#!2#!Nn#!encrypt#!10#!NXmPK\_55/#!encrypt#!2#!Ng#!encrypt#!2#!N
#!encrypt#!3#!N{S#!encrypt#!2#!NT#!encrypt#!10#!N{f$K}(:%c#!encrypt#!2#!Nn#!encrypt#!10#!NXmPK\_55/#!encrypt#!2#!Ng#!encrypt#!2#!N
#!encrypt#!2#!N9#!encrypt#!2#!g
#!encrypt#!6#!t([J6o#!encrypt#!2#!Nq#!encrypt#!2#!Nn#!encrypt#!10#!NDO?Zgdo5/#!encrypt#!2#!Ng#!encrypt#!9#!NXmPK\_<5#!encrypt#!11#!N{J\?d*>1/,#!encrypt#!2#!Nn#!encrypt#!5#!N@>==#!encrypt#!2#!Ng#!encrypt#!11#!NoY_7?_[Z.Y#!encrypt#!2#!Nn#!encrypt#!6#!N~*z_.#!encrypt#!2#!Ng#!encrypt#!7#!N+Hk<^6#!encrypt#!10#!NDO?Zgdo5/#!encrypt#!2#!N_#!encrypt#!9#!N{ek(^+:k#!encrypt#!5#!NOe]{#!encrypt#!2#!N|#!encrypt#!3#!N{S#!encrypt#!2#!N
#!encrypt#!5#!NOe]{#!encrypt#!2#!NT#!encrypt#!5#!NOe]{#!encrypt#!2#!Nn#!encrypt#!9#!NXmPK\_<5#!encrypt#!2#!Ng#!encrypt#!2#!N
#!encrypt#!3#!N{S#!encrypt#!2#!NT#!encrypt#!10#!N{f$K}(:%c#!encrypt#!2#!Nn#!encrypt#!9#!NXmPK\_<5#!encrypt#!2#!Ng#!encrypt#!2#!N
#!encrypt#!2#!N9#!encrypt#!2#!g
#!encrypt#!6#!t([J6o#!encrypt#!2#!Nq#!encrypt#!2#!Nn#!encrypt#!10#!NDO?Zgd55/#!encrypt#!2#!Ng#!encrypt#!13#!NXmPK\_<5#Ym9#!encrypt#!11#!N{J\?d*>1/,#!encrypt#!2#!Nn#!encrypt#!5#!N@>==#!encrypt#!2#!Ng#!encrypt#!11#!NoY_7?_[Z.Y#!encrypt#!2#!Nn#!encrypt#!6#!N~*z_.#!encrypt#!2#!Ng#!encrypt#!7#!N+Hk<^6#!encrypt#!10#!NDO?Zgd55/#!encrypt#!2#!N_#!encrypt#!9#!N{ek(^+:k#!encrypt#!5#!NOe]{#!encrypt#!2#!N|#!encrypt#!3#!N{S#!encrypt#!2#!N
#!encrypt#!5#!NOe]{#!encrypt#!2#!NT#!encrypt#!5#!NOe]{#!encrypt#!2#!Nn#!encrypt#!13#!NXmPK\_<5#Ym9#!encrypt#!2#!Ng#!encrypt#!2#!N
#!encrypt#!3#!N{S#!encrypt#!2#!NT#!encrypt#!10#!N{f$K}(:%c#!encrypt#!2#!Nn#!encrypt#!13#!NXmPK\_<5#Ym9#!encrypt#!2#!Ng#!encrypt#!2#!N
#!encrypt#!2#!N9#!encrypt#!2#!g
#!encrypt#!6#!t([J6o#!encrypt#!2#!Nq#!encrypt#!2#!Nn#!encrypt#!10#!NDO?(gho5/#!encrypt#!2#!Ng#!encrypt#!6#!NXhPK\#!encrypt#!11#!N{Y_7?_[Z.Y#!encrypt#!2#!Nn#!encrypt#!5#!N@>==#!encrypt#!2#!Ng#!encrypt#!11#!No<]2/_[Z.Y#!encrypt#!2#!Nn#!encrypt#!6#!N~*z_.#!encrypt#!2#!Ng#!encrypt#!7#!N+Hk<^6#!encrypt#!10#!NDO?(gho5/#!encrypt#!2#!N_#!encrypt#!9#!N{ek(^+:k#!encrypt#!5#!NOe]{#!encrypt#!2#!N|#!encrypt#!3#!N{S#!encrypt#!2#!N
#!encrypt#!5#!NOe]{#!encrypt#!2#!NT#!encrypt#!5#!NOe]{#!encrypt#!2#!Nn#!encrypt#!6#!NXhPK\#!encrypt#!2#!Ng#!encrypt#!2#!N
#!encrypt#!3#!N{S#!encrypt#!2#!NT#!encrypt#!10#!N{f$K}(:%c#!encrypt#!2#!Nn#!encrypt#!6#!NXhPK\#!encrypt#!2#!Ng#!encrypt#!2#!N
#!encrypt#!2#!N9#!encrypt#!2#!g
#!encrypt#!6#!t([J6o#!encrypt#!2#!Nq#!encrypt#!2#!Nn#!encrypt#!10#!NDO?(ghy5/#!encrypt#!2#!Ng#!encrypt#!10#!NXhPK\_y5/#!encrypt#!11#!N{Y_7?_[Z.Y#!encrypt#!2#!Nn#!encrypt#!5#!N@>==#!encrypt#!2#!Ng#!encrypt#!11#!No<]2/_[Z.Y#!encrypt#!2#!Nn#!encrypt#!6#!N~*z_.#!encrypt#!2#!Ng#!encrypt#!7#!N+Hk<^6#!encrypt#!10#!NDO?(ghy5/#!encrypt#!2#!N_#!encrypt#!9#!N{ek(^+:k#!encrypt#!5#!NOe]{#!encrypt#!2#!N|#!encrypt#!3#!N{S#!encrypt#!2#!N
#!encrypt#!5#!NOe]{#!encrypt#!2#!NT#!encrypt#!5#!NOe]{#!encrypt#!2#!Nn#!encrypt#!10#!NXhPK\_y5/#!encrypt#!2#!Ng#!encrypt#!2#!N
#!encrypt#!3#!N{S#!encrypt#!2#!NT#!encrypt#!10#!N{f$K}(:%c#!encrypt#!2#!Nn#!encrypt#!10#!NXhPK\_y5/#!encrypt#!2#!Ng#!encrypt#!2#!N
#!encrypt#!2#!N9#!encrypt#!2#!g
#!encrypt#!6#!t([J6o#!encrypt#!2#!Nq#!encrypt#!2#!Nn#!encrypt#!10#!NDO?(ghK5/#!encrypt#!2#!Ng#!encrypt#!10#!NXhPK\_K5/#!encrypt#!11#!N{Y_7?_[Z.Y#!encrypt#!2#!Nn#!encrypt#!5#!N@>==#!encrypt#!2#!Ng#!encrypt#!11#!No<]2/_[Z.Y#!encrypt#!2#!Nn#!encrypt#!6#!N~*z_.#!encrypt#!2#!Ng#!encrypt#!7#!N+Hk<^6#!encrypt#!10#!NDO?(ghK5/#!encrypt#!2#!N_#!encrypt#!9#!N{ek(^+:k#!encrypt#!5#!NOe]{#!encrypt#!2#!N|#!encrypt#!3#!N{S#!encrypt#!2#!N
#!encrypt#!5#!NOe]{#!encrypt#!2#!NT#!encrypt#!5#!NOe]{#!encrypt#!2#!Nn#!encrypt#!10#!NXhPK\_K5/#!encrypt#!2#!Ng#!encrypt#!2#!N
#!encrypt#!3#!N{S#!encrypt#!2#!NT#!encrypt#!10#!N{f$K}(:%c#!encrypt#!2#!Nn#!encrypt#!10#!NXhPK\_K5/#!encrypt#!2#!Ng#!encrypt#!2#!N
#!encrypt#!2#!N9#!encrypt#!2#!g
#!encrypt#!6#!t([J6o#!encrypt#!2#!Nq#!encrypt#!2#!Nn#!encrypt#!10#!NDO?(gdo5/#!encrypt#!2#!Ng#!encrypt#!9#!NXhPK\_<5#!encrypt#!11#!N{Y_7?_[Z.Y#!encrypt#!2#!Nn#!encrypt#!5#!N@>==#!encrypt#!2#!Ng#!encrypt#!11#!No<]2/_[Z.Y#!encrypt#!2#!Nn#!encrypt#!6#!N~*z_.#!encrypt#!2#!Ng#!encrypt#!7#!N+Hk<^6#!encrypt#!10#!NDO?(gdo5/#!encrypt#!2#!N_#!encrypt#!9#!N{ek(^+:k#!encrypt#!5#!NOe]{#!encrypt#!2#!N|#!encrypt#!3#!N{S#!encrypt#!2#!N
#!encrypt#!5#!NOe]{#!encrypt#!2#!NT#!encrypt#!5#!NOe]{#!encrypt#!2#!Nn#!encrypt#!9#!NXhPK\_<5#!encrypt#!2#!Ng#!encrypt#!2#!N
#!encrypt#!3#!N{S#!encrypt#!2#!NT#!encrypt#!10#!N{f$K}(:%c#!encrypt#!2#!Nn#!encrypt#!9#!NXhPK\_<5#!encrypt#!2#!Ng#!encrypt#!2#!N
#!encrypt#!2#!N9#!encrypt#!2#!g
#!encrypt#!6#!t([J6o#!encrypt#!2#!N\#!encrypt#!2#!Nn#!encrypt#!9#!NDO?/"?lJ#!encrypt#!2#!Ng#!encrypt#!7#!NXg*Z"d#!encrypt#!11#!N{J\?d*>1/,#!encrypt#!2#!Nn#!encrypt#!2#!Nx#!encrypt#!2#!Ng#!encrypt#!11#!No<]2/_[Z.Y#!encrypt#!2#!Nn#!encrypt#!2#!Nj#!encrypt#!2#!Ng#!encrypt#!11#!N{Y_7?_[Z.Y#!encrypt#!2#!Nn#!encrypt#!2#!N(#!encrypt#!2#!Ng#!encrypt#!7#!N+Hk<^6#!encrypt#!9#!NDO?/"?lJ#!encrypt#!2#!N_#!encrypt#!9#!N{ek(^+:k#!encrypt#!5#!NOe]{#!encrypt#!2#!N
#!encrypt#!5#!NOe]{#!encrypt#!2#!NT#!encrypt#!5#!NOe]{#!encrypt#!2#!Nn#!encrypt#!2#!N(#!encrypt#!2#!Ng#!encrypt#!2#!Ni#!encrypt#!2#!NI#!encrypt#!2#!N
#!encrypt#!2#!N9#!encrypt#!2#!g
#!encrypt#!6#!t([J6o#!encrypt#!2#!N\#!encrypt#!2#!Nn#!encrypt#!9#!NDO?/"?lW#!encrypt#!2#!Ng#!encrypt#!7#!NXg*Z"V#!encrypt#!11#!N{J\?d*>1/,#!encrypt#!2#!Nn#!encrypt#!2#!Nx#!encrypt#!2#!Ng#!encrypt#!11#!No<]2/_[Z.Y#!encrypt#!2#!Nn#!encrypt#!2#!Nj#!encrypt#!2#!Ng#!encrypt#!11#!N{Y_7?_[Z.Y#!encrypt#!2#!Nn#!encrypt#!2#!N(#!encrypt#!2#!Ng#!encrypt#!7#!N+Hk<^6#!encrypt#!9#!NDO?/"?lW#!encrypt#!2#!N_#!encrypt#!9#!N{ek(^+:k#!encrypt#!5#!NOe]{#!encrypt#!2#!N
#!encrypt#!5#!NOe]{#!encrypt#!2#!NT#!encrypt#!5#!NOe]{#!encrypt#!2#!Nn#!encrypt#!2#!N(#!encrypt#!2#!Ng#!encrypt#!2#!Ni#!encrypt#!2#!NI#!encrypt#!2#!N
#!encrypt#!2#!N9#!encrypt#!2#!g
#!encrypt#!6#!t([J6o#!encrypt#!2#!N\#!encrypt#!2#!Nn#!encrypt#!10#!NDO?/"?l: #!encrypt#!2#!Ng#!encrypt#!8#!NXg*Z"hW#!encrypt#!11#!N{J\?d*>1/,#!encrypt#!2#!Nn#!encrypt#!2#!Nx#!encrypt#!2#!Ng#!encrypt#!11#!No<]2/_[Z.Y#!encrypt#!2#!Nn#!encrypt#!2#!Nj#!encrypt#!2#!Ng#!encrypt#!11#!N{Y_7?_[Z.Y#!encrypt#!2#!Nn#!encrypt#!2#!N(#!encrypt#!2#!Ng#!encrypt#!7#!N+Hk<^6#!encrypt#!10#!NDO?/"?l: #!encrypt#!2#!N_#!encrypt#!9#!N{ek(^+:k#!encrypt#!5#!NOe]{#!encrypt#!2#!N
#!encrypt#!5#!NOe]{#!encrypt#!2#!NT#!encrypt#!5#!NOe]{#!encrypt#!2#!Nn#!encrypt#!2#!N(#!encrypt#!2#!Ng#!encrypt#!2#!Ni#!encrypt#!2#!NI#!encrypt#!2#!N
#!encrypt#!2#!N9#!encrypt#!2#!g
#!encrypt#!6#!t([J6o#!encrypt#!2#!N\#!encrypt#!2#!Nn#!encrypt#!9#!NDO?/%M5J#!encrypt#!2#!Ng#!encrypt#!6#!NXm*Zu#!encrypt#!11#!No<]2/_[Z.Y#!encrypt#!2#!Nn#!encrypt#!2#!Nx#!encrypt#!2#!Ng#!encrypt#!11#!N{J\?d*>1/,#!encrypt#!2#!Nn#!encrypt#!2#!Nj#!encrypt#!2#!Ng#!encrypt#!9#!Noh#q^|#+#!encrypt#!2#!Nn#!encrypt#!2#!N(#!encrypt#!2#!Ng#!encrypt#!7#!N+Hk<^6#!encrypt#!9#!NDO?/%M5J#!encrypt#!2#!N_#!encrypt#!9#!N{ek(^+:k#!encrypt#!5#!NOe]{#!encrypt#!2#!N
#!encrypt#!5#!NOe]{#!encrypt#!2#!NT#!encrypt#!5#!NOe]{#!encrypt#!2#!Nn#!encrypt#!2#!N(#!encrypt#!2#!Ng#!encrypt#!2#!Ni#!encrypt#!2#!NI#!encrypt#!2#!N
#!encrypt#!2#!N9#!encrypt#!2#!g
#!encrypt#!6#!t([J6o#!encrypt#!2#!N\#!encrypt#!2#!Nn#!encrypt#!9#!NDO?/%M5W#!encrypt#!2#!Ng#!encrypt#!6#!NXm*Zm#!encrypt#!11#!No<]2/_[Z.Y#!encrypt#!2#!Nn#!encrypt#!2#!Nx#!encrypt#!2#!Ng#!encrypt#!11#!N{J\?d*>1/,#!encrypt#!2#!Nn#!encrypt#!2#!Nj#!encrypt#!2#!Ng#!encrypt#!9#!Noh#q^|#+#!encrypt#!2#!Nn#!encrypt#!2#!N(#!encrypt#!2#!Ng#!encrypt#!7#!N+Hk<^6#!encrypt#!9#!NDO?/%M5W#!encrypt#!2#!N_#!encrypt#!9#!N{ek(^+:k#!encrypt#!5#!NOe]{#!encrypt#!2#!N
#!encrypt#!5#!NOe]{#!encrypt#!2#!NT#!encrypt#!5#!NOe]{#!encrypt#!2#!Nn#!encrypt#!2#!N(#!encrypt#!2#!Ng#!encrypt#!2#!Ni#!encrypt#!2#!NI#!encrypt#!2#!N
#!encrypt#!2#!N9#!encrypt#!2#!g
#!encrypt#!6#!t([J6o#!encrypt#!2#!N\#!encrypt#!2#!Nn#!encrypt#!10#!NDO?/%M5: #!encrypt#!2#!Ng#!encrypt#!7#!NXm*ZCK#!encrypt#!11#!No<]2/_[Z.Y#!encrypt#!2#!Nn#!encrypt#!2#!Nx#!encrypt#!2#!Ng#!encrypt#!11#!N{J\?d*>1/,#!encrypt#!2#!Nn#!encrypt#!2#!Nj#!encrypt#!2#!Ng#!encrypt#!9#!Noh#q^|#+#!encrypt#!2#!Nn#!encrypt#!2#!N(#!encrypt#!2#!Ng#!encrypt#!7#!N+Hk<^6#!encrypt#!10#!NDO?/%M5: #!encrypt#!2#!N_#!encrypt#!9#!N{ek(^+:k#!encrypt#!5#!NOe]{#!encrypt#!2#!N
#!encrypt#!5#!NOe]{#!encrypt#!2#!NT#!encrypt#!5#!NOe]{#!encrypt#!2#!Nn#!encrypt#!2#!N(#!encrypt#!2#!Ng#!encrypt#!2#!Ni#!encrypt#!2#!NI#!encrypt#!2#!N
#!encrypt#!2#!N9#!encrypt#!2#!g
#!encrypt#!6#!t([J6o#!encrypt#!2#!Nx#!encrypt#!2#!Nn#!encrypt#!8#!NDO?Y}A%#!encrypt#!2#!Ng#!encrypt#!8#!NXH_&wnl#!encrypt#!9#!Nx4*C^*Fd#!encrypt#!2#!Nn#!encrypt#!5#!N@>==#!encrypt#!2#!Ng#!encrypt#!13#!NQff{/hWUSAhX#!encrypt#!2#!Nn#!encrypt#!6#!N~*z_.#!encrypt#!2#!Ng#!encrypt#!11#!N{J\?d*>1/,#!encrypt#!2#!Nn#!encrypt#!2#!Nj#!encrypt#!2#!Ng#!encrypt#!7#!N+Hk<^6#!encrypt#!8#!NDO?Y}A%#!encrypt#!2#!N_#!encrypt#!9#!N{ek(^+:k#!encrypt#!2#!NA#!encrypt#!2#!N|#!encrypt#!2#!NP#!encrypt#!2#!N|#!encrypt#!2#!Nc#!encrypt#!2#!N|#!encrypt#!5#!NOe]{#!encrypt#!2#!N|#!encrypt#!6#!N{f$K}#!encrypt#!2#!N
#!encrypt#!5#!NOe]{#!encrypt#!2#!NT#!encrypt#!5#!NOe]{#!encrypt#!2#!Nn#!encrypt#!8#!NXH_&wnl#!encrypt#!2#!Ng#!encrypt#!2#!N
#!encrypt#!6#!N{f$K}#!encrypt#!2#!NT#!encrypt#!10#!N{f$K}(:%c#!encrypt#!2#!Nn#!encrypt#!8#!NXH_&wnl#!encrypt#!2#!Ng#!encrypt#!2#!N
#!encrypt#!2#!NA#!encrypt#!2#!NT#!encrypt#!11#!N{f$K}FWzDC#!encrypt#!2#!N
#!encrypt#!2#!NP#!encrypt#!2#!NT#!encrypt#!11#!N{f$K}FWzDC#!encrypt#!2#!N
#!encrypt#!2#!Nc#!encrypt#!2#!NT#!encrypt#!10#!NOe]{7h\68#!encrypt#!2#!N/#!encrypt#!12#!N{f$K}F]%Fs #!encrypt#!2#!N
#!encrypt#!2#!N9#!encrypt#!2#!g
#!encrypt#!17#!+ZG.;osa AMKr,iG[#!encrypt#!2#!Nx#!encrypt#!2#!Nn#!encrypt#!8#!NDO?Y}A%#!encrypt#!2#!Ng#!encrypt#!10#!N+hp#P6y%_#!encrypt#!4#!N^fI#!encrypt#!2#!N_#!encrypt#!10#!NFw`G!rL A#!encrypt#!2#!NP#!encrypt#!2#!N;#!encrypt#!2#!NA#!encrypt#!2#!N;#!encrypt#!2#!N
#!encrypt#!10#!Nll+Ow*#5j#!encrypt#!2#!NP#!encrypt#!2#!N|#!encrypt#!2#!NA#!encrypt#!2#!N
#!encrypt#!2#!NP#!encrypt#!2#!NT#!encrypt#!4#!NBp"#!encrypt#!2#!Nn#!encrypt#!2#!NP#!encrypt#!2#!Ng#!encrypt#!2#!Nv#!encrypt#!6#!NcM\Z~#!encrypt#!2#!Nn#!encrypt#!2#!Ng#!encrypt#!2#!N
#!encrypt#!2#!NA#!encrypt#!2#!NT#!encrypt#!4#!NBp"#!encrypt#!2#!Nn#!encrypt#!2#!NA#!encrypt#!2#!Ng#!encrypt#!2#!N
#!encrypt#!2#!N9#!encrypt#!2#!g
#!encrypt#!18#!+ZG.61Qb4#"Afv1^Iy#!encrypt#!2#!Nx#!encrypt#!2#!Nn#!encrypt#!8#!NDO?Y}A%#!encrypt#!2#!Ng#!encrypt#!2#!NP#!encrypt#!2#!NP#!encrypt#!11#!N+Ek2^+F_S,#!encrypt#!2#!N;#!encrypt#!2#!g
#!encrypt#!18#!+ZG.61Qb4#"Afv1^Iy#!encrypt#!2#!Nx#!encrypt#!2#!Nn#!encrypt#!8#!NDO?Y}A%#!encrypt#!2#!Ng#!encrypt#!2#!NA#!encrypt#!2#!NA#!encrypt#!11#!N+Ek2^+F_S,#!encrypt#!2#!N;#!encrypt#!2#!g
#!encrypt#!6#!t([J6o#!encrypt#!2#!NM#!encrypt#!2#!Nn#!encrypt#!8#!NDO?K%BF#!encrypt#!2#!Ng#!encrypt#!7#!NXy#<=n#!encrypt#!6#!NamPB|#!encrypt#!2#!Nn#!encrypt#!5#!N@>==#!encrypt#!2#!Ng#!encrypt#!6#!NamPBC#!encrypt#!2#!Nn#!encrypt#!6#!N~*z_.#!encrypt#!2#!Ng#!encrypt#!11#!N{J\?d*>1/,#!encrypt#!2#!Nn#!encrypt#!2#!Nj#!encrypt#!2#!Ng#!encrypt#!2#!Nn#!encrypt#!5#!N@>==#!encrypt#!6#!N~*z_.#!encrypt#!2#!Ng#!encrypt#!2#!N*#!encrypt#!11#!NamP{=L#x/:#!encrypt#!2#!N #!encrypt#!2#!N*#!encrypt#!11#!NamPa=7l1S,#!encrypt#!2#!N #!encrypt#!2#!N*#!encrypt#!9#!NamP{=+Fx#!encrypt#!2#!N #!encrypt#!2#!N*#!encrypt#!7#!NamPq%+#!encrypt#!2#!N #!encrypt#!7#!N+Hk<^6#!encrypt#!8#!NDO?K%BF#!encrypt#!2#!N_#!encrypt#!9#!N{ek(^+:k#!encrypt#!6#!NAyP$f#!encrypt#!6#!NBhpY^#!encrypt#!3#!Noe#!encrypt#!4#!N34P#!encrypt#!2#!N
#!encrypt#!6#!NAyP$f#!encrypt#!2#!NT#!encrypt#!5#!NOe]{#!encrypt#!2#!Nn#!encrypt#!11#!NamP{=L#x/:#!encrypt#!2#!Ng#!encrypt#!2#!Ni#!encrypt#!10#!NIK&r|KW( #!encrypt#!2#!N
#!encrypt#!6#!NBhpY^#!encrypt#!2#!NT#!encrypt#!5#!NOe]{#!encrypt#!2#!Nn#!encrypt#!11#!NamPa=7l1S,#!encrypt#!2#!Ng#!encrypt#!2#!Ni#!encrypt#!9#!NGK&r|KW(#!encrypt#!2#!N
#!encrypt#!3#!Noe#!encrypt#!2#!NT#!encrypt#!6#!NcM\Z~#!encrypt#!2#!Nn#!encrypt#!7#!NamPq%+#!encrypt#!2#!Ng#!encrypt#!2#!N+#!encrypt#!4#!N;2?#!encrypt#!2#!N
#!encrypt#!4#!N34P#!encrypt#!2#!NT#!encrypt#!5#!NOe]{#!encrypt#!2#!Nn#!encrypt#!9#!NamP{=+Fx#!encrypt#!2#!Ng#!encrypt#!2#!Ni#!encrypt#!8#!NGK&r|KW#!encrypt#!2#!N
#!encrypt#!2#!N9#!encrypt#!2#!g
#!encrypt#!18#!+ZG.61Qb4#"Afv1^Iy#!encrypt#!8#!NDO?K%BF#!encrypt#!6#!NAyP$f#!encrypt#!6#!NAyP$f#!encrypt#!11#!N+Ek2^+F_S,#!encrypt#!2#!NI#!encrypt#!2#!g
#!encrypt#!18#!+ZG.61Qb4#"Afv1^Iy#!encrypt#!8#!NDO?K%BF#!encrypt#!6#!NBhpY^#!encrypt#!6#!NBhpY^#!encrypt#!11#!N+Ek2^+F_S,#!encrypt#!2#!NI#!encrypt#!2#!g
#!encrypt#!18#!+ZG.61Qb4#"Afv1^Iy#!encrypt#!8#!NDO?K%BF#!encrypt#!3#!Noe#!encrypt#!3#!Noe#!encrypt#!11#!N+Ek2^+F_S,#!encrypt#!2#!NI#!encrypt#!2#!g
#!encrypt#!18#!+ZG.61Qb4#"Afv1^Iy#!encrypt#!8#!NDO?K%BF#!encrypt#!4#!N34P#!encrypt#!4#!N34P#!encrypt#!11#!N+Ek2^+F_S,#!encrypt#!2#!NI#!encrypt#!2#!g
#!encrypt#!6#!)(>q64#!encrypt#!9#!N+f#Y/Go%#!encrypt#!7#!NXy#<=7#!encrypt#!6#!NamPB|#!encrypt#!13#!N+M\$"C:dpb#}#!encrypt#!11#!NXy#<=7f%.a#!encrypt#!2#!g
#!encrypt#!6#!t([J6o#!encrypt#!2#!NM#!encrypt#!2#!Nn#!encrypt#!8#!NDO?K%Bo#!encrypt#!2#!Ng#!encrypt#!7#!NXy#<=7#!encrypt#!6#!NamPBC#!encrypt#!2#!Nn#!encrypt#!5#!N@>==#!encrypt#!2#!Ng#!encrypt#!6#!NamPBC#!encrypt#!2#!Nn#!encrypt#!6#!N~*z_.#!encrypt#!2#!Ng#!encrypt#!11#!N{J\?d*>1/,#!encrypt#!2#!Nn#!encrypt#!2#!Nj#!encrypt#!2#!Ng#!encrypt#!2#!Nn#!encrypt#!5#!N@>==#!encrypt#!6#!N~*z_.#!encrypt#!2#!Ng#!encrypt#!7#!N+Hk<^6#!encrypt#!8#!NDO?K%Bo#!encrypt#!2#!N*#!encrypt#!11#!NamPT=L#x/:#!encrypt#!2#!N #!encrypt#!2#!N*#!encrypt#!9#!NamPa=7l:#!encrypt#!2#!N #!encrypt#!2#!N*#!encrypt#!8#!NamPqZn0#!encrypt#!2#!N #!encrypt#!2#!N*#!encrypt#!11#!NXy#<=7f%.a#!encrypt#!2#!N #!encrypt#!2#!N_#!encrypt#!9#!N{ek(^+:k#!encrypt#!6#!NAyP$f#!encrypt#!4#!N34P#!encrypt#!6#!NBhpY^#!encrypt#!3#!Noe#!encrypt#!2#!N
#!encrypt#!6#!NAyP$f#!encrypt#!2#!NT#!encrypt#!5#!NOe]{#!encrypt#!2#!Nn#!encrypt#!11#!NamPT=L#x/:#!encrypt#!2#!Ng#!encrypt#!2#!Ni#!encrypt#!10#!NIK&r|KW( #!encrypt#!2#!N
#!encrypt#!6#!NBhpY^#!encrypt#!2#!NT#!encrypt#!5#!NOe]{#!encrypt#!2#!Nn#!encrypt#!9#!NamPa=7l:#!encrypt#!2#!Ng#!encrypt#!2#!Ni#!encrypt#!10#!NIK&r|KW( #!encrypt#!2#!N
#!encrypt#!4#!N34P#!encrypt#!2#!NT#!encrypt#!5#!NOe]{#!encrypt#!2#!Nn#!encrypt#!8#!NamPqZn0#!encrypt#!2#!Ng#!encrypt#!2#!Ni#!encrypt#!8#!NGK&r|KW#!encrypt#!2#!N
#!encrypt#!3#!Noe#!encrypt#!2#!NT#!encrypt#!2#!Nn#!encrypt#!6#!NcM\Z~#!encrypt#!2#!Nn#!encrypt#!11#!NXy#<=7f%.a#!encrypt#!2#!Ng#!encrypt#!2#!N/#!encrypt#!2#!NI#!encrypt#!2#!Ng#!encrypt#!2#!N
#!encrypt#!2#!N9#!encrypt#!2#!g
#!encrypt#!18#!+ZG.61Qb4#"Afv1^Iy#!encrypt#!8#!NDO?K%Bo#!encrypt#!6#!NAyP$f#!encrypt#!6#!NAyP$f#!encrypt#!11#!N+Ek2^+F_S,#!encrypt#!2#!NI#!encrypt#!2#!g
#!encrypt#!18#!+ZG.61Qb4#"Afv1^Iy#!encrypt#!8#!NDO?K%Bo#!encrypt#!6#!NBhpY^#!encrypt#!6#!NBhpY^#!encrypt#!11#!N+Ek2^+F_S,#!encrypt#!2#!NI#!encrypt#!2#!g
#!encrypt#!18#!+ZG.61Qb4#"Afv1^Iy#!encrypt#!8#!NDO?K%Bo#!encrypt#!3#!Noe#!encrypt#!3#!Noe#!encrypt#!11#!N+Ek2^+F_S,#!encrypt#!2#!NI#!encrypt#!2#!g
#!encrypt#!18#!+ZG.61Qb4#"Afv1^Iy#!encrypt#!8#!NDO?K%Bo#!encrypt#!4#!N34P#!encrypt#!4#!N34P#!encrypt#!11#!N+Ek2^+F_S,#!encrypt#!2#!NI#!encrypt#!2#!g
#!encrypt#!24#!
#q~qwG0%x{^p`L/!jmL/oH
#!encrypt#!3379#!M
h$`w%[1_aOTC'3s-2bt5.>8^`tc4!ahllywA
o%/8pTC'J`b1u
jH10^wJzRgc,;
IO~%gh%Q##uxd`*Q^R5*$KZwJ(rh~NiTROs>guxZ
TR#3`7Y4^4QX%&t7M4,r`V(twd6#mjM(z6X*`{
8&;7$(%_J:F.K(oEnwT%Th%cpT#Ul9"gT/nn$C

nG:gMNBffwK%WgG8VI.U3D-n83VXe  kr"&k)N=T_Zw+gPxkp*
x3`-MeN5tXGc$F>rjbh%"i[doF:xxpng_+$<#q{G[w0y$o>_M*)xe]7VFgCaq|pNwd/(,Y{}7}hbptk4M*)xe]7VFgCaq|pNw6 B2bt5I$'AAt^4,*+9/4AVfg"93ByE%Z`~#@'2~e&39dXiCr4%#_'5%Ag93ByE%Z`~#@'2~e&3HF[Z8lN}THKl%Zgb3$cxf(`[#`{.:
/

nG:gMNBffwK%WgG8VI.U3D-n83VXe  kr"&e)N=T_Zw+gPxkp*
x3`-MeN5tXGw$F>rjbh%"i[doFJxxpng_+$G#q{G[w0y$o>_M*)xe]7VFgCaq|pNwd/(,o{}7}hbptk4M*)xe]7VFgCaq|pNw6 B2by5I$'AAt^4,*m9/4AVfg"93ByE%Z`~#@'2~e&39dXi5r4%#_'5%Ag93ByE%Z`~#@'2~e&3HF[Z8ZN}THKl%Zgb3Lcxf(`[#`{.:
/

s:&6@?%CiO[M>g&86"1\m#-P]kjXx;s$W>_M5`!1i0VgT\)UQIO*
o

^RDX$5kbJKy.wN=Tm61%_ o8LIhx:n^mCz5*
(Rqt>y.w0%K}r
7\+x8xuGm3jDD
K4n$0gQs:Mg5NlN*#VegN0;(}R/K`~#Z&l=l06$}
y*qN%J~Kw(fm\Rh9-xd`B2bt5tNh +2%k6!7%1
T^*ggJ=luRKl!:cEp5,$'gQO>yR0.ln;`c?:g)

#ad3s-MeN5[$V^nt+4T0N*THT/A[%#aJm[#Jo-A]FnXR0A$^>>
rN%TIO~%\BwAO=cR3 -mGDo7J0R*i.@kcE_#m61%Fg0GEo.[Gl*t`{.7w
^$t>y*qNlN*`=aFJx.pplL/`$#e[J!GISUoF(fU5%4i[KHZN0&EC+_+$^mCC5@$C
$t>4!?7%fw(\_K^v8MIRe.l-A]&UGCfc/pF(fU5%0i[KH=Caq|pNf3o-l
{57$(Rqt:,PKuJ0nwT%\BwQp*u%},6XZ?i!&'gQ >Eg*q9)s[BH~a0dH}R/(`8#V
57$0J+7>y.w0%CiO[M>g&3xuGR3y-b}kqJ_0N$dI`guNn]s[.9'gp80E_wJj-P]kqJR2|{$,[au`lN*`=aF:x~pn)A)kx\]V5BAC^YtF(/~/v&&wS%Th%Q##+R>j[R@&UG! *O#>vg{8UGStVugCXZ<2yx9`B2bR4w\IS/Iy(*|><n1?C%Ag9DM""vS`k#@Fy7g0$3TBl1p!%)i[.9>%kI4`yfi/*Q^v:DQ;s$I>\;
1

+`Z%cgJ,eI<x>`8#a{G[$n^3Yrg.?ucM\Z~d8g&8lXCd30-9]*
7$0^wKp4*|><nx{C%(gj0^}u-399S96p==KZVEQ4Or`a16[.9>%kUpAu*
`-#]K4n$24#`K|O`N_T]d"+gQx,,6)FJj~b}kqJt0k$dI`W5`!14Fytb=j4QIOxK
-#]{jH10R*iGF_w0%CiO[M>g&8#(YPY#bR}kqJt0!$dI`1*)xe]75%8g)
pIux:93#e[J/`z!ltF4*|>3T,w^Wl"Fs 3)A)kxH]E5BACC9da`aL`V($O?UguxZ
Iux3>*h]KuT-0$$KU1irMUJ;?u%Zg9.0:LH3+-n4"5($b09dXi5ro%#_'qhWgR80:Ld CM<u??(}24#`K|OpN+T^hTc_ o8nI.UK`R#}k~:<~c/t^4TBb3f+FCKW<53#(Y.Q{SL]S5!&'gQO>Eg*q9%RrVfgCaq|pNwJjb`0k4F6%P|6M4%rAnCH=hmg^x3lcu53 BIVC"ky0C$dXii?yv&&r5FT%6BJG|&=8-`]zy
P

1KpTi!N_T]d"+gQxD0TC&J`R#@KuT-O^{t._,*m9T@wTcH!QUpA_
o

Svvu7XG%T2_N.rM%GStVtbnx6pduZll*tM{6
d2r$t_N.pN;2&
d(:gx;(uix>Hb
8&;7$<x1KD4,rQ2h$wA%(CJa|pN*3"-<e6t7P0b
Y:&grCPy;O=o@].?4Igx)kx\]Kw[X2PT`]}:rj
J]$V%odXa#GC.s]3L]i5B%BD$Yrg.?ucM\Z~%*

4J}u-3>*h]F5=$/^(t[gg+NUJ~Kw(fm\Rh9-}3s-z!^o7A06$?
4grNBffw^WlZ#:n2uA399Sv{67ew'Hg'[^5`V(twP%TP)I0:Ld C[#M{y
$0^$Y:&g?_{M.3PdgNx,,6ExD`*Q^nlhy}09dXiCro%#_'SgT\)U<""v/9\`]z5:
0^$t_r:rQ2hkqfu]gb8#(Yd3s-mGD3x-Vy9dXiCr4%#_'qc_ c,GCu}3c
#]{5teq^+Xsk-64fTsw^Wl=xypplL6(WD0nrB%BE$6>(x~I_#`'5TTh%Q##xxo`{
]{57d2r$Y%Nkr8%fw(Z%cCJa(2u53<VnAIx730Z_}>mg{A_#m61%Fg0GEoi~3y-nAIoHu~e/bWmT?_{M.3Phg6xD68.[G%-8]kV:$>^9dc`aLp;T[wytb=j4<7y~("BmGDDQjGw$_>_,*)x3i?Vc#!M5 I/x)kxeeh"6yVsUd:,PKuJ0Rws%""b3By?xw`BzV{v7&'GAI#RYrI%#m6Z(IayT C^_ ;ni{A!h<0s$^B
N

4M$wA%o%/8lIyxo`$#@F5S$'Jb:%r-aLKmfa9%cgXY(}uU3o-A
{57$(Rqt:,PKuk4RwT%\BwQp*u%},6X+?i,}<xztz4T0jv#m6Z(I<xkpc
x3`-MeN5H:?_gDzRg5NlN*#Veg%6B6\i~i<VnAIm7x0Z_}^]Tvjg%H=h+\'Q8=I_
3`-#8&;7ew'k2dEkr8%fw(Z%cgj0^n&m>"VnAIm7Q0Z_}#(fUhll4w9%*
x8pI1%*`*Q^v:AQ;^9t:,P@N=T]d"$AJ S68.[G^-!]kV:gKZ`}WeTBb3f+AVvg!
8pIuZ Y-M2^k7&0R*i(4F*CcqnwS%"N0dH&uE3/Xl]15!CKZVEQ4Or`a16a|%Zg0dH}R/?mbD`1GH:?_gDz#g>Nn]s[.9zgp80E_x9`Vnm"?p-V^Yt[Z8@Q4%7r|U1Cj0^z`ymO-P]nrB%BD$6>(x~cfKi:Vc_ c,Go{~>8~ne[J/`z!<tk4M{8UGSXVugCXZp0uA)J{`Jp77g0ZVE(rhLR;K40y(xy\Mmbif38-9V
.

sRqr(}g5NlN*#Veg"0;(u-x9`BM2^kZ$~^HoF(~~NiTs[BH~<xkE
O

oh
#!encrypt#!1#!
#!encrypt#!168#!
`VA^tq`vPXk%er;*f-k0XE^u>I44*yW"`VA^tq`vPXk%er;*f-k0XE^u>I44*yW"`VA^tq`v
aTpC^]q3#"FuH;(R$V=b
W"`VA^tq`vPXk%er;*f-k0XE^u>I44*yW"`VA^tq`vPXk%er;*f-k0XE^u>I44*yW"`VA^tq
#!encrypt#!1#!
#!encrypt#!1#!
#!encrypt#!1#!
#!encrypt#!168#!
`VA^tq`vPXk%er;*f-k0XE^u>I44*yW"`VA^tq`vPXk%er;*f-k0XE^u>I44*yW"`VA^tq`v
2^9<G&5Xci{EMN2J$V=b
W"`VA^tq`vPXk%er;*f-k0XE^u>I44*yW"`VA^tq`vPXk%er;*f-k0XE^u>I44*yW"`VA^tq
[WARN] Neither hcell nor -automatch option is specified.
#!encrypt#!80#!+OW]#VZ%%/)1h`\]].3E&Unh0ktP>;(?7O-%qwG5_#?#(5I3ZSVe{;De0JO\:4(ECCT#V}u\=xs hJV
#!encrypt#!75#!~aH]8Vol]!T+/4w>H=p]{oHx:t/Vn#1c,.&iwp(%ZcbuI-R@#b_Z,Ysy~c<V<[gr>l40nChQ) 
#!encrypt#!1#!
#!encrypt#!171#!
`VA^tq`vPXk%er;*f-k0XE^u>I44*yW"`VA^tq`vPXk%er;*f-k0XE^u>I44*yW"`VA^tq`v
&J{XUxG- $TDM10pO7z4}(,
VA^tq`vPXk%er;*f-k0XE^u>I44*yW"`VA^tq`vPXk%er;*f-k0XE^u>I44*yW"`VA^tq`vP
#!encrypt#!48#!%OeIK%yg\pb#}uTm,nz!W5PA:R$Yly-Eh3n*(/'ylpBpZ9V
#!encrypt#!22#!
&|mgD%V_wReI":gQSeO

#!encrypt#!31#!tOE]8V{K]xFnJuR5`PDI,]W#X^lb'h
#!encrypt#!89#!sqGJgV!#djOpot.g9Mm2&]-U VS{KRY`RvqPOw6\=S7<w*8?q.S^3:ie(AWL#<_<'3p#Tq7et#)|}`L.\DqLKY+z
#!encrypt#!18#!sqGJgV7#>jOp4yS>j
#!encrypt#!19#!sqGJgVD\=JGJX]x5Hb
#!encrypt#!35#!sqGJgV6#^c)|JuXmQ*>]K*t1%%_JKJi@o^
#!encrypt#!33#!+OJfwpG0PkG#U]xJjp<-@t7W~cSW'[eQ
#!encrypt#!34#!+OJfwxo[%J;#U]xJjp<-@pk$P3<k#RY`;
#!encrypt#!41#!dOEpw>no%xRhE5x&]-%8&o7k=AqY>4grK%K}r|K}
#!encrypt#!40#!>JWIKwnygJGNpu.Z`K8EV5Tx(R$r"g:rK%8]1CK
#!encrypt#!18#!FO`#K?A[1/GJX]xJ

#!encrypt#!30#! <4PK%ygmj=1IwmQvP3b]P.`I^dV=
#!encrypt#!30#! <4PK%ygmj=1IwmQvP3b]P.`;^dV=
#!encrypt#!30#! <4PK%ygmj=1IwmQvP3b]P.`6^dV=
#!encrypt#!30#! <4PK%ygmj=1IwRQed3b]P.`\^dV=
#!encrypt#!33#! <4PK%ygmj=1IwRQxYw/w:J@@ggk>b}(
#!encrypt#!32#! <4PK%ygmj=1IwRQe(.Ur2e'<P)t=b}
#!encrypt#!31#! <4PK%ygmj=1IYG]>PV{IM % ~$V=b
#!encrypt#!31#! <4PK%ygmj=1I[G]>PV{IM % 5$V=b
#!encrypt#!31#! <4PK%ygmj=1IYG]>PV{IM % <$V=b
#!encrypt#!32#! <4PK%ygmj=1I[G]>PV{IM % c/t=b}
#!encrypt#!26#! <4PK%ygmj=1ISh&,IYTD5o*J
#!encrypt#!21#! <4PK%ygmj=1IUn^`D1\
#!encrypt#!22#! <4PK%ygmj=1IM!r|-1\<
#!encrypt#!28#! <4PK%ygmj=1IS:A\":LU4~$JYd
#!encrypt#!21#! <4PK%ygmj=1I<XR`D1\
#!encrypt#!23#! <4PK%ygmj=1IN'm77#\<Y
#!encrypt#!28#! <4PK%ygmj=1I?'AC":LU4~$JYd
#!encrypt#!21#! <4PK%ygmj=1IVYf`D1\
#!encrypt#!32#! <4PK%ygmj=1Iw:AYXS"F4~`?'bt=b}
#!encrypt#!29#! <4PK%ygmj=1IYd]n"m"rJGN0YdV
#!encrypt#!29#! <4PK%ygmj=1I17:}SevrJGN0YdV
#!encrypt#!75#!~aH]8Vol]!T+`-w>HED]{oHx:t/V,h1c,.oiwp(%ZcbuIi;@OE_+#Ysl~wmV<%gr>l40nu)Q)$
#!encrypt#!1#!
#!encrypt#!15#!
xf~2VtClY)|J]
#!encrypt#!77#!'+^-1s8A6F~]\&FY(4Xp6lxGf-Ggk@%>'+^-1s8A6F~]\&FY(4Xp6lxGf-Ggk@%>'+^-1s8A6F~]
#!encrypt#!8#!N%Ti6oSH#!encrypt#!1#!N#!encrypt#!1#!N#!encrypt#!1#!N#!encrypt#!1#!N#!encrypt#!1#!N#!encrypt#!1#!N#!encrypt#!1#!N#!encrypt#!1#!N#!encrypt#!1#!N#!encrypt#!1#!N#!encrypt#!1#!N#!encrypt#!60#!N%TigJtYF>qqIux3p)onsQl+0^$t>4/9w(>mwV%ggx8p|k1b`-#]{57$$7RB#!encrypt#!78#!
+^-1s8A6F~]\&FY(4Xp6lxGf-Ggk@%>'+^-1s8A6F~]\&FY(4Xp6lxGf-Ggk@%>'+^-1s8A6F~]\
#!encrypt#!12#!efn8B=939aM4#!encrypt#!1#!N#!encrypt#!1#!N#!encrypt#!1#!N#!encrypt#!1#!N#!encrypt#!1#!N#!encrypt#!1#!N#!encrypt#!1#!N#!encrypt#!61#!N%TiwV%ggx8 Iux3`-#]{57~0^$t>4grN%T&wV%ggx8pIT~,`-#]{57L\\<{
#!encrypt#!12#!efn8B=939aMv#!encrypt#!1#!N#!encrypt#!1#!N#!encrypt#!1#!N#!encrypt#!1#!N#!encrypt#!1#!N#!encrypt#!1#!N#!encrypt#!1#!N#!encrypt#!61#!N%TiwV%ggx8 Iux3`-#]{57l0^$t>4grN%T&wV%ggx8pIuRO`-#]{57$\<"#
#!encrypt#!12#!efn8B=939aMF#!encrypt#!1#!N#!encrypt#!1#!N#!encrypt#!1#!N#!encrypt#!1#!N#!encrypt#!1#!N#!encrypt#!1#!N#!encrypt#!1#!N#!encrypt#!61#!N%TiwV%ggx8 Iux3`-#]{57L0^$t>4grN%T&wV%ggx8pIu`~`-#]{57-ISEb
#!encrypt#!12#!eIn!z=939aMi#!encrypt#!1#!N#!encrypt#!1#!N#!encrypt#!1#!N#!encrypt#!1#!N#!encrypt#!1#!N#!encrypt#!1#!N#!encrypt#!1#!N#!encrypt#!61#!N%TiwV%ggx8 Iux3`-#]{57~0^$t>4grN%T&wV%ggx8pIu;P`-#]{57#;\E*
#!encrypt#!15#!eInz\oSHU%*/:``#!encrypt#!1#!N#!encrypt#!1#!N#!encrypt#!1#!N#!encrypt#!1#!N#!encrypt#!61#!N%TiwV%ggx8 Iux3`-#]{57U0^$t>4grN%T&wV%ggx8pIux,`-#]{57$;\E*
#!encrypt#!14#!eIn!=UNf KgBG}#!encrypt#!1#!N#!encrypt#!1#!N#!encrypt#!1#!N#!encrypt#!1#!N#!encrypt#!1#!N#!encrypt#!61#!N%TiwV%ggx8 Iux3`-#]{5770^$t>4grN%T&wV%ggx8pIux0`-#]{57$6cS#
#!encrypt#!13#!>QMIB(_b}>dOF#!encrypt#!1#!N#!encrypt#!1#!N#!encrypt#!1#!N#!encrypt#!1#!N#!encrypt#!1#!N#!encrypt#!1#!N#!encrypt#!61#!N%TiwV%ggx8 Iux3`-#]{5h#0^$t>4grN%TnwV%ggx8pIuRO`-#]{57$\<"#
#!encrypt#!13#!?QMIB(_b}>dOx#!encrypt#!1#!N#!encrypt#!1#!N#!encrypt#!1#!N#!encrypt#!1#!N#!encrypt#!1#!N#!encrypt#!1#!N#!encrypt#!61#!N%TiwV%ggx8 Iux3`-#]{5kl0^$t>4grN%TnwV%ggx8pIuR,`-#]{57$Xw)*
#!encrypt#!13#!>QMIB(_b}>dOa#!encrypt#!1#!N#!encrypt#!1#!N#!encrypt#!1#!N#!encrypt#!1#!N#!encrypt#!1#!N#!encrypt#!1#!N#!encrypt#!61#!N%TiwV%ggx8 Iux3`-#]{5k70^$t>4grN%TnwV%ggx8pIuRJ`-#]{57$\\<#
#!encrypt#!14#!?QMIB(_b}>dO2y#!encrypt#!1#!N#!encrypt#!1#!N#!encrypt#!1#!N#!encrypt#!1#!N#!encrypt#!1#!N#!encrypt#!61#!N%TiwV%ggx8 Iux3`-#]{5kL0^$t>4grN%TnwV%ggx8pIuxt`-#]{57$;wEb
#!encrypt#!8#!SPy*5/Gl#!encrypt#!1#!N#!encrypt#!1#!N#!encrypt#!1#!N#!encrypt#!1#!N#!encrypt#!1#!N#!encrypt#!1#!N#!encrypt#!1#!N#!encrypt#!1#!N#!encrypt#!1#!N#!encrypt#!1#!N#!encrypt#!1#!N#!encrypt#!61#!N%TiwV%ggx#%Iux3`-#]{56W0^$t>4grN%T?wV%ggx8pIu;J`-#]{57$0V/{
#!encrypt#!4#!6$ L#!encrypt#!1#!N#!encrypt#!1#!N#!encrypt#!1#!N#!encrypt#!1#!N#!encrypt#!1#!N#!encrypt#!1#!N#!encrypt#!1#!N#!encrypt#!1#!N#!encrypt#!1#!N#!encrypt#!1#!N#!encrypt#!1#!N#!encrypt#!1#!N#!encrypt#!1#!N#!encrypt#!1#!N#!encrypt#!1#!N#!encrypt#!61#!N%TiwV%ggxsaIux3`-#]{5kM0^$t>4grN%T?wV%ggx8pIuR>`-#]{57$ISEb
#!encrypt#!3#!G8k#!encrypt#!1#!N#!encrypt#!1#!N#!encrypt#!1#!N#!encrypt#!1#!N#!encrypt#!1#!N#!encrypt#!1#!N#!encrypt#!1#!N#!encrypt#!1#!N#!encrypt#!1#!N#!encrypt#!1#!N#!encrypt#!1#!N#!encrypt#!1#!N#!encrypt#!1#!N#!encrypt#!1#!N#!encrypt#!1#!N#!encrypt#!1#!N#!encrypt#!61#!N%TiwV%ggx9 Iux3`-#]{5gL0^$t>4grN%T?wV%ggx8pIux=`-#]{57$0\E*
#!encrypt#!10#!SK-~qxB0%c#!encrypt#!1#!N#!encrypt#!1#!N#!encrypt#!1#!N#!encrypt#!1#!N#!encrypt#!1#!N#!encrypt#!1#!N#!encrypt#!1#!N#!encrypt#!1#!N#!encrypt#!1#!N#!encrypt#!61#!N%TiwV%ggx54Iux3`-#]{56#0^$t>4grN%T%wV%ggx8pIuR>`-#]{57$0wc#
#!encrypt#!3#!qog#!encrypt#!1#!N#!encrypt#!1#!N#!encrypt#!1#!N#!encrypt#!1#!N#!encrypt#!1#!N#!encrypt#!1#!N#!encrypt#!1#!N#!encrypt#!1#!N#!encrypt#!1#!N#!encrypt#!1#!N#!encrypt#!1#!N#!encrypt#!1#!N#!encrypt#!1#!N#!encrypt#!1#!N#!encrypt#!1#!N#!encrypt#!1#!N#!encrypt#!61#!N%TiwV%ggxsvIux3`-#]{5k#0^$t>4grN%T7wV%ggx8pIuxJ`-#]{57$0cl{
#!encrypt#!5#!yO4XT#!encrypt#!1#!N#!encrypt#!1#!N#!encrypt#!1#!N#!encrypt#!1#!N#!encrypt#!1#!N#!encrypt#!1#!N#!encrypt#!1#!N#!encrypt#!1#!N#!encrypt#!1#!N#!encrypt#!1#!N#!encrypt#!1#!N#!encrypt#!1#!N#!encrypt#!1#!N#!encrypt#!1#!N#!encrypt#!61#!N%TiwV%ggx5FIux3`-#]{56U0^$t>4grN%TcwV%ggx8pIux0`-#]{57$0cl{
#!encrypt#!10#!5O-+qxB0%c#!encrypt#!1#!N#!encrypt#!1#!N#!encrypt#!1#!N#!encrypt#!1#!N#!encrypt#!1#!N#!encrypt#!1#!N#!encrypt#!1#!N#!encrypt#!1#!N#!encrypt#!1#!N#!encrypt#!61#!N%TiwV%ggxHaIux3`-#]{5sy0^$t>4grN%TjwV%ggx8pIuxO`-#]{57$0^)*
#!encrypt#!3#!{t|#!encrypt#!1#!N#!encrypt#!1#!N#!encrypt#!1#!N#!encrypt#!1#!N#!encrypt#!1#!N#!encrypt#!1#!N#!encrypt#!1#!N#!encrypt#!1#!N#!encrypt#!1#!N#!encrypt#!1#!N#!encrypt#!1#!N#!encrypt#!1#!N#!encrypt#!1#!N#!encrypt#!1#!N#!encrypt#!1#!N#!encrypt#!1#!N#!encrypt#!61#!N%TiwV%ggx5aIux3`-#]{5hL0^$t>4grN%T?wV%ggx8pIuR>`-#]{57$0c)b
#!encrypt#!14#!eK-fK"6#%cM^6##!encrypt#!1#!N#!encrypt#!1#!N#!encrypt#!1#!N#!encrypt#!1#!N#!encrypt#!1#!N#!encrypt#!61#!N%TiwV%ggyCvIux3`-#]{]hy0^$t>4grN%&uwV%ggx8pIuxJ`-#]{57$0^<l
#!encrypt#!11#!>3M;q^6fyw=#!encrypt#!1#!N#!encrypt#!1#!N#!encrypt#!1#!N#!encrypt#!1#!N#!encrypt#!1#!N#!encrypt#!1#!N#!encrypt#!1#!N#!encrypt#!1#!N#!encrypt#!61#!N%TiwV%ggDTiIux3`-#]{k6l0^$t>4grN%tuwV%ggx8pIuR,`-#]{57$0^<l
#!encrypt#!11#!C^J.{Z+fyw=#!encrypt#!1#!N#!encrypt#!1#!N#!encrypt#!1#!N#!encrypt#!1#!N#!encrypt#!1#!N#!encrypt#!1#!N#!encrypt#!1#!N#!encrypt#!1#!N#!encrypt#!61#!N%TiwV%ggx5vIux3`-#]{57~0^$t>4grNII7wV%ggx8pIuxJ`-#]{57$0^$$
#!encrypt#!77#!'+^-1s8A6F~]\&FY(4Xp6lxGf-Ggk@%>'+^-1s8A6F~]\&FY(4Xp6lxGf-Ggk@%>'+^-1s8A6F~]
#!encrypt#!65#!~8=G.V9!\-8ZIiRB`-fc'Q<'BL$R> z4g%TMGRR!Y'\pYuR=jbk]{\<5#G$R>RzQ
#!encrypt#!16#!
M4gOZ%_]Yen}o2
#!encrypt#!77#!'+^-1s8A6F~]\&FY(4Xp6lxGf-Ggk@%>'+^-1s8A6F~]\&FY(4Xp6lxGf-Ggk@%>'+^-1s8A6F~]
#!encrypt#!9#!N%Ti.x !2#!encrypt#!1#!N#!encrypt#!1#!N#!encrypt#!1#!N#!encrypt#!1#!N#!encrypt#!1#!N#!encrypt#!1#!N#!encrypt#!1#!N#!encrypt#!1#!N#!encrypt#!1#!N#!encrypt#!1#!N#!encrypt#!1#!N#!encrypt#!1#!N#!encrypt#!46#!N%Tig<%ggx8pI?gr`-#]{5}DB^$t>4grN-:zwV%ggx8\QL#!encrypt#!78#!
+^-1s8A6F~]\&FY(4Xp6lxGf-Ggk@%>'+^-1s8A6F~]\&FY(4Xp6lxGf-Ggk@%>'+^-1s8A6F~]\
#!encrypt#!6#!wW=PV}#!encrypt#!1#!N#!encrypt#!1#!N#!encrypt#!1#!N#!encrypt#!1#!N#!encrypt#!1#!N#!encrypt#!1#!N#!encrypt#!1#!N#!encrypt#!1#!N#!encrypt#!1#!N#!encrypt#!1#!N#!encrypt#!1#!N#!encrypt#!1#!N#!encrypt#!1#!N#!encrypt#!1#!N#!encrypt#!1#!N#!encrypt#!46#!N%&&r|%ggx8pIux>`-#]{57$0S$t>4grN%T&wV%ggx8pIy#!encrypt#!1#!
#!encrypt#!7#!w<mP(PB#!encrypt#!1#!N#!encrypt#!1#!N#!encrypt#!1#!N#!encrypt#!1#!N#!encrypt#!1#!N#!encrypt#!1#!N#!encrypt#!1#!N#!encrypt#!1#!N#!encrypt#!1#!N#!encrypt#!1#!N#!encrypt#!1#!N#!encrypt#!1#!N#!encrypt#!1#!N#!encrypt#!1#!N#!encrypt#!46#!N%&&rC%ggx8pIux>`-#]{57$0S$t>4grN%T&wV%ggx8pIy#!encrypt#!1#!
#!encrypt#!7#!bOhO<c|#!encrypt#!1#!N#!encrypt#!1#!N#!encrypt#!1#!N#!encrypt#!1#!N#!encrypt#!1#!N#!encrypt#!1#!N#!encrypt#!1#!N#!encrypt#!1#!N#!encrypt#!1#!N#!encrypt#!1#!N#!encrypt#!1#!N#!encrypt#!1#!N#!encrypt#!1#!N#!encrypt#!1#!N#!encrypt#!46#!N%&&ru%ggx8pIux>`-#]{57$0S$t>4grN%T&wV%ggx8pIy#!encrypt#!1#!
#!encrypt#!8#!bOh8O~ny#!encrypt#!1#!N#!encrypt#!1#!N#!encrypt#!1#!N#!encrypt#!1#!N#!encrypt#!1#!N#!encrypt#!1#!N#!encrypt#!1#!N#!encrypt#!1#!N#!encrypt#!1#!N#!encrypt#!1#!N#!encrypt#!1#!N#!encrypt#!1#!N#!encrypt#!1#!N#!encrypt#!46#!N%&&r0%ggx8pIux>`-#]{57$0S$t>4grN%T&wV%ggx8pIy#!encrypt#!1#!
#!encrypt#!6#!bOhPV}#!encrypt#!1#!N#!encrypt#!1#!N#!encrypt#!1#!N#!encrypt#!1#!N#!encrypt#!1#!N#!encrypt#!1#!N#!encrypt#!1#!N#!encrypt#!1#!N#!encrypt#!1#!N#!encrypt#!1#!N#!encrypt#!1#!N#!encrypt#!1#!N#!encrypt#!1#!N#!encrypt#!1#!N#!encrypt#!1#!N#!encrypt#!46#!N%&&re%ggx8pIux>`-#]{57$0S$t>4grN%T&wV%ggx8pIy#!encrypt#!1#!
#!encrypt#!4#!b<mf#!encrypt#!1#!N#!encrypt#!1#!N#!encrypt#!1#!N#!encrypt#!1#!N#!encrypt#!1#!N#!encrypt#!1#!N#!encrypt#!1#!N#!encrypt#!1#!N#!encrypt#!1#!N#!encrypt#!1#!N#!encrypt#!1#!N#!encrypt#!1#!N#!encrypt#!1#!N#!encrypt#!1#!N#!encrypt#!1#!N#!encrypt#!1#!N#!encrypt#!1#!N#!encrypt#!46#!N%&&rm%ggx8pIum~`-#]{57$0S$t>4k`9wOcwV%ggx8pIy#!encrypt#!1#!
#!encrypt#!8#!tbwPV}|e#!encrypt#!1#!N#!encrypt#!1#!N#!encrypt#!1#!N#!encrypt#!1#!N#!encrypt#!1#!N#!encrypt#!1#!N#!encrypt#!1#!N#!encrypt#!1#!N#!encrypt#!1#!N#!encrypt#!1#!N#!encrypt#!1#!N#!encrypt#!1#!N#!encrypt#!1#!N#!encrypt#!46#!N%&&rn%ggx8pIux>`-#]{57$0S$t>4grN%T&wV%ggx8pIy#!encrypt#!1#!
#!encrypt#!9#!2t|n<c|%k#!encrypt#!1#!N#!encrypt#!1#!N#!encrypt#!1#!N#!encrypt#!1#!N#!encrypt#!1#!N#!encrypt#!1#!N#!encrypt#!1#!N#!encrypt#!1#!N#!encrypt#!1#!N#!encrypt#!1#!N#!encrypt#!1#!N#!encrypt#!1#!N#!encrypt#!46#!N%&&r`%ggx8pIux>`-#]{57$0S$t>4grN%T&wV%ggx8pIy#!encrypt#!1#!
#!encrypt#!8#!2t|PV}|e#!encrypt#!1#!N#!encrypt#!1#!N#!encrypt#!1#!N#!encrypt#!1#!N#!encrypt#!1#!N#!encrypt#!1#!N#!encrypt#!1#!N#!encrypt#!1#!N#!encrypt#!1#!N#!encrypt#!1#!N#!encrypt#!1#!N#!encrypt#!1#!N#!encrypt#!1#!N#!encrypt#!46#!N%&&rX%ggx8pIux>`-#]{57$0S$t>4grN%T&wV%ggx8pIy#!encrypt#!1#!
#!encrypt#!8#!eIk]TgC%#!encrypt#!1#!N#!encrypt#!1#!N#!encrypt#!1#!N#!encrypt#!1#!N#!encrypt#!1#!N#!encrypt#!1#!N#!encrypt#!1#!N#!encrypt#!1#!N#!encrypt#!1#!N#!encrypt#!1#!N#!encrypt#!1#!N#!encrypt#!1#!N#!encrypt#!1#!N#!encrypt#!46#!N%&&rI%ggx8pIux>`-#]{57$0S$t>4grN%T&wV%ggx8pIy#!encrypt#!1#!
#!encrypt#!8#!efk]TgC%#!encrypt#!1#!N#!encrypt#!1#!N#!encrypt#!1#!N#!encrypt#!1#!N#!encrypt#!1#!N#!encrypt#!1#!N#!encrypt#!1#!N#!encrypt#!1#!N#!encrypt#!1#!N#!encrypt#!1#!N#!encrypt#!1#!N#!encrypt#!1#!N#!encrypt#!1#!N#!encrypt#!46#!N%&&B|%ggx8pIux>`-#]{57$0S$t>4grN%T&wV%ggx8pIy#!encrypt#!1#!
#!encrypt#!8#!eEk]TgC%#!encrypt#!1#!N#!encrypt#!1#!N#!encrypt#!1#!N#!encrypt#!1#!N#!encrypt#!1#!N#!encrypt#!1#!N#!encrypt#!1#!N#!encrypt#!1#!N#!encrypt#!1#!N#!encrypt#!1#!N#!encrypt#!1#!N#!encrypt#!1#!N#!encrypt#!1#!N#!encrypt#!46#!N%&&BC%ggx8pIux>`-#]{57$0S$t>4grN%T&wV%ggx8pIy#!encrypt#!1#!
#!encrypt#!8#!edk]TgC%#!encrypt#!1#!N#!encrypt#!1#!N#!encrypt#!1#!N#!encrypt#!1#!N#!encrypt#!1#!N#!encrypt#!1#!N#!encrypt#!1#!N#!encrypt#!1#!N#!encrypt#!1#!N#!encrypt#!1#!N#!encrypt#!1#!N#!encrypt#!1#!N#!encrypt#!1#!N#!encrypt#!46#!N%&&Bu%ggx8pIux>`-#]{57$0S$t>4grN%T&wV%ggx8pIy#!encrypt#!1#!
#!encrypt#!8#!eGk]TgC%#!encrypt#!1#!N#!encrypt#!1#!N#!encrypt#!1#!N#!encrypt#!1#!N#!encrypt#!1#!N#!encrypt#!1#!N#!encrypt#!1#!N#!encrypt#!1#!N#!encrypt#!1#!N#!encrypt#!1#!N#!encrypt#!1#!N#!encrypt#!1#!N#!encrypt#!1#!N#!encrypt#!46#!N%&&B0%ggx8pIux>`-#]{57$0S$t>4grN%T&wV%ggx8pIy#!encrypt#!1#!
#!encrypt#!8#!eYk]TgC%#!encrypt#!1#!N#!encrypt#!1#!N#!encrypt#!1#!N#!encrypt#!1#!N#!encrypt#!1#!N#!encrypt#!1#!N#!encrypt#!1#!N#!encrypt#!1#!N#!encrypt#!1#!N#!encrypt#!1#!N#!encrypt#!1#!N#!encrypt#!1#!N#!encrypt#!1#!N#!encrypt#!46#!N%&&Be%ggx8pIux>`-#]{57$0S$t>4grN%T&wV%ggx8pIy#!encrypt#!1#!
#!encrypt#!8#!e.k]TgC%#!encrypt#!1#!N#!encrypt#!1#!N#!encrypt#!1#!N#!encrypt#!1#!N#!encrypt#!1#!N#!encrypt#!1#!N#!encrypt#!1#!N#!encrypt#!1#!N#!encrypt#!1#!N#!encrypt#!1#!N#!encrypt#!1#!N#!encrypt#!1#!N#!encrypt#!1#!N#!encrypt#!46#!N%&&Bm%ggx8pIux>`-#]{57$0S$t>4grN%T&wV%ggx8pIy#!encrypt#!1#!
#!encrypt#!8#!ewk]TgC%#!encrypt#!1#!N#!encrypt#!1#!N#!encrypt#!1#!N#!encrypt#!1#!N#!encrypt#!1#!N#!encrypt#!1#!N#!encrypt#!1#!N#!encrypt#!1#!N#!encrypt#!1#!N#!encrypt#!1#!N#!encrypt#!1#!N#!encrypt#!1#!N#!encrypt#!1#!N#!encrypt#!46#!N%&&Bn%ggx8pIux>`-#]{57$0S$t>4grN%T&wV%ggx8pIy#!encrypt#!1#!
#!encrypt#!8#!e[k]TgC%#!encrypt#!1#!N#!encrypt#!1#!N#!encrypt#!1#!N#!encrypt#!1#!N#!encrypt#!1#!N#!encrypt#!1#!N#!encrypt#!1#!N#!encrypt#!1#!N#!encrypt#!1#!N#!encrypt#!1#!N#!encrypt#!1#!N#!encrypt#!1#!N#!encrypt#!1#!N#!encrypt#!46#!N%&&B`%ggx8pIux>`-#]{57$0S$t>4grN%T&wV%ggx8pIy#!encrypt#!1#!
#!encrypt#!9#!eIKDOdBCl#!encrypt#!1#!N#!encrypt#!1#!N#!encrypt#!1#!N#!encrypt#!1#!N#!encrypt#!1#!N#!encrypt#!1#!N#!encrypt#!1#!N#!encrypt#!1#!N#!encrypt#!1#!N#!encrypt#!1#!N#!encrypt#!1#!N#!encrypt#!1#!N#!encrypt#!46#!N%&&BX%ggx8pIux>`-#]{57$0S$t>4grN%T&wV%ggx8pIy#!encrypt#!1#!
#!encrypt#!9#!eI&DOdBCl#!encrypt#!1#!N#!encrypt#!1#!N#!encrypt#!1#!N#!encrypt#!1#!N#!encrypt#!1#!N#!encrypt#!1#!N#!encrypt#!1#!N#!encrypt#!1#!N#!encrypt#!1#!N#!encrypt#!1#!N#!encrypt#!1#!N#!encrypt#!1#!N#!encrypt#!46#!N%&&BI%ggx8pIux>`-#]{57$0S$t>4grN%T&wV%ggx8pIy#!encrypt#!1#!
#!encrypt#!6#!elEp2C#!encrypt#!1#!N#!encrypt#!1#!N#!encrypt#!1#!N#!encrypt#!1#!N#!encrypt#!1#!N#!encrypt#!1#!N#!encrypt#!1#!N#!encrypt#!1#!N#!encrypt#!1#!N#!encrypt#!1#!N#!encrypt#!1#!N#!encrypt#!1#!N#!encrypt#!1#!N#!encrypt#!1#!N#!encrypt#!1#!N#!encrypt#!46#!N%&&a|%ggx8pI*j=`-#]{57$0S$t>4k\V[o7wV%ggx8pIy#!encrypt#!1#!
#!encrypt#!6#!elEp2u#!encrypt#!1#!N#!encrypt#!1#!N#!encrypt#!1#!N#!encrypt#!1#!N#!encrypt#!1#!N#!encrypt#!1#!N#!encrypt#!1#!N#!encrypt#!1#!N#!encrypt#!1#!N#!encrypt#!1#!N#!encrypt#!1#!N#!encrypt#!1#!N#!encrypt#!1#!N#!encrypt#!1#!N#!encrypt#!1#!N#!encrypt#!46#!N%&&aC%ggx8pI{`5`-#]{57$0S$t>4kp0Yt?wV%ggx8pIy#!encrypt#!1#!
#!encrypt#!6#!elEp20#!encrypt#!1#!N#!encrypt#!1#!N#!encrypt#!1#!N#!encrypt#!1#!N#!encrypt#!1#!N#!encrypt#!1#!N#!encrypt#!1#!N#!encrypt#!1#!N#!encrypt#!1#!N#!encrypt#!1#!N#!encrypt#!1#!N#!encrypt#!1#!N#!encrypt#!1#!N#!encrypt#!1#!N#!encrypt#!1#!N#!encrypt#!46#!N%&&au%ggx8pIux>`-#]{57$0S$t>4grN%T&wV%ggx8pIy#!encrypt#!1#!
#!encrypt#!6#!elEp2e#!encrypt#!1#!N#!encrypt#!1#!N#!encrypt#!1#!N#!encrypt#!1#!N#!encrypt#!1#!N#!encrypt#!1#!N#!encrypt#!1#!N#!encrypt#!1#!N#!encrypt#!1#!N#!encrypt#!1#!N#!encrypt#!1#!N#!encrypt#!1#!N#!encrypt#!1#!N#!encrypt#!1#!N#!encrypt#!1#!N#!encrypt#!46#!N%&&a0%ggx8pIux>`-#]{57$0S$t>4grN%T&wV%ggx8pIy#!encrypt#!1#!
#!encrypt#!6#!elEp2m#!encrypt#!1#!N#!encrypt#!1#!N#!encrypt#!1#!N#!encrypt#!1#!N#!encrypt#!1#!N#!encrypt#!1#!N#!encrypt#!1#!N#!encrypt#!1#!N#!encrypt#!1#!N#!encrypt#!1#!N#!encrypt#!1#!N#!encrypt#!1#!N#!encrypt#!1#!N#!encrypt#!1#!N#!encrypt#!1#!N#!encrypt#!46#!N%&&ae%ggx8pIux>`-#]{57$0S$t>4grN%T&wV%ggx8pIy#!encrypt#!1#!
#!encrypt#!6#!elEp2n#!encrypt#!1#!N#!encrypt#!1#!N#!encrypt#!1#!N#!encrypt#!1#!N#!encrypt#!1#!N#!encrypt#!1#!N#!encrypt#!1#!N#!encrypt#!1#!N#!encrypt#!1#!N#!encrypt#!1#!N#!encrypt#!1#!N#!encrypt#!1#!N#!encrypt#!1#!N#!encrypt#!1#!N#!encrypt#!1#!N#!encrypt#!46#!N%&&am%ggx8pIux>`-#]{57$0S$t>4grN%T&wV%ggx8pIy#!encrypt#!1#!
#!encrypt#!6#!elEp2`#!encrypt#!1#!N#!encrypt#!1#!N#!encrypt#!1#!N#!encrypt#!1#!N#!encrypt#!1#!N#!encrypt#!1#!N#!encrypt#!1#!N#!encrypt#!1#!N#!encrypt#!1#!N#!encrypt#!1#!N#!encrypt#!1#!N#!encrypt#!1#!N#!encrypt#!1#!N#!encrypt#!1#!N#!encrypt#!1#!N#!encrypt#!46#!N%&&an%ggx8pIux>`-#]{57$0S$t>4grN%T&wV%ggx8pIy#!encrypt#!1#!
#!encrypt#!6#!elEp2X#!encrypt#!1#!N#!encrypt#!1#!N#!encrypt#!1#!N#!encrypt#!1#!N#!encrypt#!1#!N#!encrypt#!1#!N#!encrypt#!1#!N#!encrypt#!1#!N#!encrypt#!1#!N#!encrypt#!1#!N#!encrypt#!1#!N#!encrypt#!1#!N#!encrypt#!1#!N#!encrypt#!1#!N#!encrypt#!1#!N#!encrypt#!46#!N%&&a`%ggx8pIux>`-#]{57$0S$t>4grN%T&wV%ggx8pIy#!encrypt#!1#!
#!encrypt#!6#!elEp2I#!encrypt#!1#!N#!encrypt#!1#!N#!encrypt#!1#!N#!encrypt#!1#!N#!encrypt#!1#!N#!encrypt#!1#!N#!encrypt#!1#!N#!encrypt#!1#!N#!encrypt#!1#!N#!encrypt#!1#!N#!encrypt#!1#!N#!encrypt#!1#!N#!encrypt#!1#!N#!encrypt#!1#!N#!encrypt#!1#!N#!encrypt#!46#!N%&&aX%ggx8pIux>`-#]{57$0S$t>4grN%T&wV%ggx8pIy#!encrypt#!1#!
#!encrypt#!7#!elEp2CK#!encrypt#!1#!N#!encrypt#!1#!N#!encrypt#!1#!N#!encrypt#!1#!N#!encrypt#!1#!N#!encrypt#!1#!N#!encrypt#!1#!N#!encrypt#!1#!N#!encrypt#!1#!N#!encrypt#!1#!N#!encrypt#!1#!N#!encrypt#!1#!N#!encrypt#!1#!N#!encrypt#!1#!N#!encrypt#!46#!N%&&aI%ggx8pIux>`-#]{57$0S$t>4grN%T&wV%ggx8pIy#!encrypt#!1#!
#!encrypt#!7#!elEp2Ch#!encrypt#!1#!N#!encrypt#!1#!N#!encrypt#!1#!N#!encrypt#!1#!N#!encrypt#!1#!N#!encrypt#!1#!N#!encrypt#!1#!N#!encrypt#!1#!N#!encrypt#!1#!N#!encrypt#!1#!N#!encrypt#!1#!N#!encrypt#!1#!N#!encrypt#!1#!N#!encrypt#!1#!N#!encrypt#!46#!N%&&m|%ggx8pIux>`-#]{57$0S$t>4grN%T&wV%ggx8pIy#!encrypt#!1#!
#!encrypt#!7#!6@ n<c|#!encrypt#!1#!N#!encrypt#!1#!N#!encrypt#!1#!N#!encrypt#!1#!N#!encrypt#!1#!N#!encrypt#!1#!N#!encrypt#!1#!N#!encrypt#!1#!N#!encrypt#!1#!N#!encrypt#!1#!N#!encrypt#!1#!N#!encrypt#!1#!N#!encrypt#!1#!N#!encrypt#!1#!N#!encrypt#!46#!N%&&mC%ggx8pIux>`-#]{57$0S$t>4grN%T&wV%ggx8pIy#!encrypt#!1#!
#!encrypt#!7#!6@ ?<c|#!encrypt#!1#!N#!encrypt#!1#!N#!encrypt#!1#!N#!encrypt#!1#!N#!encrypt#!1#!N#!encrypt#!1#!N#!encrypt#!1#!N#!encrypt#!1#!N#!encrypt#!1#!N#!encrypt#!1#!N#!encrypt#!1#!N#!encrypt#!1#!N#!encrypt#!1#!N#!encrypt#!1#!N#!encrypt#!46#!N%&&mu%ggx8pIux>`-#]{57$0S$t>4grN%T&wV%ggx8pIy#!encrypt#!1#!
#!encrypt#!8#!6@ RrgC%#!encrypt#!1#!N#!encrypt#!1#!N#!encrypt#!1#!N#!encrypt#!1#!N#!encrypt#!1#!N#!encrypt#!1#!N#!encrypt#!1#!N#!encrypt#!1#!N#!encrypt#!1#!N#!encrypt#!1#!N#!encrypt#!1#!N#!encrypt#!1#!N#!encrypt#!1#!N#!encrypt#!46#!N%&&m0%ggx8pIux>`-#]{57$0S$t>4grN%T&wV%ggx8pIy#!encrypt#!1#!
#!encrypt#!8#!6@ PV}|e#!encrypt#!1#!N#!encrypt#!1#!N#!encrypt#!1#!N#!encrypt#!1#!N#!encrypt#!1#!N#!encrypt#!1#!N#!encrypt#!1#!N#!encrypt#!1#!N#!encrypt#!1#!N#!encrypt#!1#!N#!encrypt#!1#!N#!encrypt#!1#!N#!encrypt#!1#!N#!encrypt#!46#!N%&&me%ggx8pIux>`-#]{57$0S$t>4grN%T&wV%ggx8pIy#!encrypt#!1#!
#!encrypt#!7#!6}p$K^B#!encrypt#!1#!N#!encrypt#!1#!N#!encrypt#!1#!N#!encrypt#!1#!N#!encrypt#!1#!N#!encrypt#!1#!N#!encrypt#!1#!N#!encrypt#!1#!N#!encrypt#!1#!N#!encrypt#!1#!N#!encrypt#!1#!N#!encrypt#!1#!N#!encrypt#!1#!N#!encrypt#!1#!N#!encrypt#!46#!N%&&mm%ggx8pIux>`-#]{57$0S$t>4grN%T&wV%ggx8pIy#!encrypt#!1#!
#!encrypt#!4#!6Jgf#!encrypt#!1#!N#!encrypt#!1#!N#!encrypt#!1#!N#!encrypt#!1#!N#!encrypt#!1#!N#!encrypt#!1#!N#!encrypt#!1#!N#!encrypt#!1#!N#!encrypt#!1#!N#!encrypt#!1#!N#!encrypt#!1#!N#!encrypt#!1#!N#!encrypt#!1#!N#!encrypt#!1#!N#!encrypt#!1#!N#!encrypt#!1#!N#!encrypt#!1#!N#!encrypt#!46#!N%&&mn%ggx8pIux>`-#]{57$0S$t>4grN%T&wV%ggx8pIy#!encrypt#!1#!
#!encrypt#!4#!6aH*#!encrypt#!1#!N#!encrypt#!1#!N#!encrypt#!1#!N#!encrypt#!1#!N#!encrypt#!1#!N#!encrypt#!1#!N#!encrypt#!1#!N#!encrypt#!1#!N#!encrypt#!1#!N#!encrypt#!1#!N#!encrypt#!1#!N#!encrypt#!1#!N#!encrypt#!1#!N#!encrypt#!1#!N#!encrypt#!1#!N#!encrypt#!1#!N#!encrypt#!1#!N#!encrypt#!46#!N%&&m`%ggx8pIux5`-#]{57$0S$t>4g`0G8nwV%ggx8pIy#!encrypt#!1#!
#!encrypt#!4#!6Pgf#!encrypt#!1#!N#!encrypt#!1#!N#!encrypt#!1#!N#!encrypt#!1#!N#!encrypt#!1#!N#!encrypt#!1#!N#!encrypt#!1#!N#!encrypt#!1#!N#!encrypt#!1#!N#!encrypt#!1#!N#!encrypt#!1#!N#!encrypt#!1#!N#!encrypt#!1#!N#!encrypt#!1#!N#!encrypt#!1#!N#!encrypt#!1#!N#!encrypt#!1#!N#!encrypt#!46#!N%&&mX%ggx8pIux>`-#]{57$0S$t>4grN%T&wV%ggx8pIy#!encrypt#!1#!
#!encrypt#!5#!6Af~2#!encrypt#!1#!N#!encrypt#!1#!N#!encrypt#!1#!N#!encrypt#!1#!N#!encrypt#!1#!N#!encrypt#!1#!N#!encrypt#!1#!N#!encrypt#!1#!N#!encrypt#!1#!N#!encrypt#!1#!N#!encrypt#!1#!N#!encrypt#!1#!N#!encrypt#!1#!N#!encrypt#!1#!N#!encrypt#!1#!N#!encrypt#!1#!N#!encrypt#!46#!N%&&mI%ggx8pIu$=`-#]{57$0S$t>4gp;YK&wV%ggx8pIy#!encrypt#!1#!
#!encrypt#!4#!6ygf#!encrypt#!1#!N#!encrypt#!1#!N#!encrypt#!1#!N#!encrypt#!1#!N#!encrypt#!1#!N#!encrypt#!1#!N#!encrypt#!1#!N#!encrypt#!1#!N#!encrypt#!1#!N#!encrypt#!1#!N#!encrypt#!1#!N#!encrypt#!1#!N#!encrypt#!1#!N#!encrypt#!1#!N#!encrypt#!1#!N#!encrypt#!1#!N#!encrypt#!1#!N#!encrypt#!46#!N%&&N|%ggx8pIux>`-#]{57$0S$t>4grN%T&wV%ggx8pIy#!encrypt#!1#!
#!encrypt#!5#!k2yPO#!encrypt#!1#!N#!encrypt#!1#!N#!encrypt#!1#!N#!encrypt#!1#!N#!encrypt#!1#!N#!encrypt#!1#!N#!encrypt#!1#!N#!encrypt#!1#!N#!encrypt#!1#!N#!encrypt#!1#!N#!encrypt#!1#!N#!encrypt#!1#!N#!encrypt#!1#!N#!encrypt#!1#!N#!encrypt#!1#!N#!encrypt#!1#!N#!encrypt#!46#!N%&&NC%ggx8pIuRO`-#]{57$0S$t>4gVp.t&wV%ggx8pIy#!encrypt#!1#!
#!encrypt#!9#!k2yPO=*Kr#!encrypt#!1#!N#!encrypt#!1#!N#!encrypt#!1#!N#!encrypt#!1#!N#!encrypt#!1#!N#!encrypt#!1#!N#!encrypt#!1#!N#!encrypt#!1#!N#!encrypt#!1#!N#!encrypt#!1#!N#!encrypt#!1#!N#!encrypt#!1#!N#!encrypt#!46#!N%&&Nu%ggx8pIux>`-#]{57$0S$t>4grN%T&wV%ggx8pIy#!encrypt#!1#!
#!encrypt#!8#!%t:PV}|e#!encrypt#!1#!N#!encrypt#!1#!N#!encrypt#!1#!N#!encrypt#!1#!N#!encrypt#!1#!N#!encrypt#!1#!N#!encrypt#!1#!N#!encrypt#!1#!N#!encrypt#!1#!N#!encrypt#!1#!N#!encrypt#!1#!N#!encrypt#!1#!N#!encrypt#!1#!N#!encrypt#!46#!N%&&N0%ggx8pIux>`-#]{57$0S$t>4grN%T&wV%ggx8pIy#!encrypt#!1#!
#!encrypt#!4#!%Jgf#!encrypt#!1#!N#!encrypt#!1#!N#!encrypt#!1#!N#!encrypt#!1#!N#!encrypt#!1#!N#!encrypt#!1#!N#!encrypt#!1#!N#!encrypt#!1#!N#!encrypt#!1#!N#!encrypt#!1#!N#!encrypt#!1#!N#!encrypt#!1#!N#!encrypt#!1#!N#!encrypt#!1#!N#!encrypt#!1#!N#!encrypt#!1#!N#!encrypt#!1#!N#!encrypt#!46#!N%&&Ne%ggx8pIux>`-#]{57$0S$t>4grN%T&wV%ggx8pIy#!encrypt#!1#!
#!encrypt#!4#!%aH*#!encrypt#!1#!N#!encrypt#!1#!N#!encrypt#!1#!N#!encrypt#!1#!N#!encrypt#!1#!N#!encrypt#!1#!N#!encrypt#!1#!N#!encrypt#!1#!N#!encrypt#!1#!N#!encrypt#!1#!N#!encrypt#!1#!N#!encrypt#!1#!N#!encrypt#!1#!N#!encrypt#!1#!N#!encrypt#!1#!N#!encrypt#!1#!N#!encrypt#!1#!N#!encrypt#!46#!N%&&Nm%ggx8pIux5`-#]{57$0S$t>4g`pII&wV%ggx8pIy#!encrypt#!1#!
#!encrypt#!4#!%Pgf#!encrypt#!1#!N#!encrypt#!1#!N#!encrypt#!1#!N#!encrypt#!1#!N#!encrypt#!1#!N#!encrypt#!1#!N#!encrypt#!1#!N#!encrypt#!1#!N#!encrypt#!1#!N#!encrypt#!1#!N#!encrypt#!1#!N#!encrypt#!1#!N#!encrypt#!1#!N#!encrypt#!1#!N#!encrypt#!1#!N#!encrypt#!1#!N#!encrypt#!1#!N#!encrypt#!46#!N%&&Nn%ggx8pIux>`-#]{57$0S$t>4grN%T&wV%ggx8pIy#!encrypt#!1#!
#!encrypt#!4#!%<-g#!encrypt#!1#!N#!encrypt#!1#!N#!encrypt#!1#!N#!encrypt#!1#!N#!encrypt#!1#!N#!encrypt#!1#!N#!encrypt#!1#!N#!encrypt#!1#!N#!encrypt#!1#!N#!encrypt#!1#!N#!encrypt#!1#!N#!encrypt#!1#!N#!encrypt#!1#!N#!encrypt#!1#!N#!encrypt#!1#!N#!encrypt#!1#!N#!encrypt#!1#!N#!encrypt#!46#!N%&&N`%ggx8pIujP`-#]{57$0S$t>4k`$YOcwV%ggx8pIy#!encrypt#!1#!
#!encrypt#!4#!%BpX#!encrypt#!1#!N#!encrypt#!1#!N#!encrypt#!1#!N#!encrypt#!1#!N#!encrypt#!1#!N#!encrypt#!1#!N#!encrypt#!1#!N#!encrypt#!1#!N#!encrypt#!1#!N#!encrypt#!1#!N#!encrypt#!1#!N#!encrypt#!1#!N#!encrypt#!1#!N#!encrypt#!1#!N#!encrypt#!1#!N#!encrypt#!1#!N#!encrypt#!1#!N#!encrypt#!46#!N%&&NX%ggx8pIux>`-#]{57$0S$t>4grN%T&wV%ggx8pIy#!encrypt#!1#!
#!encrypt#!7#!ZlJ{<c|#!encrypt#!1#!N#!encrypt#!1#!N#!encrypt#!1#!N#!encrypt#!1#!N#!encrypt#!1#!N#!encrypt#!1#!N#!encrypt#!1#!N#!encrypt#!1#!N#!encrypt#!1#!N#!encrypt#!1#!N#!encrypt#!1#!N#!encrypt#!1#!N#!encrypt#!1#!N#!encrypt#!1#!N#!encrypt#!46#!N%&&NI%ggx8pIux>`-#]{57$0S$t>4grN%T&wV%ggx8pIy#!encrypt#!1#!
#!encrypt#!6#!ZlJPV}#!encrypt#!1#!N#!encrypt#!1#!N#!encrypt#!1#!N#!encrypt#!1#!N#!encrypt#!1#!N#!encrypt#!1#!N#!encrypt#!1#!N#!encrypt#!1#!N#!encrypt#!1#!N#!encrypt#!1#!N#!encrypt#!1#!N#!encrypt#!1#!N#!encrypt#!1#!N#!encrypt#!1#!N#!encrypt#!1#!N#!encrypt#!46#!N%&&L|%ggx8pIux>`-#]{57$0S$t>4grN%T&wV%ggx8pIy#!encrypt#!1#!
#!encrypt#!6#!)a:$`~#!encrypt#!1#!N#!encrypt#!1#!N#!encrypt#!1#!N#!encrypt#!1#!N#!encrypt#!1#!N#!encrypt#!1#!N#!encrypt#!1#!N#!encrypt#!1#!N#!encrypt#!1#!N#!encrypt#!1#!N#!encrypt#!1#!N#!encrypt#!1#!N#!encrypt#!1#!N#!encrypt#!1#!N#!encrypt#!1#!N#!encrypt#!46#!N%&&LC%ggx8pIux>`-#]{57$0S$t>4grN%T&wV%ggx8pIy#!encrypt#!1#!
#!encrypt#!4#!=a4R#!encrypt#!1#!N#!encrypt#!1#!N#!encrypt#!1#!N#!encrypt#!1#!N#!encrypt#!1#!N#!encrypt#!1#!N#!encrypt#!1#!N#!encrypt#!1#!N#!encrypt#!1#!N#!encrypt#!1#!N#!encrypt#!1#!N#!encrypt#!1#!N#!encrypt#!1#!N#!encrypt#!1#!N#!encrypt#!1#!N#!encrypt#!1#!N#!encrypt#!1#!N#!encrypt#!46#!N%&&Lu%ggx8pIux~`-#]{57$0S$t>4kc9GIjwV%ggx8pIy#!encrypt#!1#!
#!encrypt#!4#!=a4n#!encrypt#!1#!N#!encrypt#!1#!N#!encrypt#!1#!N#!encrypt#!1#!N#!encrypt#!1#!N#!encrypt#!1#!N#!encrypt#!1#!N#!encrypt#!1#!N#!encrypt#!1#!N#!encrypt#!1#!N#!encrypt#!1#!N#!encrypt#!1#!N#!encrypt#!1#!N#!encrypt#!1#!N#!encrypt#!1#!N#!encrypt#!1#!N#!encrypt#!1#!N#!encrypt#!46#!N%&&L0%ggx8pIux>`-#]{57$0S$t>4grN%T&wV%ggx8pIy#!encrypt#!1#!
#!encrypt#!4#!=a4O#!encrypt#!1#!N#!encrypt#!1#!N#!encrypt#!1#!N#!encrypt#!1#!N#!encrypt#!1#!N#!encrypt#!1#!N#!encrypt#!1#!N#!encrypt#!1#!N#!encrypt#!1#!N#!encrypt#!1#!N#!encrypt#!1#!N#!encrypt#!1#!N#!encrypt#!1#!N#!encrypt#!1#!N#!encrypt#!1#!N#!encrypt#!1#!N#!encrypt#!1#!N#!encrypt#!46#!N%&&Le%ggx8pIux>`-#]{57$0S$t>4grN%T&wV%ggx8pIy#!encrypt#!1#!
#!encrypt#!4#!=a47#!encrypt#!1#!N#!encrypt#!1#!N#!encrypt#!1#!N#!encrypt#!1#!N#!encrypt#!1#!N#!encrypt#!1#!N#!encrypt#!1#!N#!encrypt#!1#!N#!encrypt#!1#!N#!encrypt#!1#!N#!encrypt#!1#!N#!encrypt#!1#!N#!encrypt#!1#!N#!encrypt#!1#!N#!encrypt#!1#!N#!encrypt#!1#!N#!encrypt#!1#!N#!encrypt#!46#!N%&&Lm%ggx8pIux>`-#]{57$0S$t>4grN%T&wV%ggx8pIy#!encrypt#!1#!
#!encrypt#!4#!=a4?#!encrypt#!1#!N#!encrypt#!1#!N#!encrypt#!1#!N#!encrypt#!1#!N#!encrypt#!1#!N#!encrypt#!1#!N#!encrypt#!1#!N#!encrypt#!1#!N#!encrypt#!1#!N#!encrypt#!1#!N#!encrypt#!1#!N#!encrypt#!1#!N#!encrypt#!1#!N#!encrypt#!1#!N#!encrypt#!1#!N#!encrypt#!1#!N#!encrypt#!1#!N#!encrypt#!46#!N%&&Ln%ggx8pIux>`-#]{57$0S$t>4grN%T&wV%ggx8pIy#!encrypt#!1#!
#!encrypt#!4#!=a4j#!encrypt#!1#!N#!encrypt#!1#!N#!encrypt#!1#!N#!encrypt#!1#!N#!encrypt#!1#!N#!encrypt#!1#!N#!encrypt#!1#!N#!encrypt#!1#!N#!encrypt#!1#!N#!encrypt#!1#!N#!encrypt#!1#!N#!encrypt#!1#!N#!encrypt#!1#!N#!encrypt#!1#!N#!encrypt#!1#!N#!encrypt#!1#!N#!encrypt#!1#!N#!encrypt#!46#!N%&&L`%ggx8pIux>`-#]{57$0S$t>4grN%T&wV%ggx8pIy#!encrypt#!1#!
#!encrypt#!4#!=a4%#!encrypt#!1#!N#!encrypt#!1#!N#!encrypt#!1#!N#!encrypt#!1#!N#!encrypt#!1#!N#!encrypt#!1#!N#!encrypt#!1#!N#!encrypt#!1#!N#!encrypt#!1#!N#!encrypt#!1#!N#!encrypt#!1#!N#!encrypt#!1#!N#!encrypt#!1#!N#!encrypt#!1#!N#!encrypt#!1#!N#!encrypt#!1#!N#!encrypt#!1#!N#!encrypt#!46#!N%&&LX%ggx8pIux>`-#]{57$0S$t>4grN%T&wV%ggx8pIy#!encrypt#!1#!
#!encrypt#!4#!=a4c#!encrypt#!1#!N#!encrypt#!1#!N#!encrypt#!1#!N#!encrypt#!1#!N#!encrypt#!1#!N#!encrypt#!1#!N#!encrypt#!1#!N#!encrypt#!1#!N#!encrypt#!1#!N#!encrypt#!1#!N#!encrypt#!1#!N#!encrypt#!1#!N#!encrypt#!1#!N#!encrypt#!1#!N#!encrypt#!1#!N#!encrypt#!1#!N#!encrypt#!1#!N#!encrypt#!46#!N%&&LI%ggx8pIux>`-#]{57$0S$t>4grN%T&wV%ggx8pIy#!encrypt#!1#!
#!encrypt#!4#!=a4u#!encrypt#!1#!N#!encrypt#!1#!N#!encrypt#!1#!N#!encrypt#!1#!N#!encrypt#!1#!N#!encrypt#!1#!N#!encrypt#!1#!N#!encrypt#!1#!N#!encrypt#!1#!N#!encrypt#!1#!N#!encrypt#!1#!N#!encrypt#!1#!N#!encrypt#!1#!N#!encrypt#!1#!N#!encrypt#!1#!N#!encrypt#!1#!N#!encrypt#!1#!N#!encrypt#!46#!N%&&Q|%ggx8pIux>`-#]{57$0S$t>4grN%T&wV%ggx8pIy#!encrypt#!1#!
#!encrypt#!5#!=a4Rr#!encrypt#!1#!N#!encrypt#!1#!N#!encrypt#!1#!N#!encrypt#!1#!N#!encrypt#!1#!N#!encrypt#!1#!N#!encrypt#!1#!N#!encrypt#!1#!N#!encrypt#!1#!N#!encrypt#!1#!N#!encrypt#!1#!N#!encrypt#!1#!N#!encrypt#!1#!N#!encrypt#!1#!N#!encrypt#!1#!N#!encrypt#!1#!N#!encrypt#!46#!N%&&QC%ggx8pIux>`-#]{57$0S$t>4grN%T&wV%ggx8pIy#!encrypt#!1#!
#!encrypt#!10#!qoYRr=*\B/#!encrypt#!1#!N#!encrypt#!1#!N#!encrypt#!1#!N#!encrypt#!1#!N#!encrypt#!1#!N#!encrypt#!1#!N#!encrypt#!1#!N#!encrypt#!1#!N#!encrypt#!1#!N#!encrypt#!1#!N#!encrypt#!1#!N#!encrypt#!46#!N%&&Qu%ggx8pIux>`-#]{57$0S$t>4grN%T&wV%ggx8pIy#!encrypt#!1#!
#!encrypt#!10#!qoYRB=*\B/#!encrypt#!1#!N#!encrypt#!1#!N#!encrypt#!1#!N#!encrypt#!1#!N#!encrypt#!1#!N#!encrypt#!1#!N#!encrypt#!1#!N#!encrypt#!1#!N#!encrypt#!1#!N#!encrypt#!1#!N#!encrypt#!1#!N#!encrypt#!46#!N%&&Q0%ggx8pIux>`-#]{57$0S$t>4grN%T&wV%ggx8pIy#!encrypt#!1#!
#!encrypt#!16#!FlEp2C_[Z.YO9Re*#!encrypt#!1#!N#!encrypt#!1#!N#!encrypt#!1#!N#!encrypt#!1#!N#!encrypt#!1#!N#!encrypt#!46#!N%&&Qe%ggx8pIux>`-#]{57-6~$t>4grN%T&wV%ggTPgF}#!encrypt#!1#!
#!encrypt#!16#!FlEp2u_[Z.YO9Re*#!encrypt#!1#!N#!encrypt#!1#!N#!encrypt#!1#!N#!encrypt#!1#!N#!encrypt#!1#!N#!encrypt#!46#!N%&&Qm%ggx8pIux>`-#]{57$;5$t>4grN%T&wV%ggx8%w}#!encrypt#!1#!
#!encrypt#!16#!FlEp20_[Z.YO9Re*#!encrypt#!1#!N#!encrypt#!1#!N#!encrypt#!1#!N#!encrypt#!1#!N#!encrypt#!1#!N#!encrypt#!46#!N%&&Qn%ggx8pIux>`-#]{57$0S$t>4grN%T&wV%ggx8pIy#!encrypt#!1#!
#!encrypt#!16#!FlEp2e_[Z.YO9Re*#!encrypt#!1#!N#!encrypt#!1#!N#!encrypt#!1#!N#!encrypt#!1#!N#!encrypt#!1#!N#!encrypt#!46#!N%&&Q`%ggx8pIux>`-#]{57$0S$t>4grN%T&wV%ggx8pIy#!encrypt#!1#!
#!encrypt#!16#!FlEp2m_[Z.YO9Re*#!encrypt#!1#!N#!encrypt#!1#!N#!encrypt#!1#!N#!encrypt#!1#!N#!encrypt#!1#!N#!encrypt#!46#!N%&&QX%ggx8pIux>`-#]{57$0S$t>4grN%T&wV%ggx8pIy#!encrypt#!1#!
#!encrypt#!16#!FlEp2n_[Z.YO9Re*#!encrypt#!1#!N#!encrypt#!1#!N#!encrypt#!1#!N#!encrypt#!1#!N#!encrypt#!1#!N#!encrypt#!46#!N%&&QI%ggx8pIux>`-#]{57$0S$t>4grN%T&wV%ggx8pIy#!encrypt#!1#!
#!encrypt#!16#!FlEp2X_[Z.YO9Re*#!encrypt#!1#!N#!encrypt#!1#!N#!encrypt#!1#!N#!encrypt#!1#!N#!encrypt#!1#!N#!encrypt#!46#!N%&&||%ggx8pIux>`-#]{57$0S$t>4grN%T&wV%ggx8pIy#!encrypt#!1#!
#!encrypt#!16#!FlEp2I_[Z.YO9Re*#!encrypt#!1#!N#!encrypt#!1#!N#!encrypt#!1#!N#!encrypt#!1#!N#!encrypt#!1#!N#!encrypt#!46#!N%&&|C%ggx8pIux>`-#]{57$0S$t>4grN%T&wV%ggx8pIy#!encrypt#!1#!
#!encrypt#!17#!FlEp2CKfm\YhG5%}Y#!encrypt#!1#!N#!encrypt#!1#!N#!encrypt#!1#!N#!encrypt#!1#!N#!encrypt#!46#!N%&&|u%ggx8pIux>`-#]{57$0S$t>4grN%T&wV%ggx8pIy#!encrypt#!1#!
#!encrypt#!17#!FlEp2Chfm\YhG5%}Y#!encrypt#!1#!N#!encrypt#!1#!N#!encrypt#!1#!N#!encrypt#!1#!N#!encrypt#!46#!N%&&|0%ggx8pIux>`-#]{57$0S$t>4grN%T&wV%ggx8pIy#!encrypt#!1#!
#!encrypt#!8#!FIn~{>(y#!encrypt#!1#!N#!encrypt#!1#!N#!encrypt#!1#!N#!encrypt#!1#!N#!encrypt#!1#!N#!encrypt#!1#!N#!encrypt#!1#!N#!encrypt#!1#!N#!encrypt#!1#!N#!encrypt#!1#!N#!encrypt#!1#!N#!encrypt#!1#!N#!encrypt#!1#!N#!encrypt#!46#!N%&&|n%ggx8pIux>`-#]{57$0S$t>4grN%T&wV%ggx8pIy#!encrypt#!1#!
#!encrypt#!8#!Ffn~{>(y#!encrypt#!1#!N#!encrypt#!1#!N#!encrypt#!1#!N#!encrypt#!1#!N#!encrypt#!1#!N#!encrypt#!1#!N#!encrypt#!1#!N#!encrypt#!1#!N#!encrypt#!1#!N#!encrypt#!1#!N#!encrypt#!1#!N#!encrypt#!1#!N#!encrypt#!1#!N#!encrypt#!46#!N%&&|`%ggx8pIux>`-#]{57$0S$t>4grN%T&wV%ggx8pIy#!encrypt#!1#!
#!encrypt#!8#!FEn~{>(y#!encrypt#!1#!N#!encrypt#!1#!N#!encrypt#!1#!N#!encrypt#!1#!N#!encrypt#!1#!N#!encrypt#!1#!N#!encrypt#!1#!N#!encrypt#!1#!N#!encrypt#!1#!N#!encrypt#!1#!N#!encrypt#!1#!N#!encrypt#!1#!N#!encrypt#!1#!N#!encrypt#!46#!N%&&|X%ggx8pIux>`-#]{57$0S$t>4grN%T&wV%ggx8pIy#!encrypt#!1#!
#!encrypt#!8#!Fdn~{>(y#!encrypt#!1#!N#!encrypt#!1#!N#!encrypt#!1#!N#!encrypt#!1#!N#!encrypt#!1#!N#!encrypt#!1#!N#!encrypt#!1#!N#!encrypt#!1#!N#!encrypt#!1#!N#!encrypt#!1#!N#!encrypt#!1#!N#!encrypt#!1#!N#!encrypt#!1#!N#!encrypt#!46#!N%&&|I%ggx8pIux>`-#]{57$0S$t>4grN%T&wV%ggx8pIy#!encrypt#!1#!
#!encrypt#!8#!FGn~{>(y#!encrypt#!1#!N#!encrypt#!1#!N#!encrypt#!1#!N#!encrypt#!1#!N#!encrypt#!1#!N#!encrypt#!1#!N#!encrypt#!1#!N#!encrypt#!1#!N#!encrypt#!1#!N#!encrypt#!1#!N#!encrypt#!1#!N#!encrypt#!1#!N#!encrypt#!1#!N#!encrypt#!46#!N%&&J|%ggx8pIux>`-#]{57$0S$t>4grN%T&wV%ggx8pIy#!encrypt#!1#!
#!encrypt#!8#!FYn~{>(y#!encrypt#!1#!N#!encrypt#!1#!N#!encrypt#!1#!N#!encrypt#!1#!N#!encrypt#!1#!N#!encrypt#!1#!N#!encrypt#!1#!N#!encrypt#!1#!N#!encrypt#!1#!N#!encrypt#!1#!N#!encrypt#!1#!N#!encrypt#!1#!N#!encrypt#!1#!N#!encrypt#!46#!N%&&JC%ggx8pIux>`-#]{57$0S$t>4grN%T&wV%ggx8pIy#!encrypt#!1#!
#!encrypt#!8#!F.n~{>(y#!encrypt#!1#!N#!encrypt#!1#!N#!encrypt#!1#!N#!encrypt#!1#!N#!encrypt#!1#!N#!encrypt#!1#!N#!encrypt#!1#!N#!encrypt#!1#!N#!encrypt#!1#!N#!encrypt#!1#!N#!encrypt#!1#!N#!encrypt#!1#!N#!encrypt#!1#!N#!encrypt#!46#!N%&&Ju%ggx8pIux>`-#]{57$0S$t>4grN%T&wV%ggx8pIy#!encrypt#!1#!
#!encrypt#!8#!Fwn~{>(y#!encrypt#!1#!N#!encrypt#!1#!N#!encrypt#!1#!N#!encrypt#!1#!N#!encrypt#!1#!N#!encrypt#!1#!N#!encrypt#!1#!N#!encrypt#!1#!N#!encrypt#!1#!N#!encrypt#!1#!N#!encrypt#!1#!N#!encrypt#!1#!N#!encrypt#!1#!N#!encrypt#!46#!N%&&J0%ggx8pIux>`-#]{57$0S$t>4grN%T&wV%ggx8pIy#!encrypt#!1#!
#!encrypt#!8#!F[n~{>(y#!encrypt#!1#!N#!encrypt#!1#!N#!encrypt#!1#!N#!encrypt#!1#!N#!encrypt#!1#!N#!encrypt#!1#!N#!encrypt#!1#!N#!encrypt#!1#!N#!encrypt#!1#!N#!encrypt#!1#!N#!encrypt#!1#!N#!encrypt#!1#!N#!encrypt#!1#!N#!encrypt#!46#!N%&&Je%ggx8pIux>`-#]{57$0S$t>4grN%T&wV%ggx8pIy#!encrypt#!1#!
#!encrypt#!9#!FIK.2Pu\d#!encrypt#!1#!N#!encrypt#!1#!N#!encrypt#!1#!N#!encrypt#!1#!N#!encrypt#!1#!N#!encrypt#!1#!N#!encrypt#!1#!N#!encrypt#!1#!N#!encrypt#!1#!N#!encrypt#!1#!N#!encrypt#!1#!N#!encrypt#!1#!N#!encrypt#!46#!N%&&Jm%ggx8pIux>`-#]{57$0S$t>4grN%T&wV%ggx8pIy#!encrypt#!1#!
#!encrypt#!9#!FI&.2Pu\d#!encrypt#!1#!N#!encrypt#!1#!N#!encrypt#!1#!N#!encrypt#!1#!N#!encrypt#!1#!N#!encrypt#!1#!N#!encrypt#!1#!N#!encrypt#!1#!N#!encrypt#!1#!N#!encrypt#!1#!N#!encrypt#!1#!N#!encrypt#!1#!N#!encrypt#!46#!N%&&Jn%ggx8pIux>`-#]{57$0S$t>4grN%T&wV%ggx8pIy#!encrypt#!1#!
#!encrypt#!6#!FIn*K%#!encrypt#!1#!N#!encrypt#!1#!N#!encrypt#!1#!N#!encrypt#!1#!N#!encrypt#!1#!N#!encrypt#!1#!N#!encrypt#!1#!N#!encrypt#!1#!N#!encrypt#!1#!N#!encrypt#!1#!N#!encrypt#!1#!N#!encrypt#!1#!N#!encrypt#!1#!N#!encrypt#!1#!N#!encrypt#!1#!N#!encrypt#!46#!N%&&J`%ggx8pIux>`-#]{57$0S$t>4grN%T&wV%ggx8pIy#!encrypt#!1#!
#!encrypt#!6#!Ffn*K%#!encrypt#!1#!N#!encrypt#!1#!N#!encrypt#!1#!N#!encrypt#!1#!N#!encrypt#!1#!N#!encrypt#!1#!N#!encrypt#!1#!N#!encrypt#!1#!N#!encrypt#!1#!N#!encrypt#!1#!N#!encrypt#!1#!N#!encrypt#!1#!N#!encrypt#!1#!N#!encrypt#!1#!N#!encrypt#!1#!N#!encrypt#!46#!N%&&JX%ggx8pIux>`-#]{57$0S$t>4grN%T&wV%ggx8pIy#!encrypt#!1#!
#!encrypt#!6#!FEn*K%#!encrypt#!1#!N#!encrypt#!1#!N#!encrypt#!1#!N#!encrypt#!1#!N#!encrypt#!1#!N#!encrypt#!1#!N#!encrypt#!1#!N#!encrypt#!1#!N#!encrypt#!1#!N#!encrypt#!1#!N#!encrypt#!1#!N#!encrypt#!1#!N#!encrypt#!1#!N#!encrypt#!1#!N#!encrypt#!1#!N#!encrypt#!46#!N%&&JI%ggx8pIux>`-#]{57$0S$t>4grN%T&wV%ggx8pIy#!encrypt#!1#!
#!encrypt#!6#!Fdn*K%#!encrypt#!1#!N#!encrypt#!1#!N#!encrypt#!1#!N#!encrypt#!1#!N#!encrypt#!1#!N#!encrypt#!1#!N#!encrypt#!1#!N#!encrypt#!1#!N#!encrypt#!1#!N#!encrypt#!1#!N#!encrypt#!1#!N#!encrypt#!1#!N#!encrypt#!1#!N#!encrypt#!1#!N#!encrypt#!1#!N#!encrypt#!46#!N%&& |%ggx8pIux>`-#]{57$0S$t>4grN%T&wV%ggx8pIy#!encrypt#!1#!
#!encrypt#!6#!FGn*K%#!encrypt#!1#!N#!encrypt#!1#!N#!encrypt#!1#!N#!encrypt#!1#!N#!encrypt#!1#!N#!encrypt#!1#!N#!encrypt#!1#!N#!encrypt#!1#!N#!encrypt#!1#!N#!encrypt#!1#!N#!encrypt#!1#!N#!encrypt#!1#!N#!encrypt#!1#!N#!encrypt#!1#!N#!encrypt#!1#!N#!encrypt#!46#!N%&& C%ggx8pIux>`-#]{57$0S$t>4grN%T&wV%ggx8pIy#!encrypt#!1#!
#!encrypt#!6#!FYn*K%#!encrypt#!1#!N#!encrypt#!1#!N#!encrypt#!1#!N#!encrypt#!1#!N#!encrypt#!1#!N#!encrypt#!1#!N#!encrypt#!1#!N#!encrypt#!1#!N#!encrypt#!1#!N#!encrypt#!1#!N#!encrypt#!1#!N#!encrypt#!1#!N#!encrypt#!1#!N#!encrypt#!1#!N#!encrypt#!1#!N#!encrypt#!46#!N%&& u%ggx8pIux>`-#]{57$0S$t>4grN%T&wV%ggx8pIy#!encrypt#!1#!
#!encrypt#!6#!F.n*K%#!encrypt#!1#!N#!encrypt#!1#!N#!encrypt#!1#!N#!encrypt#!1#!N#!encrypt#!1#!N#!encrypt#!1#!N#!encrypt#!1#!N#!encrypt#!1#!N#!encrypt#!1#!N#!encrypt#!1#!N#!encrypt#!1#!N#!encrypt#!1#!N#!encrypt#!1#!N#!encrypt#!1#!N#!encrypt#!1#!N#!encrypt#!46#!N%&& 0%ggx8pIux>`-#]{57$0S$t>4grN%T&wV%ggx8pIy#!encrypt#!1#!
#!encrypt#!6#!Fwn*K%#!encrypt#!1#!N#!encrypt#!1#!N#!encrypt#!1#!N#!encrypt#!1#!N#!encrypt#!1#!N#!encrypt#!1#!N#!encrypt#!1#!N#!encrypt#!1#!N#!encrypt#!1#!N#!encrypt#!1#!N#!encrypt#!1#!N#!encrypt#!1#!N#!encrypt#!1#!N#!encrypt#!1#!N#!encrypt#!1#!N#!encrypt#!46#!N%&& e%ggx8pIux>`-#]{57$0S$t>4grN%T&wV%ggx8pIy#!encrypt#!1#!
#!encrypt#!6#!F[n*K%#!encrypt#!1#!N#!encrypt#!1#!N#!encrypt#!1#!N#!encrypt#!1#!N#!encrypt#!1#!N#!encrypt#!1#!N#!encrypt#!1#!N#!encrypt#!1#!N#!encrypt#!1#!N#!encrypt#!1#!N#!encrypt#!1#!N#!encrypt#!1#!N#!encrypt#!1#!N#!encrypt#!1#!N#!encrypt#!1#!N#!encrypt#!46#!N%&& m%ggx8pIux>`-#]{57$0S$t>4grN%T&wV%ggx8pIy#!encrypt#!1#!
#!encrypt#!7#!FIK.(K?#!encrypt#!1#!N#!encrypt#!1#!N#!encrypt#!1#!N#!encrypt#!1#!N#!encrypt#!1#!N#!encrypt#!1#!N#!encrypt#!1#!N#!encrypt#!1#!N#!encrypt#!1#!N#!encrypt#!1#!N#!encrypt#!1#!N#!encrypt#!1#!N#!encrypt#!1#!N#!encrypt#!1#!N#!encrypt#!46#!N%&& n%ggx8pIux>`-#]{57$0S$t>4grN%T&wV%ggx8pIy#!encrypt#!1#!
#!encrypt#!7#!FI&.(K?#!encrypt#!1#!N#!encrypt#!1#!N#!encrypt#!1#!N#!encrypt#!1#!N#!encrypt#!1#!N#!encrypt#!1#!N#!encrypt#!1#!N#!encrypt#!1#!N#!encrypt#!1#!N#!encrypt#!1#!N#!encrypt#!1#!N#!encrypt#!1#!N#!encrypt#!1#!N#!encrypt#!1#!N#!encrypt#!46#!N%&& `%ggx8pIux>`-#]{57$0S$t>4grN%T&wV%ggx8pIy#!encrypt#!1#!
#!encrypt#!4#!7lNf#!encrypt#!1#!N#!encrypt#!1#!N#!encrypt#!1#!N#!encrypt#!1#!N#!encrypt#!1#!N#!encrypt#!1#!N#!encrypt#!1#!N#!encrypt#!1#!N#!encrypt#!1#!N#!encrypt#!1#!N#!encrypt#!1#!N#!encrypt#!1#!N#!encrypt#!1#!N#!encrypt#!1#!N#!encrypt#!1#!N#!encrypt#!1#!N#!encrypt#!1#!N#!encrypt#!46#!N%&& X%ggx8pIux>`-#]{57$0S$t>4grN%T&wV%ggx8pIy#!encrypt#!1#!
#!encrypt#!77#!'+^-1s8A6F~]\&FY(4Xp6lxGf-Ggk@%>'+^-1s8A6F~]\&FY(4Xp6lxGf-Ggk@%>'+^-1s8A6F~]
#!encrypt#!43#!
x3JSVQhYAg-tuF5mE|u{l0UXScb>R]J;EKiNIK<(

#!encrypt#!75#!~aH]8Vol]!T+`yw>HED]{oHx:t/V,[1c,.oiwp(%ZcbuIi;@Oc_+#Ysl~wmV<%gr>l40nu)Q)$
#!encrypt#!1#!
#!encrypt#!84#!
@M$$d%QzU
ZY3<L&!d:LC&{ct:REUm#-T_Zn;^^D!LZY3<L&!d:LC&{ct:REUm#-T_Zn;^^D!LZY3<L&!d
#!encrypt#!101#!
Ffw$d%7Zc8Hz[X n3z6F;|$JYd
EUm#-T_Zn;^^D!LZY3<L&!d:LC&{ct:REUm#-T_Zn;^^D!LZY3<L&!d:LC&{ct:REUm#-T_Z
#!encrypt#!39#!=q|ihsd}z8CI5um=H/?-C5kyAe$Yly-Eh3n*(/
#!encrypt#!43#!)Eb.|V$]e$p wy=3(P0#<psWO^<b{3g<fBnp#Z_ly_
#!encrypt#!43#!)Eb.QV$]e$p w*=3(P0Z<e$yO^<b{3g<fBnp#Z_ly_
#!encrypt#!43#!)Eb.LV$]e$p h*=3(Ppt<ekWO^<b{3g<fBnp#Z_ly_
#!encrypt#!43#!)Eb.NV$]e$p h*=3(PB1<t$WO^<b{3g<fBnp#Z_ly_
#!encrypt#!43#!)Eb.mV$]e$p hy=3(PBu<t6yO^<b{3g<fBnp#Z_ly_
#!encrypt#!43#!)Eb.aV$]e$p F*=3(Py#<]UWO^<b{3g<fBnp#Z_ly_
#!encrypt#!43#!)Eb.BV$]e$p hy=3(P|l<]-yO^<b{3g<fBnp#Z_ly_
#!encrypt#!43#!)Eb.rV$]e$p ay=3(P?%<]=WO^<b{3g<fBnp#Z_ly_
#!encrypt#!43#!)Et.|V$]e$p wy=3(P)3<t$WO^<b{3g<fBnp#Z_ly_
#!encrypt#!43#!)Et.QV$]e$p w*=3(P)1<kgyO^<b{3g<fBnp#Z_ly_
#!encrypt#!43#!)Et.LV$]e$p Fy=3(P)u<kkyO^<b{3g<fBnp#Z_ly_
#!encrypt#!43#!)Et.NV$]e$p ay=3(PL#<p$yO^<b{3g<fBnp#Z_ly_
#!encrypt#!43#!)Et.mV$]e$p Fy=3(P<l<p0yO^<b{3g<fBnp#Z_ly_
#!encrypt#!43#!)Et.aV$]e$p xy=3(PD%<7syO^<b{3g<fBnp#Z_ly_
#!encrypt#!43#!)Et.BV$]e$p Fy=3(PD+<76yO^<b{3g<fBnp#Z_ly_
#!encrypt#!42#!)Et.rV$]e$p x*=3(c?\$c-<0c/lt4!kCX4$#=Mld
#!encrypt#!42#!)E&.|V$]e$p h*=3(/?\,>-<0c/lt4!kCX4$#=Mld
#!encrypt#!42#!)E&.QV$]e$p Fy=3(/L\ t-<0c/lt4!kCX4$#=Mld
#!encrypt#!42#!)E&.LV$]e$p xy=3(i|\ k=<0c/lt4!kCX4$#=Mld
#!encrypt#!42#!)E&.NV$]e$p xy=3(gp\ae-<0c/lt4!kCX4$#=Mld
#!encrypt#!42#!)E&.mV$]e$p F*=3(g<\a'=<0c/lt4!kCX4$#=Mld
#!encrypt#!42#!)E&.aV$]e$p xy=3(N?\>c=<0c/lt4!kCX4$#=Mld
#!encrypt#!42#!)E&.BV$]e$p x*=3(EB\><-<0c/lt4!kCX4$#=Mld
#!encrypt#!42#!)E&.rV$]e$p xy=3(ED\>7=<0c/lt4!kCX4$#=Mld
#!encrypt#!42#!)EK.|V$]e$p w*=3(W0\ae=<0c/lt4!kCX4$#=Mld
#!encrypt#!42#!)EK.QV$]e$p h*=3(Wp\p]=<0c/lt4!kCX4$#=Mld
#!encrypt#!42#!)EK.LV$]e$p F*=3(W<\pp=<0c/lt4!kCX4$#=Mld
#!encrypt#!42#!)EK.NV$]e$p Fy=3(P?\,t-<0c/lt4!kCX4$#=Mld
#!encrypt#!41#!)EK.mV$]e$p F*=3(i1Z,]Z$IS)*>yX<uOe$q"My
#!encrypt#!41#!)EK.aV$]e$p4`y=3(b1u57Z$IS)*>yX<uOe$q"My
#!encrypt#!40#!)EK.BV$]e$p x*=3SD0l>?7#VVEt_=!"o3e.("6
#!encrypt#!41#!)EK.rV$]e$p a*=3#E1u,]Z$IS)*>yX<uOe$q"My
#!encrypt#!43#!)fb.|V$](Dpi/*=3(P0#<pUyO^<b{3g<fBnp#Z_ly_
#!encrypt#!43#!)fb.QV$](Dpi7*=3(P0Z<egWO^<b{3g<fBnp#Z_ly_
#!encrypt#!43#!)fb.LV$](Dpiwy=3(Ppt<ehyO^<b{3g<fBnp#Z_ly_
#!encrypt#!43#!)fb.NV$](Dpiw*=3(PB1<tsyO^<b{3g<fBnp#Z_ly_
#!encrypt#!43#!)fb.mV$](Dpiwy=3(PBu<t6yO^<b{3g<fBnp#Z_ly_
#!encrypt#!43#!)fb.aV$](Dpih*=3(Py#<]UyO^<b{3g<fBnp#Z_ly_
#!encrypt#!43#!)fb.BV$](Dpih*=3(P|l<]6WO^<b{3g<fBnp#Z_ly_
#!encrypt#!43#!)fb.rV$](DpiFy=3(P?%<]=WO^<b{3g<fBnp#Z_ly_
#!encrypt#!43#!)ft.|V$](Dpi/*=3(P)3<tsyO^<b{3g<fBnp#Z_ly_
#!encrypt#!43#!)ft.QV$](Dpiwy=3(P)1<kgyO^<b{3g<fBnp#Z_ly_
#!encrypt#!43#!)ft.LV$](Dpi7*=3(P)u<k=WO^<b{3g<fBnp#Z_ly_
#!encrypt#!43#!)ft.NV$](Dpiwy=3(PL#<pgyO^<b{3g<fBnp#Z_ly_
#!encrypt#!43#!)ft.mV$](Dpiwy=3(P<l<phWO^<b{3g<fBnp#Z_ly_
#!encrypt#!43#!)ft.aV$](Dpih*=3(PD%<7syO^<b{3g<fBnp#Z_ly_
#!encrypt#!43#!)ft.BV$](Dpih*=3(PD+<76yO^<b{3g<fBnp#Z_ly_
#!encrypt#!42#!)ft.rV$](DpiF*=3(c?\$c-<0c/lt4!kCX4$#=Mld
#!encrypt#!42#!)f&.|V$](Dpiw*=3(/?\,e-<0c/lt4!kCX4$#=Mld
#!encrypt#!42#!)f&.QV$](Dpih*=3(/L\ ]-<0c/lt4!kCX4$#=Mld
#!encrypt#!42#!)f&.LV$](Dpi7y=3(i|\ k=<0c/lt4!kCX4$#=Mld
#!encrypt#!42#!)f&.NV$](Dpiwy=3(gp\ae=<0c/lt4!kCX4$#=Mld
#!encrypt#!42#!)f&.mV$](DpiF*=3(g<\a'=<0c/lt4!kCX4$#=Mld
#!encrypt#!42#!)f&.aV$](Dpixy=3(N?\>c=<0c/lt4!kCX4$#=Mld
#!encrypt#!42#!)f&.BV$](DpiF*=3(EB\><-<0c/lt4!kCX4$#=Mld
#!encrypt#!42#!)f&.rV$](Dpixy=3(ED\>7=<0c/lt4!kCX4$#=Mld
#!encrypt#!42#!)fK.|V$](Dpiwy=3(W0\ae=<0c/lt4!kCX4$#=Mld
#!encrypt#!42#!)fK.QV$](Dpiw*=3(Wp\p]=<0c/lt4!kCX4$#=Mld
#!encrypt#!42#!)fK.LV$](Dpiwy=3(W<\p7-<0c/lt4!kCX4$#=Mld
#!encrypt#!42#!)fK.NV$](Dpiw*=3(P?\,t-<0c/lt4!kCX4$#=Mld
#!encrypt#!41#!)fK.mV$](Dpihy=3(i1Zp7Z$IS)*>yX<uOe$q"My
#!encrypt#!41#!)fK.aV$](Dpixy=3(b1u57Z$IS)*>yX<uOe$q"My
#!encrypt#!40#!)fK.BV$](DpiF*=3SD0l>?7#VVEt_=!"o3e.("6
#!encrypt#!41#!)fK.rV$](DpiF*=3#E1u?]Z$IS)*>yX<uOe$q"My
#!encrypt#!42#!)Ib.|V$})U_vwHxY#c)\,>-<0c/lt4!kCX4$#=Mld
#!encrypt#!42#!)Ib.QV$})U_FwHxY#c<\ t-<0c/lt4!kCX4$#=Mld
#!encrypt#!42#!)Ib.LV$})U_i`HxY#/?\ k-<0c/lt4!kCX4$#=Mld
#!encrypt#!42#!)Ib.NV$})U_i`HxY#iB\ae-<0c/lt4!kCX4$#=Mld
#!encrypt#!42#!)Ib.mV$})U_FwHxY#iD\a<=<0c/lt4!kCX4$#=Mld
#!encrypt#!42#!)Ib.aV$})U_IwHxY#g)\>c=<0c/lt4!kCX4$#=Mld
#!encrypt#!42#!)Ib.BV$})U_I`HxY#Ny\><-<0c/lt4!kCX4$#=Mld
#!encrypt#!42#!)Ib.rV$})U_%wHxY#E0\>7-<0c/lt4!kCX4$#=Mld
#!encrypt#!42#!)It.|V$})U_vwHxY#=p\ae-<0c/lt4!kCX4$#=Mld
#!encrypt#!42#!)It.QV$})U_FwHxY#=B\p]-<0c/lt4!kCX4$#=Mld
#!encrypt#!42#!)It.LV$})U_i`HxY#=D\pp=<0c/lt4!kCX4$#=Mld
#!encrypt#!42#!)It.NV$})U_i`HxY#W)\,e=<0c/lt4!kCX4$#=Mld
#!encrypt#!42#!)It.mV$})U_i`HxY#Py\,k=<0c/lt4!kCX4$#=Mld
#!encrypt#!42#!)It.aV$})U_iwHxY#b0\?>=<0c/lt4!kCX4$#=Mld
#!encrypt#!42#!)It.BV$})U_iwHxY#bL\?'-<0c/lt4!kCX4$#=Mld
#!encrypt#!41#!)It.rV$})U_IwHxYUE1%$7Z$IS)*>yX<uOe$q"My
#!encrypt#!41#!)I&.|V$})U_F`HxYrE1Z57Z$IS)*>yX<uOe$q"My
#!encrypt#!41#!)I&.QV$})U_i`HxYrW11a7Z$IS)*>yX<uOe$q"My
#!encrypt#!41#!)I&.LV$})U_iwHxYKN11,7Z$IS)*>yX<uOe$q"My
#!encrypt#!41#!)I&.NV$})U_iwHxYS/1l 7Z$IS)*>yX<uOe$q"My
#!encrypt#!41#!)I&.mV$})U_i`HxYSP1lp]Z$IS)*>yX<uOe$q"My
#!encrypt#!41#!)I&.aV$})U_i`HxYAE1-5]Z$IS)*>yX<uOe$q"My
#!encrypt#!41#!)I&.BV$})U_i`HxYmi1-c7Z$IS)*>yX<uOe$q"My
#!encrypt#!41#!)I&.rV$})U__`HxYmb1-?7Z$IS)*>yX<uOe$q"My
#!encrypt#!41#!)IK.|V$})U_i`HxYOc1l 7Z$IS)*>yX<uOe$q"My
#!encrypt#!41#!)IK.QV$})U_%`HxYO/1+>]Z$IS)*>yX<uOe$q"My
#!encrypt#!41#!)IK.LV$})U_%wHxYOP1+,7Z$IS)*>yX<uOe$q"My
#!encrypt#!41#!)IK.NV$})U_IwHxY#E1Za7Z$IS)*>yX<uOe$q"My
#!encrypt#!40#!)IK.mV$})U_IwHxYKD<+??7#VVEt_=!"o3e.("6
#!encrypt#!40#!)IK.aV$})U_%wHxYjDD1>?7#VVEt_=!"o3e.("6
#!encrypt#!39#!)IK.BV$})U__`Hx,HcBuC5kyAe$Yly-Eh3n*(/
#!encrypt#!40#!)IK.rV$})U__wHxJmDDu>?7#VVEt_=!"o3e.("6
#!encrypt#!42#!);b.|V$]WU5 wHxY#c)\,>-<0c/lt4!kCX4$#=Mld
#!encrypt#!42#!);b.QV$]WU5v`HxY#c<\ t-<0c/lt4!kCX4$#=Mld
#!encrypt#!42#!);b.LV$]WU5v`HxY#/?\ k=<0c/lt4!kCX4$#=Mld
#!encrypt#!42#!);b.NV$]WU5v`HxY#iB\ae=<0c/lt4!kCX4$#=Mld
#!encrypt#!42#!);b.mV$]WU54wHxY#iD\a<=<0c/lt4!kCX4$#=Mld
#!encrypt#!42#!);b.aV$]WU5v`HxY#g)\>c-<0c/lt4!kCX4$#=Mld
#!encrypt#!42#!);b.BV$]WU5FwHxY#Ny\>]=<0c/lt4!kCX4$#=Mld
#!encrypt#!42#!);b.rV$]WU5F`HxY#E0\>7-<0c/lt4!kCX4$#=Mld
#!encrypt#!42#!);t.|V$]WU5 wHxY#=p\a>=<0c/lt4!kCX4$#=Mld
#!encrypt#!42#!);t.QV$]WU54wHxY#=B\p]=<0c/lt4!kCX4$#=Mld
#!encrypt#!42#!);t.LV$]WU5v`HxY#=D\p7-<0c/lt4!kCX4$#=Mld
#!encrypt#!42#!);t.NV$]WU5v`HxY#W)\,e=<0c/lt4!kCX4$#=Mld
#!encrypt#!42#!);t.mV$]WU5 wHxY#Py\,'=<0c/lt4!kCX4$#=Mld
#!encrypt#!42#!);t.aV$]WU54wHxY#b0\?>=<0c/lt4!kCX4$#=Mld
#!encrypt#!42#!);t.BV$]WU5i`HxY#bL\?'-<0c/lt4!kCX4$#=Mld
#!encrypt#!41#!);t.rV$]WU5F`HxYUE1%$]Z$IS)*>yX<uOe$q"My
#!encrypt#!41#!);&.|V$]WU54`HxYrE1Z5]Z$IS)*>yX<uOe$q"My
#!encrypt#!41#!);&.QV$]WU5 wHxYrW11a7Z$IS)*>yX<uOe$q"My
#!encrypt#!41#!);&.LV$]WU5v`HxYKN11p7Z$IS)*>yX<uOe$q"My
#!encrypt#!41#!);&.NV$]WU5v`HxYS/1l 7Z$IS)*>yX<uOe$q"My
#!encrypt#!41#!);&.mV$]WU5vwHxYSP1l#]Z$IS)*>yX<uOe$q"My
#!encrypt#!41#!);&.aV$]WU5vwHxYAE1-5]Z$IS)*>yX<uOe$q"My
#!encrypt#!41#!);&.BV$]WU5vwHxYmi1-c7Z$IS)*>yX<uOe$q"My
#!encrypt#!41#!);&.rV$]WU5iwHxYmb1-?7Z$IS)*>yX<uOe$q"My
#!encrypt#!41#!);K.|V$]WU5FwHxYOc1l 7Z$IS)*>yX<uOe$q"My
#!encrypt#!41#!);K.QV$]WU5I`HxYO/1+>]Z$IS)*>yX<uOe$q"My
#!encrypt#!41#!);K.LV$]WU5I`HxYOP1+?]Z$IS)*>yX<uOe$q"My
#!encrypt#!41#!);K.NV$]WU5I`HxY#E1Za]Z$IS)*>yX<uOe$q"My
#!encrypt#!40#!);K.mV$]WU5iwHxYKD<+>?7#VVEt_=!"o3e.("6
#!encrypt#!40#!);K.aV$]WU5I`HxYjDD3>?7#VVEt_=!"o3e.("6
#!encrypt#!39#!);K.BV$]WU5iwHx,Hcy-C5kyAe$Yly-Eh3n*(/
#!encrypt#!40#!);K.rV$]WU5iwHxJmDDZ??7#VVEt_=!"o3e.("6
#!encrypt#!40#!ZV=ihsd$zvPI5uF=UDpt??7#VVEt_=!"o3e.("6
#!encrypt#!39#!%p*ihsd$zv9I5umOH=<-C5kyAe$Yly-Eh3n*(/
#!encrypt#!39#!st|ihsd}z8C 5umJHP0-C5kyAe$Yly-Eh3n*(/
#!encrypt#!43#!{;b.mV$AJHp4/y=3(P)%<]UWO^<b{3g<fBnp#Z_ly_
#!encrypt#!43#!{;b.aV$AJHp44*=3(P)%<eUWO^<b{3g<fBnp#Z_ly_
#!encrypt#!43#!{;b.BV$AJHp44*=3(P)%<cUWO^<b{3g<fBnp#Z_ly_
#!encrypt#!43#!{;b.rV$AJHp4/*=3(P?u<pUWO^<b{3g<fBnp#Z_ly_
#!encrypt#!42#!{;t.mV$AJHp4/*=3(/|\?>-<0c/lt4!kCX4$#=Mld
#!encrypt#!42#!{;t.aV$AJHp44*=3(/|\p>=<0c/lt4!kCX4$#=Mld
#!encrypt#!42#!{;t.BV$AJHp4/*=3(/|\c>=<0c/lt4!kCX4$#=Mld
#!encrypt#!42#!{;t.rV$AJHp47y=3(/|\a>-<0c/lt4!kCX4$#=Mld
#!encrypt#!42#!{;&.mV$AJHp4/y=3(=D\>c=<0c/lt4!kCX4$#=Mld
#!encrypt#!42#!{;&.aV$AJHp4/y=3(=D\ c=<0c/lt4!kCX4$#=Mld
#!encrypt#!42#!{;&.BV$AJHp47y=3(=D\$>-<0c/lt4!kCX4$#=Mld
#!encrypt#!42#!{;&.rV$AJHp47*=3(=<\,c=<0c/lt4!kCX4$#=Mld
#!encrypt#!41#!{;K.mV$AJHp4w*=3O=1%p7Z$IS)*>yX<uOe$q"My
#!encrypt#!41#!{;K.aV$AJHp4wy=3O=11p7Z$IS)*>yX<uOe$q"My
#!encrypt#!41#!{;K.BV$AJHp47*=3O=1-p7Z$IS)*>yX<uOe$q"My
#!encrypt#!41#!{;K.rV$AJHp47y=3O=1#p7Z$IS)*>yX<uOe$q"My
#!encrypt#!41#!wEK.mV$](8pgxy=3OE1#$7Z$IS)k>yX<uOe$q"My
#!encrypt#!41#!wEK.aV$](yp /y=3OE1#$7Z$IS)k>yX<uOe$q"My
#!encrypt#!41#!wEK.BV$](yp4xy=3OE1#$7Z$IS)k>yX<uOe$q"My
#!encrypt#!41#!wEK.rV$](ypF/*=3OE1#5]Z$IS)k>yX<uOe$q"My
#!encrypt#!40#!wfK.mV$O(U5%wHx=mD)3>?7#VVSt_=!"o3e.("6
#!encrypt#!40#!wfK.aV$O(U#4wHx=mD)%??7#VVSt_=!"o3e.("6
#!encrypt#!40#!wfK.BV$O(UC_`Hx=mD)%>?7#VVSt_=!"o3e.("6
#!encrypt#!40#!wfK.rV$O(UHvwHx=mD)3>?7#VVSt_=!"o3e.("6
#!encrypt#!40#!wIK.mV$]?U9I`Hx=mD?u??7#VVSt_=!"o3e.("6
#!encrypt#!40#!wIK.aV$]?UHawHx=mD)%??7#VVSt_=!"o3e.("6
#!encrypt#!40#!wIK.BV$]?UuIwHx=mD)%>?7#VVSt_=!"o3e.("6
#!encrypt#!40#!wIK.rV$]0Us wHx=mD)%??7#VVSt_=!"o3e.("6
#!encrypt#!41#!w;K.mV$AJ$pahy=3OE1#$]Z$IS)k>yX<uOe$q"My
#!encrypt#!41#!w;K.aV$AJ$pg2y=3OE1#$7Z$IS)k>yX<uOe$q"My
#!encrypt#!41#!w;K.BV$AJ$p%Fy=3OE1#$7Z$IS)k>yX<uOe$q"My
#!encrypt#!41#!w;K.rV$AJ$pI2*=3OE1#$]Z$IS)k>yX<uOe$q"My
#!encrypt#!39#!=q|ihshUzH_ 5umOHW)uC5kyAe$i(k."QPn*(/
#!encrypt#!38#!).T^a|'Be$>p\iS@O/B`{p=l\^#sGN-? Xh*2
#!encrypt#!38#!)YT^a|'BW^>p\ip@rg)`{p=l\^#sGN-? Xh*2
#!encrypt#!38#!)GT^a|'B?8>p\-8@rP?`{p=l\^#sGN-? Xh*2
#!encrypt#!38#!)dT^a|'B?8>p\-m@Ki<`{p=l\^#sGN-? Xh*2
#!encrypt#!37#!)ET^a|'B?8>p\*V~O/`],7gL0'1`%F*ou{h~
#!encrypt#!36#!)fT^a|'B0T>p29;JO[#Z?t6$?1kJKrR">{-
#!encrypt#!36#!)IT^a|'B0H>px9;5#[#Z?t6$?1kJKrR">{-
#!encrypt#!37#!);T^a|'B0H>p2*VPUP`],7gL0'1`%F*ou{h~
#!encrypt#!40#!ZV=!w{d]z^_ 5uF=rD?->?7#VVEts:Gaul-.("6
#!encrypt#!40#!ZV=ihsd]zT9I5uF=rD?->?7#VVEts:Gaul-.("6
#!encrypt#!39#!%p*ihsd]zTuI5um5HiDuC5kyAe$i(k."QPn*(/
#!encrypt#!39#!st|ihshUzH_ 5um=HNpuC5kyAe$i(k."QPn*(/
#!encrypt#!38#!{E:ihuhQ)1T[Ii`@_b|`{p=l\^#sGN-? Xh*2
#!encrypt#!38#!{ET^1uhQW1T[Ii`@_b|`{p=l\^#sGN-? Xh*2
#!encrypt#!38#!{f:ihuhQ)1C[Ii`@#b|`{p=l\^#sGN-? Xh*2
#!encrypt#!38#!{fT^1uhQW1T[Ii`@#PD`{p=l\^#sGN-? Xh*2
#!encrypt#!38#!{I:ihuhQ)1C[Ii$@Ub|`{p=l\^#sGN-? Xh*2
#!encrypt#!38#!{IT^1uhQ? T[Ii$@Ub|`{p=l\^#sGN-? Xh*2
#!encrypt#!38#!{;:ihuhQ)1T[Ii$@Kb|`{p=l\^#sGN-? Xh*2
#!encrypt#!38#!{;T^1uhQ? T[Ii$@Kb|`{p=l\^#sGN-? Xh*2
#!encrypt#!40#!wE:ihsd]z8u 5uF=rD|u>?7#VVSts:Gaul-.("6
#!encrypt#!38#!wET^1uhQS1C[Ii`@rgD`{p=lP^#sGN-? Xh*2
#!encrypt#!40#!wf:ihsd]zD# 5uF=rD|u>?7#VVSts:Gaul-.("6
#!encrypt#!38#!wfT^1uhQJyC[Ii`@rgD`{p=lP^#sGN-? Xh*2
#!encrypt#!40#!wI:ihsd]z u 5uF=rD|u??7#VVSts:Gaul-.("6
#!encrypt#!38#!wIT^1uhQ(1C[Ii`@rgD`{p=lP^#sGN-? Xh*2
#!encrypt#!40#!w;:ihsdWz1# 5uF=rD|u>?7#VVSts:Gaul-.("6
#!encrypt#!38#!w;T^1uKQ,yC[Ii`@rN|`{p=lP^#sGN-? Xh*2
#!encrypt#!42#!=q|ihshvzDHI5um>HNB-C5kyAe$f]<:0>Py]#=Mld
#!encrypt#!42#!%p*ihsh}z8PI5um=Hb?-C5kyAe$f]<:0>Py]#=Mld
#!encrypt#!41#!%.T^B0'<:T>p\i;@mWD`{p=l\^2rr&xb af$q"My
#!encrypt#!41#!%YT^B0'<: >p\i;@OP|`{p=l\^2rr&xb af$q"My
#!encrypt#!41#!%GT^B0'<: >p\i;@jgD`{p=l\^2rr&xb af$q"My
#!encrypt#!41#!%dT^B0'<: >p\im@Ub|`{p=l\^2rr&xb af$q"My
#!encrypt#!41#!%ET^B0'<: >p\im@KND`{p=l\^2rr&xb af$q"My
#!encrypt#!40#!%fT^B0'<:T>p\JV5Sb`],7gL0hDhpgPoqle.("6
#!encrypt#!39#!%IT^B0'<J >p7985A[#Z?t6$*&b7I1R0Q3n*(/
#!encrypt#!40#!%;T^B0'<: >p24VJ_N`],7gL0hDhpgPoqle.("6
#!encrypt#!42#!st|ihshvzDH 5uR0HcL-C5kyAe$f]<:0>Py]#=Mld
#!encrypt#!41#!wET^1CVQSyC[I&j@rcD`{p=l\^2rr&xb af$q"My
#!encrypt#!40#!wfT^1CVQSyC[I}V0KN`],7gL0hDhpgPoqle.("6
#!encrypt#!41#!wIT^1CVQSyC[I-j@KcD`{p=l\^2rr&xb af$q"My
#!encrypt#!41#!w;T^1CVQS8C[Ii~@rND`{p=l\^2rr&xb af$q"My
#!encrypt#!41#!{ET^1CVQSyT[IiR@SND`{p=l\^2rr&xb af$q"My
#!encrypt#!41#!{fT^1CVQSyT[IiR@mND`{p=l\^2rr&xb af$q"My
#!encrypt#!41#!{IT^1CVQSyT[IiR@OND`{p=l\^2rr&xb af$q"My
#!encrypt#!41#!{;T^1CVQS8T[IiR@jND`{p=l\^2rr&xb af$q"My
#!encrypt#!26#!\%]&4n)}OxT+x*~(`PDlc5<'x
#!encrypt#!29#!=q|ihshQSTC[I-VtON`],7gL0[0c
#!encrypt#!29#!st|ihshQSTC[IyV=KN`],7gL0[0c
#!encrypt#!27#!w%]-BkP]W,8 Z4p>8-<ua<7Y@p
#!encrypt#!27#!{%]-BkP<(,84Zi;>8-<ua<7Y@p
#!encrypt#!36#!=q|ihshQ?$T[IyV5Kb`],7gL0EOhDFczdle
#!encrypt#!36#!)HLihu'O?T>p\yVOOb`],7gL0EOhDFczdle
#!encrypt#!36#!st|ihshQ?TC[IiVOAN`],7gL0EOhDFczdle
#!encrypt#!36#!b869w{dQ?yC[I-V~Ub`],7gL0EOhDFczdle
#!encrypt#!35#!w%]-Bk]w(,8]`9;tA[#Z?t6$FkbnK8bzQ3
#!encrypt#!35#!{%]-Bk]]W,8]`9j5j[#Z?t6$FkbnK8bzQ3
#!encrypt#!31#!=q|ihs>QW1T[I{V~Ob`],7gL0|OyPy
#!encrypt#!31#!)869w{)Q)HC[IyV,#b`],7gL0|OyPy
#!encrypt#!31#!st|ihs>QW1T[I}V=SN`],7gL0|OyPy
#!encrypt#!29#!{%]-Qk>wW,8FZ{R58-<ua<7uGkuY
#!encrypt#!30#!ZV=ih|']J >ph9$~j[#Z?t-$&kO6_
#!encrypt#!30#!%p*ih|'<) >ph9$~j[#Z?t-$&kO6_
#!encrypt#!33#!b869w{8OzD# 5uF>HgpuC5kyA\$nzJ\<
#!encrypt#!31#!bb ihs>QJ8C[I}VOSb`],7gW0|OyPy
#!encrypt#!26#!\%]&4eJWOxT+7y~(`PDlc5[;z
#!encrypt#!29#!=q|ihsKQeHC[I-VO_b`],7gL0AtD
#!encrypt#!30#!st|ihsKQe$C[I&~@#W|`{p=l\^_Ld
#!encrypt#!27#!{%]-rkV<(,8 Z};58-<ua<7A=`
#!encrypt#!36#!=q|ihsPQ?^C[I{VOOb`],7gL0lDhrFczdle
#!encrypt#!35#!)HLihC'$JT>p/9$OA[#Z?t6$$&bhK8bzQ3
#!encrypt#!36#!st|ihsPQ?^C[I*VtSN`],7gL0lDhrFczdle
#!encrypt#!36#!b869w{hQ0 C[IyV5Ab`],7gL0lDhrFczdle
#!encrypt#!36#!bb ihsPQ0vC[I-V~jb`],7gL0lDhrFczdle
#!encrypt#!34#!w%]-Nk]v(,8FZ{j58-<ua<7)`%b27Yb?h
#!encrypt#!34#!{%]-Nk]w(,8FZ-R58-<ua<7)`%b27Yb?h
#!encrypt#!26#!\%]R4n>WOxs+/*~(`PDlc5cH_
#!encrypt#!29#!=q|ihshQS1C[IiVPON`],7gL0qXH
#!encrypt#!29#!st|ihshQS1C[I=V0Kb`],7gL0qXH
#!encrypt#!27#!w%]-BkP}(,84Z=S>8-<ua<7ig7
#!encrypt#!27#!{%]-BkPv(,84Zym>8-<ua<7ig7
#!encrypt#!27#!\%]&4|<}OxT+/{~(`PDlc5 Y@p
#!encrypt#!30#!=q|ihshQ( T[I-V=_N`],7gL0WB.}
#!encrypt#!31#!st|ihshQ( T[I&~@mW|`{p=l\^0;9t
#!encrypt#!28#!w%]-BkKvW,8 Z-`58-<ua<7'^Wa
#!encrypt#!28#!{%]-BkKv(,8 Z*m58-<ua<7'^Wa
#!encrypt#!31#!\%]R4m)WOxs+`{`(`PDlc5PNh',hG1
#!encrypt#!34#!=q|ihshQeHC[IiV=Kb`],7gL0lb:s7RK>
#!encrypt#!34#!%p*ihshQW C[I-V=rN`],7gL0lb:s7RK>
#!encrypt#!34#!st|ihshQeHC[IyV>#b`],7gL0lb:s7RK>
#!encrypt#!32#!{%]-BkVvW,8 Z4`58-<ua<7):A#BrkP
#!encrypt#!47#!)XJkVZo\U 86\yV>rbN]?Y=lVs$$,%Kr?QMIB(_b}>dO2y
#!encrypt#!45#!tXY${K?f:xD Z-m54-D\?t=<0c/lt4 -LB&xqhsLh#s 
#!encrypt#!46#!)XJkVZo\U 86\yV>rbN]?Yk-Vs$$,%Kr>QMIB(_b}>dOa
#!encrypt#!44#!tXY${K?f:xD Z-m54-D\,k=<0c/lt4P-LB&xqhsLh#u
#!encrypt#!46#!)XJkVZo\U 86\yV>rbN]?Yk-Vs$$,%Kr?QMIB(_b}>dOx
#!encrypt#!44#!tXY${K?f:xD Z-m54-D\,k=<0c/lt4 -LB&xqhsLh#_
#!encrypt#!46#!)XJkVZo\U 86\yV>rbN]?YhLVs$$,%Kr>QMIB(_b}>dOF
#!encrypt#!44#!tXY${K?f:xD Z-m54-D\p<=<0c/lt4P-LB&xqhsLh#H
#!encrypt#!102#!
Ffw$d%7Zc8Brh1GI-X/_TfV0YdV
Um#-T_Zn;^^D!LZY3<L&!d:LC&{ct:REUm#-T_Zn;^^D!LZY3<L&!d:LC&{ct:REUm#-T_Zn
#!encrypt#!107#!
Ffw$d%7Zc8q-v!r|"$QjQQH_:Ku94}(,
_Zn;^^D!LZY3<L&!d:LC&{ct:REUm#-T_Zn;^^D!LZY3<L&!d:LC&{ct:REUm#-T_Zn;^^D!
#!encrypt#!97#!
Ffw$d%7Zc8KLwKa[ $]<Yo
ct:REUm#-T_Zn;^^D!LZY3<L&!d:LC&{ct:REUm#-T_Zn;^^D!LZY3<L&!d:LC&{ct:REUm#
#!encrypt#!112#!
Ffw$d%7Zc8Kp|Ul9-$e[;7O%H+h>5OkQ3T}4k
^D!LZY3<L&!d:LC&{ct:REUm#-T_Zn;^^D!LZY3<L&!d:LC&{ct:REUm#-T_Zn;^^D!LZY3<
#!encrypt#!115#!
Ffw$d%7Zc8Kp|Ul9-$e[;7ns_#K(&Xr+OW]#V'Qz
LZY3<L&!d:LC&{ct:REUm#-T_Zn;^^D!LZY3<L&!d:LC&{ct:REUm#-T_Zn;^^D!LZY3<L&!
#!encrypt#!40#!
M4gOZ%_]Yen}oPa99h8{s/R0xkL"r.qqkyfx5x
#!encrypt#!77#!'+^-1s8A6F~]\&FY(4Xp6lxGf-Ggk@%>'+^-1s8A6F~]\&FY(4Xp6lxGf-Ggk@%>'+^-1s8A6F~]
#!encrypt#!9#!N%Ti.x !2#!encrypt#!1#!N#!encrypt#!1#!N#!encrypt#!1#!N#!encrypt#!1#!N#!encrypt#!1#!N#!encrypt#!1#!N#!encrypt#!1#!N#!encrypt#!1#!N#!encrypt#!1#!N#!encrypt#!1#!N#!encrypt#!1#!N#!encrypt#!1#!N#!encrypt#!18#!N%Tig<%ggx8pI$1eI(#!encrypt#!78#!
+^-1s8A6F~]\&FY(4Xp6lxGf-Ggk@%>'+^-1s8A6F~]\&FY(4Xp6lxGf-Ggk@%>'+^-1s8A6F~]\
#!encrypt#!16#!FlEp2C_[Z.YO9Re*#!encrypt#!1#!N#!encrypt#!1#!N#!encrypt#!1#!N#!encrypt#!1#!N#!encrypt#!1#!N#!encrypt#!17#!N%&&Qe%ggx8pIi;~
#!encrypt#!16#!FlEp2u_[Z.YO9Re*#!encrypt#!1#!N#!encrypt#!1#!N#!encrypt#!1#!N#!encrypt#!1#!N#!encrypt#!1#!N#!encrypt#!17#!N%&&Qm%ggx8pIum0
#!encrypt#!77#!'+^-1s8A6F~]\&FY(4Xp6lxGf-Ggk@%>'+^-1s8A6F~]\&FY(4Xp6lxGf-Ggk@%>'+^-1s8A6F~]
#!encrypt#!41#!
M4gOZ%_]Yen}oPa99h8{s/R0gRTgi+r'M.bGBU?
#!encrypt#!77#!'+^-1s8A6F~]\&FY(4Xp6lxGf-Ggk@%>'+^-1s8A6F~]\&FY(4Xp6lxGf-Ggk@%>'+^-1s8A6F~]
#!encrypt#!9#!N%Ti.x !2#!encrypt#!1#!N#!encrypt#!1#!N#!encrypt#!1#!N#!encrypt#!1#!N#!encrypt#!1#!N#!encrypt#!1#!N#!encrypt#!1#!N#!encrypt#!1#!N#!encrypt#!1#!N#!encrypt#!1#!N#!encrypt#!1#!N#!encrypt#!1#!N#!encrypt#!18#!N%Tig<%ggx8pI$1eI(#!encrypt#!78#!
+^-1s8A6F~]\&FY(4Xp6lxGf-Ggk@%>'+^-1s8A6F~]\&FY(4Xp6lxGf-Ggk@%>'+^-1s8A6F~]\
#!encrypt#!77#!'+^-1s8A6F~]\&FY(4Xp6lxGf-Ggk@%>'+^-1s8A6F~]\&FY(4Xp6lxGf-Ggk@%>'+^-1s8A6F~]
#!encrypt#!46#!
M4gOZ%_]Yen}oPa99h8{s/R0L "7u""~(79qR/VXEgQt
#!encrypt#!77#!'+^-1s8A6F~]\&FY(4Xp6lxGf-Ggk@%>'+^-1s8A6F~]\&FY(4Xp6lxGf-Ggk@%>'+^-1s8A6F~]
#!encrypt#!9#!N%Ti.x !2#!encrypt#!1#!N#!encrypt#!1#!N#!encrypt#!1#!N#!encrypt#!1#!N#!encrypt#!1#!N#!encrypt#!1#!N#!encrypt#!1#!N#!encrypt#!1#!N#!encrypt#!1#!N#!encrypt#!1#!N#!encrypt#!1#!N#!encrypt#!1#!N#!encrypt#!18#!N%Tig<%ggx8pI$1eI(#!encrypt#!78#!
+^-1s8A6F~]\&FY(4Xp6lxGf-Ggk@%>'+^-1s8A6F~]\&FY(4Xp6lxGf-Ggk@%>'+^-1s8A6F~]\
#!encrypt#!77#!'+^-1s8A6F~]\&FY(4Xp6lxGf-Ggk@%>'+^-1s8A6F~]\&FY(4Xp6lxGf-Ggk@%>'+^-1s8A6F~]
#!encrypt#!36#!
M4gOZ%_]Yen}oPa99h8{s/R0p,fKCni~gP
#!encrypt#!77#!'+^-1s8A6F~]\&FY(4Xp6lxGf-Ggk@%>'+^-1s8A6F~]\&FY(4Xp6lxGf-Ggk@%>'+^-1s8A6F~]
#!encrypt#!9#!N%Ti.x !2#!encrypt#!1#!N#!encrypt#!1#!N#!encrypt#!1#!N#!encrypt#!1#!N#!encrypt#!1#!N#!encrypt#!1#!N#!encrypt#!1#!N#!encrypt#!1#!N#!encrypt#!1#!N#!encrypt#!1#!N#!encrypt#!1#!N#!encrypt#!1#!N#!encrypt#!18#!N%Tig<%ggx8pI$1eI(#!encrypt#!78#!
+^-1s8A6F~]\&FY(4Xp6lxGf-Ggk@%>'+^-1s8A6F~]\&FY(4Xp6lxGf-Ggk@%>'+^-1s8A6F~]\
#!encrypt#!77#!'+^-1s8A6F~]\&FY(4Xp6lxGf-Ggk@%>'+^-1s8A6F~]\&FY(4Xp6lxGf-Ggk@%>'+^-1s8A6F~]
#!encrypt#!183#!
`VA^tq`vPXk%er;*f-k0XE^u>I44*yW"`VA^tq`vPXk%er;*f-k0XE^u>I44*yW"`VA^tq`v
"|pY'/0.q]tVHRG1T!INOoNq4f{>no%xp+Z
r;*f-k0XE^u>I44*yW"`VA^tq`vPXk%er;*f-k0XE^u>I44*yW"`VA^tq`vPXk%er;*f-k0X
#!encrypt#!113#!
xM#T~+Cm/Gh>uW&9^8v^O[XG%$cz&OwoBfi4k'
D!LZY3<L&!d:LC&{ct:REUm#-T_Zn;^^D!LZY3<L&!d:LC&{ct:REUm#-T_Zn;^^D!LZY3<L
#!encrypt#!1#!
#!encrypt#!75#!N%TiB0%0]w=luc# N-z!K;I;5RwtGMgfpXLRqhsLh#spE[xFquh4Dw[esP#ir4O@Q%e]&\D\xU
#!encrypt#!70#!N%TiLVBCy_G({5%j`Xc8N}2X2J$`D4Soq{D~`"%#_xF.K5U.\XmvrJGN0k1K>:*-LkfP4
#!encrypt#!23#!
%Tiw1AR.xqJT5xSn*Y"Kd
#!encrypt#!1#!
#!encrypt#!75#!~aH]8Vol]!T+`yw>HED]{oHx:t/V,[1c,.oiwp(%ZcbuIi;@Oc_+#Ysl~wmV<%gr>l40nu)Q)$
#!encrypt#!1#!
#!encrypt#!34#!
%TDGR/+F>JzruWM[J:5Ix` <^H$Wb}(

#!encrypt#!75#!~aH]8Vol]!T+`yw>HED]{oHx:t/V,[1c,.oiwp(%ZcbuIi;@Oc_+#Ysl~wmV<%gr>l40nu)Q)$
#!encrypt#!1#!
#!encrypt#!33#!N%kqz!499E]qI?i2do@bt/f%00lI=b}

#!encrypt#!75#!~aH]8Vol]!T+`yw>HED]{oHx:t/V,[1c,.oiwp(%ZcbuIi;@Oc_+#Ysl~wmV<%gr>l40nu)Q)$
#!encrypt#!1#!
#!encrypt#!15#!
xf~2VtClY)|J]
#!encrypt#!77#!'+^-1s8A6F~]\&FY(4Xp6lxGf-Ggk@%>'+^-1s8A6F~]\&FY(4Xp6lxGf-Ggk@%>'+^-1s8A6F~]
#!encrypt#!8#!N%Ti6oSH#!encrypt#!1#!N#!encrypt#!1#!N#!encrypt#!1#!N#!encrypt#!1#!N#!encrypt#!1#!N#!encrypt#!1#!N#!encrypt#!1#!N#!encrypt#!1#!N#!encrypt#!1#!N#!encrypt#!1#!N#!encrypt#!1#!N#!encrypt#!60#!N%TigJtYF>qqIux3p)onsQl+0^$t>4/9w(>mwV%ggx8p|k1b`-#]{57$$7RB#!encrypt#!78#!
+^-1s8A6F~]\&FY(4Xp6lxGf-Ggk@%>'+^-1s8A6F~]\&FY(4Xp6lxGf-Ggk@%>'+^-1s8A6F~]\
#!encrypt#!12#!efn8B=939aM4#!encrypt#!1#!N#!encrypt#!1#!N#!encrypt#!1#!N#!encrypt#!1#!N#!encrypt#!1#!N#!encrypt#!1#!N#!encrypt#!1#!N#!encrypt#!61#!N%TiwV%ggx8 Iux3`-#]{57~0^$t>4grN%T&wV%ggx8pI}8P`-#]{57L6c<b
#!encrypt#!12#!efn8B=939aMv#!encrypt#!1#!N#!encrypt#!1#!N#!encrypt#!1#!N#!encrypt#!1#!N#!encrypt#!1#!N#!encrypt#!1#!N#!encrypt#!1#!N#!encrypt#!61#!N%TiwV%ggx8 Iux3`-#]{57l0^$t>4grN%T&wV%ggx8pIuRO`-#]{57$\Vc#
#!encrypt#!12#!efn8B=939aMF#!encrypt#!1#!N#!encrypt#!1#!N#!encrypt#!1#!N#!encrypt#!1#!N#!encrypt#!1#!N#!encrypt#!1#!N#!encrypt#!1#!N#!encrypt#!61#!N%TiwV%ggx8 Iux3`-#]{57L0^$t>4grN%T&wV%ggx8pIu`~`-#]{57-Ve/b
#!encrypt#!12#!eIn!z=939aMi#!encrypt#!1#!N#!encrypt#!1#!N#!encrypt#!1#!N#!encrypt#!1#!N#!encrypt#!1#!N#!encrypt#!1#!N#!encrypt#!1#!N#!encrypt#!61#!N%TiwV%ggx8 Iux3`-#]{57~0^$t>4grN%T&wV%ggx8pIu;P`-#]{57#I<.*
#!encrypt#!15#!eInz\oSHU%*/:``#!encrypt#!1#!N#!encrypt#!1#!N#!encrypt#!1#!N#!encrypt#!1#!N#!encrypt#!61#!N%TiwV%ggx8 Iux3`-#]{57U0^$t>4grN%T&wV%ggx8pIux,`-#]{57$;e)*
#!encrypt#!14#!eIn!=UNf KgBG}#!encrypt#!1#!N#!encrypt#!1#!N#!encrypt#!1#!N#!encrypt#!1#!N#!encrypt#!1#!N#!encrypt#!61#!N%TiwV%ggx8 Iux3`-#]{5770^$t>4grN%T&wV%ggx8pIux0`-#]{57$6Sc#
#!encrypt#!13#!>QMIB(_b}>dOF#!encrypt#!1#!N#!encrypt#!1#!N#!encrypt#!1#!N#!encrypt#!1#!N#!encrypt#!1#!N#!encrypt#!1#!N#!encrypt#!61#!N%TiwV%ggx8 Iux3`-#]{5h#0^$t>4grN%TnwV%ggx8pIuRO`-#]{57$\Vc#
#!encrypt#!13#!?QMIB(_b}>dOx#!encrypt#!1#!N#!encrypt#!1#!N#!encrypt#!1#!N#!encrypt#!1#!N#!encrypt#!1#!N#!encrypt#!1#!N#!encrypt#!61#!N%TiwV%ggx8 Iux3`-#]{5kl0^$t>4grN%TnwV%ggx8pIuR,`-#]{57$A<E*
#!encrypt#!13#!>QMIB(_b}>dOa#!encrypt#!1#!N#!encrypt#!1#!N#!encrypt#!1#!N#!encrypt#!1#!N#!encrypt#!1#!N#!encrypt#!1#!N#!encrypt#!61#!N%TiwV%ggx8 Iux3`-#]{5k70^$t>4grN%TnwV%ggx8pIuRJ`-#]{57$\em#
#!encrypt#!14#!?QMIB(_b}>dO2y#!encrypt#!1#!N#!encrypt#!1#!N#!encrypt#!1#!N#!encrypt#!1#!N#!encrypt#!1#!N#!encrypt#!61#!N%TiwV%ggx8 Iux3`-#]{5kL0^$t>4grN%TnwV%ggx8pIuxt`-#]{57$;c)b
#!encrypt#!8#!SPy*5/Gl#!encrypt#!1#!N#!encrypt#!1#!N#!encrypt#!1#!N#!encrypt#!1#!N#!encrypt#!1#!N#!encrypt#!1#!N#!encrypt#!1#!N#!encrypt#!1#!N#!encrypt#!1#!N#!encrypt#!1#!N#!encrypt#!1#!N#!encrypt#!61#!N%TiwV%ggx#%Iux3`-#]{56W0^$t>4grN%T?wV%ggx8pIum,`-#]{57$0\l{
#!encrypt#!4#!6$ L#!encrypt#!1#!N#!encrypt#!1#!N#!encrypt#!1#!N#!encrypt#!1#!N#!encrypt#!1#!N#!encrypt#!1#!N#!encrypt#!1#!N#!encrypt#!1#!N#!encrypt#!1#!N#!encrypt#!1#!N#!encrypt#!1#!N#!encrypt#!1#!N#!encrypt#!1#!N#!encrypt#!1#!N#!encrypt#!1#!N#!encrypt#!61#!N%TiwV%ggxsaIux3`-#]{5kM0^$t>4grN%T?wV%ggx8pIuR>`-#]{57$ISEb
#!encrypt#!3#!G8k#!encrypt#!1#!N#!encrypt#!1#!N#!encrypt#!1#!N#!encrypt#!1#!N#!encrypt#!1#!N#!encrypt#!1#!N#!encrypt#!1#!N#!encrypt#!1#!N#!encrypt#!1#!N#!encrypt#!1#!N#!encrypt#!1#!N#!encrypt#!1#!N#!encrypt#!1#!N#!encrypt#!1#!N#!encrypt#!1#!N#!encrypt#!1#!N#!encrypt#!61#!N%TiwV%ggx9 Iux3`-#]{5gL0^$t>4grN%T?wV%ggx8pIux=`-#]{57$0\E*
#!encrypt#!10#!SK-~qxB0%c#!encrypt#!1#!N#!encrypt#!1#!N#!encrypt#!1#!N#!encrypt#!1#!N#!encrypt#!1#!N#!encrypt#!1#!N#!encrypt#!1#!N#!encrypt#!1#!N#!encrypt#!1#!N#!encrypt#!61#!N%TiwV%ggx54Iux3`-#]{56#0^$t>4grN%T%wV%ggx8pIuR>`-#]{57$0wc#
#!encrypt#!3#!qog#!encrypt#!1#!N#!encrypt#!1#!N#!encrypt#!1#!N#!encrypt#!1#!N#!encrypt#!1#!N#!encrypt#!1#!N#!encrypt#!1#!N#!encrypt#!1#!N#!encrypt#!1#!N#!encrypt#!1#!N#!encrypt#!1#!N#!encrypt#!1#!N#!encrypt#!1#!N#!encrypt#!1#!N#!encrypt#!1#!N#!encrypt#!1#!N#!encrypt#!61#!N%TiwV%ggxsvIux3`-#]{5k#0^$t>4grN%T7wV%ggx8pIuxJ`-#]{57$0cl{
#!encrypt#!5#!yO4XT#!encrypt#!1#!N#!encrypt#!1#!N#!encrypt#!1#!N#!encrypt#!1#!N#!encrypt#!1#!N#!encrypt#!1#!N#!encrypt#!1#!N#!encrypt#!1#!N#!encrypt#!1#!N#!encrypt#!1#!N#!encrypt#!1#!N#!encrypt#!1#!N#!encrypt#!1#!N#!encrypt#!1#!N#!encrypt#!61#!N%TiwV%ggx5FIux3`-#]{56U0^$t>4grN%TcwV%ggx8pIux0`-#]{57$0cl{
#!encrypt#!10#!5O-+qxB0%c#!encrypt#!1#!N#!encrypt#!1#!N#!encrypt#!1#!N#!encrypt#!1#!N#!encrypt#!1#!N#!encrypt#!1#!N#!encrypt#!1#!N#!encrypt#!1#!N#!encrypt#!1#!N#!encrypt#!61#!N%TiwV%ggxHaIux3`-#]{5sy0^$t>4grN%TjwV%ggx8pIuxO`-#]{57$0^)*
#!encrypt#!3#!{t|#!encrypt#!1#!N#!encrypt#!1#!N#!encrypt#!1#!N#!encrypt#!1#!N#!encrypt#!1#!N#!encrypt#!1#!N#!encrypt#!1#!N#!encrypt#!1#!N#!encrypt#!1#!N#!encrypt#!1#!N#!encrypt#!1#!N#!encrypt#!1#!N#!encrypt#!1#!N#!encrypt#!1#!N#!encrypt#!1#!N#!encrypt#!1#!N#!encrypt#!61#!N%TiwV%ggx5aIux3`-#]{5hL0^$t>4grN%T?wV%ggx8pIuR>`-#]{57$0c)b
#!encrypt#!14#!eK-fK"6#%cM^6##!encrypt#!1#!N#!encrypt#!1#!N#!encrypt#!1#!N#!encrypt#!1#!N#!encrypt#!1#!N#!encrypt#!61#!N%TiwV%ggyPiIux3`-#]{]hy0^$t>4grN%&uwV%ggx8pIuxJ`-#]{57$0^<l
#!encrypt#!11#!>3M;q^6fyw=#!encrypt#!1#!N#!encrypt#!1#!N#!encrypt#!1#!N#!encrypt#!1#!N#!encrypt#!1#!N#!encrypt#!1#!N#!encrypt#!1#!N#!encrypt#!1#!N#!encrypt#!61#!N%TiwV%ggDTiIux3`-#]{k6l0^$t>4grN%tuwV%ggx8pIux=`-#]{57$0^<l
#!encrypt#!9#!e$GSz=_9:#!encrypt#!1#!N#!encrypt#!1#!N#!encrypt#!1#!N#!encrypt#!1#!N#!encrypt#!1#!N#!encrypt#!1#!N#!encrypt#!1#!N#!encrypt#!1#!N#!encrypt#!1#!N#!encrypt#!1#!N#!encrypt#!61#!N%TiwV%ggx8vIux3`-#]{57y0^$t>4grN%T&wV%ggx8pIux0`-#]{57$0^${
#!encrypt#!11#!C^J.{Z+fyw=#!encrypt#!1#!N#!encrypt#!1#!N#!encrypt#!1#!N#!encrypt#!1#!N#!encrypt#!1#!N#!encrypt#!1#!N#!encrypt#!1#!N#!encrypt#!1#!N#!encrypt#!61#!N%TiwV%ggxsiIux3`-#]{57~0^$t>4grNII7wV%ggx8pIuxJ`-#]{57$0^$$
#!encrypt#!77#!'+^-1s8A6F~]\&FY(4Xp6lxGf-Ggk@%>'+^-1s8A6F~]\&FY(4Xp6lxGf-Ggk@%>'+^-1s8A6F~]
#!encrypt#!65#!~8=G.V9!\-8ZIimB`-fc'Q<'BL$R> KCg%TMGRR!Y'\pYuR=jbk]{\<5#G$R>RzQ
#!encrypt#!16#!
M4gOZ%_]Yen}o2
#!encrypt#!77#!'+^-1s8A6F~]\&FY(4Xp6lxGf-Ggk@%>'+^-1s8A6F~]\&FY(4Xp6lxGf-Ggk@%>'+^-1s8A6F~]
#!encrypt#!9#!N%Ti.x !2#!encrypt#!1#!N#!encrypt#!1#!N#!encrypt#!1#!N#!encrypt#!1#!N#!encrypt#!1#!N#!encrypt#!1#!N#!encrypt#!1#!N#!encrypt#!1#!N#!encrypt#!1#!N#!encrypt#!1#!N#!encrypt#!1#!N#!encrypt#!1#!N#!encrypt#!46#!N%Tig<%ggx8pI?gr`-#]{5}DB^$t>4grN-:zwV%ggx8\QL#!encrypt#!78#!
+^-1s8A6F~]\&FY(4Xp6lxGf-Ggk@%>'+^-1s8A6F~]\&FY(4Xp6lxGf-Ggk@%>'+^-1s8A6F~]\
#!encrypt#!6#!wW=PV}#!encrypt#!1#!N#!encrypt#!1#!N#!encrypt#!1#!N#!encrypt#!1#!N#!encrypt#!1#!N#!encrypt#!1#!N#!encrypt#!1#!N#!encrypt#!1#!N#!encrypt#!1#!N#!encrypt#!1#!N#!encrypt#!1#!N#!encrypt#!1#!N#!encrypt#!1#!N#!encrypt#!1#!N#!encrypt#!1#!N#!encrypt#!46#!N%&&r|%ggx8pIux>`-#]{57$0S$t>4grN%T&wV%ggx8pIy#!encrypt#!1#!
#!encrypt#!7#!w<mP(PB#!encrypt#!1#!N#!encrypt#!1#!N#!encrypt#!1#!N#!encrypt#!1#!N#!encrypt#!1#!N#!encrypt#!1#!N#!encrypt#!1#!N#!encrypt#!1#!N#!encrypt#!1#!N#!encrypt#!1#!N#!encrypt#!1#!N#!encrypt#!1#!N#!encrypt#!1#!N#!encrypt#!1#!N#!encrypt#!46#!N%&&rC%ggx8pIux>`-#]{57$0S$t>4grN%T&wV%ggx8pIy#!encrypt#!1#!
#!encrypt#!7#!bOhO<c|#!encrypt#!1#!N#!encrypt#!1#!N#!encrypt#!1#!N#!encrypt#!1#!N#!encrypt#!1#!N#!encrypt#!1#!N#!encrypt#!1#!N#!encrypt#!1#!N#!encrypt#!1#!N#!encrypt#!1#!N#!encrypt#!1#!N#!encrypt#!1#!N#!encrypt#!1#!N#!encrypt#!1#!N#!encrypt#!46#!N%&&ru%ggx8pIux>`-#]{57$0S$t>4grN%T&wV%ggx8pIy#!encrypt#!1#!
#!encrypt#!8#!bOh8O~ny#!encrypt#!1#!N#!encrypt#!1#!N#!encrypt#!1#!N#!encrypt#!1#!N#!encrypt#!1#!N#!encrypt#!1#!N#!encrypt#!1#!N#!encrypt#!1#!N#!encrypt#!1#!N#!encrypt#!1#!N#!encrypt#!1#!N#!encrypt#!1#!N#!encrypt#!1#!N#!encrypt#!46#!N%&&r0%ggx8pIux>`-#]{57$0S$t>4grN%T&wV%ggx8pIy#!encrypt#!1#!
#!encrypt#!6#!bOhPV}#!encrypt#!1#!N#!encrypt#!1#!N#!encrypt#!1#!N#!encrypt#!1#!N#!encrypt#!1#!N#!encrypt#!1#!N#!encrypt#!1#!N#!encrypt#!1#!N#!encrypt#!1#!N#!encrypt#!1#!N#!encrypt#!1#!N#!encrypt#!1#!N#!encrypt#!1#!N#!encrypt#!1#!N#!encrypt#!1#!N#!encrypt#!46#!N%&&re%ggx8pIux>`-#]{57$0S$t>4grN%T&wV%ggx8pIy#!encrypt#!1#!
#!encrypt#!4#!b<mf#!encrypt#!1#!N#!encrypt#!1#!N#!encrypt#!1#!N#!encrypt#!1#!N#!encrypt#!1#!N#!encrypt#!1#!N#!encrypt#!1#!N#!encrypt#!1#!N#!encrypt#!1#!N#!encrypt#!1#!N#!encrypt#!1#!N#!encrypt#!1#!N#!encrypt#!1#!N#!encrypt#!1#!N#!encrypt#!1#!N#!encrypt#!1#!N#!encrypt#!1#!N#!encrypt#!46#!N%&&rm%ggx8pIum~`-#]{57$0S$t>4k`0EtcwV%ggx8pIy#!encrypt#!1#!
#!encrypt#!8#!tbwPV}|e#!encrypt#!1#!N#!encrypt#!1#!N#!encrypt#!1#!N#!encrypt#!1#!N#!encrypt#!1#!N#!encrypt#!1#!N#!encrypt#!1#!N#!encrypt#!1#!N#!encrypt#!1#!N#!encrypt#!1#!N#!encrypt#!1#!N#!encrypt#!1#!N#!encrypt#!1#!N#!encrypt#!46#!N%&&rn%ggx8pIux>`-#]{57$0S$t>4grN%T&wV%ggx8pIy#!encrypt#!1#!
#!encrypt#!9#!2t|n<c|%k#!encrypt#!1#!N#!encrypt#!1#!N#!encrypt#!1#!N#!encrypt#!1#!N#!encrypt#!1#!N#!encrypt#!1#!N#!encrypt#!1#!N#!encrypt#!1#!N#!encrypt#!1#!N#!encrypt#!1#!N#!encrypt#!1#!N#!encrypt#!1#!N#!encrypt#!46#!N%&&r`%ggx8pIux>`-#]{57$0S$t>4grN%T&wV%ggx8pIy#!encrypt#!1#!
#!encrypt#!8#!2t|PV}|e#!encrypt#!1#!N#!encrypt#!1#!N#!encrypt#!1#!N#!encrypt#!1#!N#!encrypt#!1#!N#!encrypt#!1#!N#!encrypt#!1#!N#!encrypt#!1#!N#!encrypt#!1#!N#!encrypt#!1#!N#!encrypt#!1#!N#!encrypt#!1#!N#!encrypt#!1#!N#!encrypt#!46#!N%&&rX%ggx8pIux>`-#]{57$0S$t>4grN%T&wV%ggx8pIy#!encrypt#!1#!
#!encrypt#!8#!eIk]TgC%#!encrypt#!1#!N#!encrypt#!1#!N#!encrypt#!1#!N#!encrypt#!1#!N#!encrypt#!1#!N#!encrypt#!1#!N#!encrypt#!1#!N#!encrypt#!1#!N#!encrypt#!1#!N#!encrypt#!1#!N#!encrypt#!1#!N#!encrypt#!1#!N#!encrypt#!1#!N#!encrypt#!46#!N%&&rI%ggx8pIux>`-#]{57$0S$t>4grN%T&wV%ggx8pIy#!encrypt#!1#!
#!encrypt#!8#!efk]TgC%#!encrypt#!1#!N#!encrypt#!1#!N#!encrypt#!1#!N#!encrypt#!1#!N#!encrypt#!1#!N#!encrypt#!1#!N#!encrypt#!1#!N#!encrypt#!1#!N#!encrypt#!1#!N#!encrypt#!1#!N#!encrypt#!1#!N#!encrypt#!1#!N#!encrypt#!1#!N#!encrypt#!46#!N%&&B|%ggx8pIux>`-#]{57$0S$t>4grN%T&wV%ggx8pIy#!encrypt#!1#!
#!encrypt#!8#!eEk]TgC%#!encrypt#!1#!N#!encrypt#!1#!N#!encrypt#!1#!N#!encrypt#!1#!N#!encrypt#!1#!N#!encrypt#!1#!N#!encrypt#!1#!N#!encrypt#!1#!N#!encrypt#!1#!N#!encrypt#!1#!N#!encrypt#!1#!N#!encrypt#!1#!N#!encrypt#!1#!N#!encrypt#!46#!N%&&BC%ggx8pIux>`-#]{57$0S$t>4grN%T&wV%ggx8pIy#!encrypt#!1#!
#!encrypt#!8#!edk]TgC%#!encrypt#!1#!N#!encrypt#!1#!N#!encrypt#!1#!N#!encrypt#!1#!N#!encrypt#!1#!N#!encrypt#!1#!N#!encrypt#!1#!N#!encrypt#!1#!N#!encrypt#!1#!N#!encrypt#!1#!N#!encrypt#!1#!N#!encrypt#!1#!N#!encrypt#!1#!N#!encrypt#!46#!N%&&Bu%ggx8pIux>`-#]{57$0S$t>4grN%T&wV%ggx8pIy#!encrypt#!1#!
#!encrypt#!8#!eGk]TgC%#!encrypt#!1#!N#!encrypt#!1#!N#!encrypt#!1#!N#!encrypt#!1#!N#!encrypt#!1#!N#!encrypt#!1#!N#!encrypt#!1#!N#!encrypt#!1#!N#!encrypt#!1#!N#!encrypt#!1#!N#!encrypt#!1#!N#!encrypt#!1#!N#!encrypt#!1#!N#!encrypt#!46#!N%&&B0%ggx8pIux>`-#]{57$0S$t>4grN%T&wV%ggx8pIy#!encrypt#!1#!
#!encrypt#!8#!eYk]TgC%#!encrypt#!1#!N#!encrypt#!1#!N#!encrypt#!1#!N#!encrypt#!1#!N#!encrypt#!1#!N#!encrypt#!1#!N#!encrypt#!1#!N#!encrypt#!1#!N#!encrypt#!1#!N#!encrypt#!1#!N#!encrypt#!1#!N#!encrypt#!1#!N#!encrypt#!1#!N#!encrypt#!46#!N%&&Be%ggx8pIux>`-#]{57$0S$t>4grN%T&wV%ggx8pIy#!encrypt#!1#!
#!encrypt#!8#!e.k]TgC%#!encrypt#!1#!N#!encrypt#!1#!N#!encrypt#!1#!N#!encrypt#!1#!N#!encrypt#!1#!N#!encrypt#!1#!N#!encrypt#!1#!N#!encrypt#!1#!N#!encrypt#!1#!N#!encrypt#!1#!N#!encrypt#!1#!N#!encrypt#!1#!N#!encrypt#!1#!N#!encrypt#!46#!N%&&Bm%ggx8pIux>`-#]{57$0S$t>4grN%T&wV%ggx8pIy#!encrypt#!1#!
#!encrypt#!8#!ewk]TgC%#!encrypt#!1#!N#!encrypt#!1#!N#!encrypt#!1#!N#!encrypt#!1#!N#!encrypt#!1#!N#!encrypt#!1#!N#!encrypt#!1#!N#!encrypt#!1#!N#!encrypt#!1#!N#!encrypt#!1#!N#!encrypt#!1#!N#!encrypt#!1#!N#!encrypt#!1#!N#!encrypt#!46#!N%&&Bn%ggx8pIux>`-#]{57$0S$t>4grN%T&wV%ggx8pIy#!encrypt#!1#!
#!encrypt#!8#!e[k]TgC%#!encrypt#!1#!N#!encrypt#!1#!N#!encrypt#!1#!N#!encrypt#!1#!N#!encrypt#!1#!N#!encrypt#!1#!N#!encrypt#!1#!N#!encrypt#!1#!N#!encrypt#!1#!N#!encrypt#!1#!N#!encrypt#!1#!N#!encrypt#!1#!N#!encrypt#!1#!N#!encrypt#!46#!N%&&B`%ggx8pIux>`-#]{57$0S$t>4grN%T&wV%ggx8pIy#!encrypt#!1#!
#!encrypt#!9#!eIKDOdBCl#!encrypt#!1#!N#!encrypt#!1#!N#!encrypt#!1#!N#!encrypt#!1#!N#!encrypt#!1#!N#!encrypt#!1#!N#!encrypt#!1#!N#!encrypt#!1#!N#!encrypt#!1#!N#!encrypt#!1#!N#!encrypt#!1#!N#!encrypt#!1#!N#!encrypt#!46#!N%&&BX%ggx8pIux>`-#]{57$0S$t>4grN%T&wV%ggx8pIy#!encrypt#!1#!
#!encrypt#!9#!eI&DOdBCl#!encrypt#!1#!N#!encrypt#!1#!N#!encrypt#!1#!N#!encrypt#!1#!N#!encrypt#!1#!N#!encrypt#!1#!N#!encrypt#!1#!N#!encrypt#!1#!N#!encrypt#!1#!N#!encrypt#!1#!N#!encrypt#!1#!N#!encrypt#!1#!N#!encrypt#!46#!N%&&BI%ggx8pIux>`-#]{57$0S$t>4grN%T&wV%ggx8pIy#!encrypt#!1#!
#!encrypt#!6#!elEp2C#!encrypt#!1#!N#!encrypt#!1#!N#!encrypt#!1#!N#!encrypt#!1#!N#!encrypt#!1#!N#!encrypt#!1#!N#!encrypt#!1#!N#!encrypt#!1#!N#!encrypt#!1#!N#!encrypt#!1#!N#!encrypt#!1#!N#!encrypt#!1#!N#!encrypt#!1#!N#!encrypt#!1#!N#!encrypt#!1#!N#!encrypt#!46#!N%&&a|%ggx8pI*j=`-#]{57$0S$t>4k4$YKjwV%ggx8pIy#!encrypt#!1#!
#!encrypt#!6#!elEp2u#!encrypt#!1#!N#!encrypt#!1#!N#!encrypt#!1#!N#!encrypt#!1#!N#!encrypt#!1#!N#!encrypt#!1#!N#!encrypt#!1#!N#!encrypt#!1#!N#!encrypt#!1#!N#!encrypt#!1#!N#!encrypt#!1#!N#!encrypt#!1#!N#!encrypt#!1#!N#!encrypt#!1#!N#!encrypt#!1#!N#!encrypt#!46#!N%&&aC%ggx8pI{`5`-#]{57$0S$t>4kcxf&%wV%ggx8pIy#!encrypt#!1#!
#!encrypt#!6#!elEp20#!encrypt#!1#!N#!encrypt#!1#!N#!encrypt#!1#!N#!encrypt#!1#!N#!encrypt#!1#!N#!encrypt#!1#!N#!encrypt#!1#!N#!encrypt#!1#!N#!encrypt#!1#!N#!encrypt#!1#!N#!encrypt#!1#!N#!encrypt#!1#!N#!encrypt#!1#!N#!encrypt#!1#!N#!encrypt#!1#!N#!encrypt#!46#!N%&&au%ggx8pIux>`-#]{57$0S$t>4grN%T&wV%ggx8pIy#!encrypt#!1#!
#!encrypt#!6#!elEp2e#!encrypt#!1#!N#!encrypt#!1#!N#!encrypt#!1#!N#!encrypt#!1#!N#!encrypt#!1#!N#!encrypt#!1#!N#!encrypt#!1#!N#!encrypt#!1#!N#!encrypt#!1#!N#!encrypt#!1#!N#!encrypt#!1#!N#!encrypt#!1#!N#!encrypt#!1#!N#!encrypt#!1#!N#!encrypt#!1#!N#!encrypt#!46#!N%&&a0%ggx8pIux>`-#]{57$0S$t>4grN%T&wV%ggx8pIy#!encrypt#!1#!
#!encrypt#!6#!elEp2m#!encrypt#!1#!N#!encrypt#!1#!N#!encrypt#!1#!N#!encrypt#!1#!N#!encrypt#!1#!N#!encrypt#!1#!N#!encrypt#!1#!N#!encrypt#!1#!N#!encrypt#!1#!N#!encrypt#!1#!N#!encrypt#!1#!N#!encrypt#!1#!N#!encrypt#!1#!N#!encrypt#!1#!N#!encrypt#!1#!N#!encrypt#!46#!N%&&ae%ggx8pIux>`-#]{57$0S$t>4grN%T&wV%ggx8pIy#!encrypt#!1#!
#!encrypt#!6#!elEp2n#!encrypt#!1#!N#!encrypt#!1#!N#!encrypt#!1#!N#!encrypt#!1#!N#!encrypt#!1#!N#!encrypt#!1#!N#!encrypt#!1#!N#!encrypt#!1#!N#!encrypt#!1#!N#!encrypt#!1#!N#!encrypt#!1#!N#!encrypt#!1#!N#!encrypt#!1#!N#!encrypt#!1#!N#!encrypt#!1#!N#!encrypt#!46#!N%&&am%ggx8pIux>`-#]{57$0S$t>4grN%T&wV%ggx8pIy#!encrypt#!1#!
#!encrypt#!6#!elEp2`#!encrypt#!1#!N#!encrypt#!1#!N#!encrypt#!1#!N#!encrypt#!1#!N#!encrypt#!1#!N#!encrypt#!1#!N#!encrypt#!1#!N#!encrypt#!1#!N#!encrypt#!1#!N#!encrypt#!1#!N#!encrypt#!1#!N#!encrypt#!1#!N#!encrypt#!1#!N#!encrypt#!1#!N#!encrypt#!1#!N#!encrypt#!46#!N%&&an%ggx8pIux>`-#]{57$0S$t>4grN%T&wV%ggx8pIy#!encrypt#!1#!
#!encrypt#!6#!elEp2X#!encrypt#!1#!N#!encrypt#!1#!N#!encrypt#!1#!N#!encrypt#!1#!N#!encrypt#!1#!N#!encrypt#!1#!N#!encrypt#!1#!N#!encrypt#!1#!N#!encrypt#!1#!N#!encrypt#!1#!N#!encrypt#!1#!N#!encrypt#!1#!N#!encrypt#!1#!N#!encrypt#!1#!N#!encrypt#!1#!N#!encrypt#!46#!N%&&a`%ggx8pIux>`-#]{57$0S$t>4grN%T&wV%ggx8pIy#!encrypt#!1#!
#!encrypt#!6#!elEp2I#!encrypt#!1#!N#!encrypt#!1#!N#!encrypt#!1#!N#!encrypt#!1#!N#!encrypt#!1#!N#!encrypt#!1#!N#!encrypt#!1#!N#!encrypt#!1#!N#!encrypt#!1#!N#!encrypt#!1#!N#!encrypt#!1#!N#!encrypt#!1#!N#!encrypt#!1#!N#!encrypt#!1#!N#!encrypt#!1#!N#!encrypt#!46#!N%&&aX%ggx8pIux>`-#]{57$0S$t>4grN%T&wV%ggx8pIy#!encrypt#!1#!
#!encrypt#!7#!elEp2CK#!encrypt#!1#!N#!encrypt#!1#!N#!encrypt#!1#!N#!encrypt#!1#!N#!encrypt#!1#!N#!encrypt#!1#!N#!encrypt#!1#!N#!encrypt#!1#!N#!encrypt#!1#!N#!encrypt#!1#!N#!encrypt#!1#!N#!encrypt#!1#!N#!encrypt#!1#!N#!encrypt#!1#!N#!encrypt#!46#!N%&&aI%ggx8pIux>`-#]{57$0S$t>4grN%T&wV%ggx8pIy#!encrypt#!1#!
#!encrypt#!7#!elEp2Ch#!encrypt#!1#!N#!encrypt#!1#!N#!encrypt#!1#!N#!encrypt#!1#!N#!encrypt#!1#!N#!encrypt#!1#!N#!encrypt#!1#!N#!encrypt#!1#!N#!encrypt#!1#!N#!encrypt#!1#!N#!encrypt#!1#!N#!encrypt#!1#!N#!encrypt#!1#!N#!encrypt#!1#!N#!encrypt#!46#!N%&&m|%ggx8pIux>`-#]{57$0S$t>4grN%T&wV%ggx8pIy#!encrypt#!1#!
#!encrypt#!7#!6@ n<c|#!encrypt#!1#!N#!encrypt#!1#!N#!encrypt#!1#!N#!encrypt#!1#!N#!encrypt#!1#!N#!encrypt#!1#!N#!encrypt#!1#!N#!encrypt#!1#!N#!encrypt#!1#!N#!encrypt#!1#!N#!encrypt#!1#!N#!encrypt#!1#!N#!encrypt#!1#!N#!encrypt#!1#!N#!encrypt#!46#!N%&&mC%ggx8pIux>`-#]{57$0S$t>4grN%T&wV%ggx8pIy#!encrypt#!1#!
#!encrypt#!7#!6@ ?<c|#!encrypt#!1#!N#!encrypt#!1#!N#!encrypt#!1#!N#!encrypt#!1#!N#!encrypt#!1#!N#!encrypt#!1#!N#!encrypt#!1#!N#!encrypt#!1#!N#!encrypt#!1#!N#!encrypt#!1#!N#!encrypt#!1#!N#!encrypt#!1#!N#!encrypt#!1#!N#!encrypt#!1#!N#!encrypt#!46#!N%&&mu%ggx8pIux>`-#]{57$0S$t>4grN%T&wV%ggx8pIy#!encrypt#!1#!
#!encrypt#!8#!6@ RrgC%#!encrypt#!1#!N#!encrypt#!1#!N#!encrypt#!1#!N#!encrypt#!1#!N#!encrypt#!1#!N#!encrypt#!1#!N#!encrypt#!1#!N#!encrypt#!1#!N#!encrypt#!1#!N#!encrypt#!1#!N#!encrypt#!1#!N#!encrypt#!1#!N#!encrypt#!1#!N#!encrypt#!46#!N%&&m0%ggx8pIux>`-#]{57$0S$t>4grN%T&wV%ggx8pIy#!encrypt#!1#!
#!encrypt#!8#!6@ PV}|e#!encrypt#!1#!N#!encrypt#!1#!N#!encrypt#!1#!N#!encrypt#!1#!N#!encrypt#!1#!N#!encrypt#!1#!N#!encrypt#!1#!N#!encrypt#!1#!N#!encrypt#!1#!N#!encrypt#!1#!N#!encrypt#!1#!N#!encrypt#!1#!N#!encrypt#!1#!N#!encrypt#!46#!N%&&me%ggx8pIux>`-#]{57$0S$t>4grN%T&wV%ggx8pIy#!encrypt#!1#!
#!encrypt#!7#!6}p$K^B#!encrypt#!1#!N#!encrypt#!1#!N#!encrypt#!1#!N#!encrypt#!1#!N#!encrypt#!1#!N#!encrypt#!1#!N#!encrypt#!1#!N#!encrypt#!1#!N#!encrypt#!1#!N#!encrypt#!1#!N#!encrypt#!1#!N#!encrypt#!1#!N#!encrypt#!1#!N#!encrypt#!1#!N#!encrypt#!46#!N%&&mm%ggx8pIux>`-#]{57$0S$t>4grN%T&wV%ggx8pIy#!encrypt#!1#!
#!encrypt#!4#!6Jgf#!encrypt#!1#!N#!encrypt#!1#!N#!encrypt#!1#!N#!encrypt#!1#!N#!encrypt#!1#!N#!encrypt#!1#!N#!encrypt#!1#!N#!encrypt#!1#!N#!encrypt#!1#!N#!encrypt#!1#!N#!encrypt#!1#!N#!encrypt#!1#!N#!encrypt#!1#!N#!encrypt#!1#!N#!encrypt#!1#!N#!encrypt#!1#!N#!encrypt#!1#!N#!encrypt#!46#!N%&&mn%ggx8pIux>`-#]{57$0S$t>4grN%T&wV%ggx8pIy#!encrypt#!1#!
#!encrypt#!4#!6aH*#!encrypt#!1#!N#!encrypt#!1#!N#!encrypt#!1#!N#!encrypt#!1#!N#!encrypt#!1#!N#!encrypt#!1#!N#!encrypt#!1#!N#!encrypt#!1#!N#!encrypt#!1#!N#!encrypt#!1#!N#!encrypt#!1#!N#!encrypt#!1#!N#!encrypt#!1#!N#!encrypt#!1#!N#!encrypt#!1#!N#!encrypt#!1#!N#!encrypt#!1#!N#!encrypt#!46#!N%&&m`%ggx8pIux5`-#]{57$0S$t>4g`!YonwV%ggx8pIy#!encrypt#!1#!
#!encrypt#!4#!6Pgf#!encrypt#!1#!N#!encrypt#!1#!N#!encrypt#!1#!N#!encrypt#!1#!N#!encrypt#!1#!N#!encrypt#!1#!N#!encrypt#!1#!N#!encrypt#!1#!N#!encrypt#!1#!N#!encrypt#!1#!N#!encrypt#!1#!N#!encrypt#!1#!N#!encrypt#!1#!N#!encrypt#!1#!N#!encrypt#!1#!N#!encrypt#!1#!N#!encrypt#!1#!N#!encrypt#!46#!N%&&mX%ggx8pIux>`-#]{57$0S$t>4grN%T&wV%ggx8pIy#!encrypt#!1#!
#!encrypt#!5#!6Af~2#!encrypt#!1#!N#!encrypt#!1#!N#!encrypt#!1#!N#!encrypt#!1#!N#!encrypt#!1#!N#!encrypt#!1#!N#!encrypt#!1#!N#!encrypt#!1#!N#!encrypt#!1#!N#!encrypt#!1#!N#!encrypt#!1#!N#!encrypt#!1#!N#!encrypt#!1#!N#!encrypt#!1#!N#!encrypt#!1#!N#!encrypt#!1#!N#!encrypt#!46#!N%&&mI%ggx8pIu$=`-#]{57$0S$t>4gp;;O&wV%ggx8pIy#!encrypt#!1#!
#!encrypt#!4#!6ygf#!encrypt#!1#!N#!encrypt#!1#!N#!encrypt#!1#!N#!encrypt#!1#!N#!encrypt#!1#!N#!encrypt#!1#!N#!encrypt#!1#!N#!encrypt#!1#!N#!encrypt#!1#!N#!encrypt#!1#!N#!encrypt#!1#!N#!encrypt#!1#!N#!encrypt#!1#!N#!encrypt#!1#!N#!encrypt#!1#!N#!encrypt#!1#!N#!encrypt#!1#!N#!encrypt#!46#!N%&&N|%ggx8pIux>`-#]{57$0S$t>4grN%T&wV%ggx8pIy#!encrypt#!1#!
#!encrypt#!5#!k2yPO#!encrypt#!1#!N#!encrypt#!1#!N#!encrypt#!1#!N#!encrypt#!1#!N#!encrypt#!1#!N#!encrypt#!1#!N#!encrypt#!1#!N#!encrypt#!1#!N#!encrypt#!1#!N#!encrypt#!1#!N#!encrypt#!1#!N#!encrypt#!1#!N#!encrypt#!1#!N#!encrypt#!1#!N#!encrypt#!1#!N#!encrypt#!1#!N#!encrypt#!46#!N%&&NC%ggx8pIuRO`-#]{57$0S$t>4gV!II&wV%ggx8pIy#!encrypt#!1#!
#!encrypt#!9#!k2yPO=*Kr#!encrypt#!1#!N#!encrypt#!1#!N#!encrypt#!1#!N#!encrypt#!1#!N#!encrypt#!1#!N#!encrypt#!1#!N#!encrypt#!1#!N#!encrypt#!1#!N#!encrypt#!1#!N#!encrypt#!1#!N#!encrypt#!1#!N#!encrypt#!1#!N#!encrypt#!46#!N%&&Nu%ggx8pIux>`-#]{57$0S$t>4grN%T&wV%ggx8pIy#!encrypt#!1#!
#!encrypt#!8#!%t:PV}|e#!encrypt#!1#!N#!encrypt#!1#!N#!encrypt#!1#!N#!encrypt#!1#!N#!encrypt#!1#!N#!encrypt#!1#!N#!encrypt#!1#!N#!encrypt#!1#!N#!encrypt#!1#!N#!encrypt#!1#!N#!encrypt#!1#!N#!encrypt#!1#!N#!encrypt#!1#!N#!encrypt#!46#!N%&&N0%ggx8pIux>`-#]{57$0S$t>4grN%T&wV%ggx8pIy#!encrypt#!1#!
#!encrypt#!4#!%Jgf#!encrypt#!1#!N#!encrypt#!1#!N#!encrypt#!1#!N#!encrypt#!1#!N#!encrypt#!1#!N#!encrypt#!1#!N#!encrypt#!1#!N#!encrypt#!1#!N#!encrypt#!1#!N#!encrypt#!1#!N#!encrypt#!1#!N#!encrypt#!1#!N#!encrypt#!1#!N#!encrypt#!1#!N#!encrypt#!1#!N#!encrypt#!1#!N#!encrypt#!1#!N#!encrypt#!46#!N%&&Ne%ggx8pIux>`-#]{57$0S$t>4grN%T&wV%ggx8pIy#!encrypt#!1#!
#!encrypt#!4#!%aH*#!encrypt#!1#!N#!encrypt#!1#!N#!encrypt#!1#!N#!encrypt#!1#!N#!encrypt#!1#!N#!encrypt#!1#!N#!encrypt#!1#!N#!encrypt#!1#!N#!encrypt#!1#!N#!encrypt#!1#!N#!encrypt#!1#!N#!encrypt#!1#!N#!encrypt#!1#!N#!encrypt#!1#!N#!encrypt#!1#!N#!encrypt#!1#!N#!encrypt#!1#!N#!encrypt#!46#!N%&&Nm%ggx8pIux5`-#]{57$0S$t>4g`0fu&wV%ggx8pIy#!encrypt#!1#!
#!encrypt#!4#!%Pgf#!encrypt#!1#!N#!encrypt#!1#!N#!encrypt#!1#!N#!encrypt#!1#!N#!encrypt#!1#!N#!encrypt#!1#!N#!encrypt#!1#!N#!encrypt#!1#!N#!encrypt#!1#!N#!encrypt#!1#!N#!encrypt#!1#!N#!encrypt#!1#!N#!encrypt#!1#!N#!encrypt#!1#!N#!encrypt#!1#!N#!encrypt#!1#!N#!encrypt#!1#!N#!encrypt#!46#!N%&&Nn%ggx8pIux>`-#]{57$0S$t>4grN%T&wV%ggx8pIy#!encrypt#!1#!
#!encrypt#!4#!%<-g#!encrypt#!1#!N#!encrypt#!1#!N#!encrypt#!1#!N#!encrypt#!1#!N#!encrypt#!1#!N#!encrypt#!1#!N#!encrypt#!1#!N#!encrypt#!1#!N#!encrypt#!1#!N#!encrypt#!1#!N#!encrypt#!1#!N#!encrypt#!1#!N#!encrypt#!1#!N#!encrypt#!1#!N#!encrypt#!1#!N#!encrypt#!1#!N#!encrypt#!1#!N#!encrypt#!46#!N%&&N`%ggx8pIujP`-#]{57$0S$t>4k`pfucwV%ggx8pIy#!encrypt#!1#!
#!encrypt#!4#!%BpX#!encrypt#!1#!N#!encrypt#!1#!N#!encrypt#!1#!N#!encrypt#!1#!N#!encrypt#!1#!N#!encrypt#!1#!N#!encrypt#!1#!N#!encrypt#!1#!N#!encrypt#!1#!N#!encrypt#!1#!N#!encrypt#!1#!N#!encrypt#!1#!N#!encrypt#!1#!N#!encrypt#!1#!N#!encrypt#!1#!N#!encrypt#!1#!N#!encrypt#!1#!N#!encrypt#!46#!N%&&NX%ggx8pIux>`-#]{57$0S$t>4grN%T&wV%ggx8pIy#!encrypt#!1#!
#!encrypt#!7#!ZlJ{<c|#!encrypt#!1#!N#!encrypt#!1#!N#!encrypt#!1#!N#!encrypt#!1#!N#!encrypt#!1#!N#!encrypt#!1#!N#!encrypt#!1#!N#!encrypt#!1#!N#!encrypt#!1#!N#!encrypt#!1#!N#!encrypt#!1#!N#!encrypt#!1#!N#!encrypt#!1#!N#!encrypt#!1#!N#!encrypt#!46#!N%&&NI%ggx8pIux>`-#]{57$0S$t>4grN%T&wV%ggx8pIy#!encrypt#!1#!
#!encrypt#!6#!ZlJPV}#!encrypt#!1#!N#!encrypt#!1#!N#!encrypt#!1#!N#!encrypt#!1#!N#!encrypt#!1#!N#!encrypt#!1#!N#!encrypt#!1#!N#!encrypt#!1#!N#!encrypt#!1#!N#!encrypt#!1#!N#!encrypt#!1#!N#!encrypt#!1#!N#!encrypt#!1#!N#!encrypt#!1#!N#!encrypt#!1#!N#!encrypt#!46#!N%&&L|%ggx8pIux>`-#]{57$0S$t>4grN%T&wV%ggx8pIy#!encrypt#!1#!
#!encrypt#!6#!)a:$`~#!encrypt#!1#!N#!encrypt#!1#!N#!encrypt#!1#!N#!encrypt#!1#!N#!encrypt#!1#!N#!encrypt#!1#!N#!encrypt#!1#!N#!encrypt#!1#!N#!encrypt#!1#!N#!encrypt#!1#!N#!encrypt#!1#!N#!encrypt#!1#!N#!encrypt#!1#!N#!encrypt#!1#!N#!encrypt#!1#!N#!encrypt#!46#!N%&&LC%ggx8pIux>`-#]{57$0S$t>4grN%T&wV%ggx8pIy#!encrypt#!1#!
#!encrypt#!4#!=a4R#!encrypt#!1#!N#!encrypt#!1#!N#!encrypt#!1#!N#!encrypt#!1#!N#!encrypt#!1#!N#!encrypt#!1#!N#!encrypt#!1#!N#!encrypt#!1#!N#!encrypt#!1#!N#!encrypt#!1#!N#!encrypt#!1#!N#!encrypt#!1#!N#!encrypt#!1#!N#!encrypt#!1#!N#!encrypt#!1#!N#!encrypt#!1#!N#!encrypt#!1#!N#!encrypt#!46#!N%&&Lu%ggx8pIux~`-#]{57$0S$t>4kcpGAcwV%ggx8pIy#!encrypt#!1#!
#!encrypt#!4#!=a4n#!encrypt#!1#!N#!encrypt#!1#!N#!encrypt#!1#!N#!encrypt#!1#!N#!encrypt#!1#!N#!encrypt#!1#!N#!encrypt#!1#!N#!encrypt#!1#!N#!encrypt#!1#!N#!encrypt#!1#!N#!encrypt#!1#!N#!encrypt#!1#!N#!encrypt#!1#!N#!encrypt#!1#!N#!encrypt#!1#!N#!encrypt#!1#!N#!encrypt#!1#!N#!encrypt#!46#!N%&&L0%ggx8pIux>`-#]{57$0S$t>4grN%T&wV%ggx8pIy#!encrypt#!1#!
#!encrypt#!4#!=a4O#!encrypt#!1#!N#!encrypt#!1#!N#!encrypt#!1#!N#!encrypt#!1#!N#!encrypt#!1#!N#!encrypt#!1#!N#!encrypt#!1#!N#!encrypt#!1#!N#!encrypt#!1#!N#!encrypt#!1#!N#!encrypt#!1#!N#!encrypt#!1#!N#!encrypt#!1#!N#!encrypt#!1#!N#!encrypt#!1#!N#!encrypt#!1#!N#!encrypt#!1#!N#!encrypt#!46#!N%&&Le%ggx8pIux>`-#]{57$0S$t>4grN%T&wV%ggx8pIy#!encrypt#!1#!
#!encrypt#!4#!=a47#!encrypt#!1#!N#!encrypt#!1#!N#!encrypt#!1#!N#!encrypt#!1#!N#!encrypt#!1#!N#!encrypt#!1#!N#!encrypt#!1#!N#!encrypt#!1#!N#!encrypt#!1#!N#!encrypt#!1#!N#!encrypt#!1#!N#!encrypt#!1#!N#!encrypt#!1#!N#!encrypt#!1#!N#!encrypt#!1#!N#!encrypt#!1#!N#!encrypt#!1#!N#!encrypt#!46#!N%&&Lm%ggx8pIux>`-#]{57$0S$t>4grN%T&wV%ggx8pIy#!encrypt#!1#!
#!encrypt#!4#!=a4?#!encrypt#!1#!N#!encrypt#!1#!N#!encrypt#!1#!N#!encrypt#!1#!N#!encrypt#!1#!N#!encrypt#!1#!N#!encrypt#!1#!N#!encrypt#!1#!N#!encrypt#!1#!N#!encrypt#!1#!N#!encrypt#!1#!N#!encrypt#!1#!N#!encrypt#!1#!N#!encrypt#!1#!N#!encrypt#!1#!N#!encrypt#!1#!N#!encrypt#!1#!N#!encrypt#!46#!N%&&Ln%ggx8pIux>`-#]{57$0S$t>4grN%T&wV%ggx8pIy#!encrypt#!1#!
#!encrypt#!4#!=a4j#!encrypt#!1#!N#!encrypt#!1#!N#!encrypt#!1#!N#!encrypt#!1#!N#!encrypt#!1#!N#!encrypt#!1#!N#!encrypt#!1#!N#!encrypt#!1#!N#!encrypt#!1#!N#!encrypt#!1#!N#!encrypt#!1#!N#!encrypt#!1#!N#!encrypt#!1#!N#!encrypt#!1#!N#!encrypt#!1#!N#!encrypt#!1#!N#!encrypt#!1#!N#!encrypt#!46#!N%&&L`%ggx8pIux>`-#]{57$0S$t>4grN%T&wV%ggx8pIy#!encrypt#!1#!
#!encrypt#!4#!=a4%#!encrypt#!1#!N#!encrypt#!1#!N#!encrypt#!1#!N#!encrypt#!1#!N#!encrypt#!1#!N#!encrypt#!1#!N#!encrypt#!1#!N#!encrypt#!1#!N#!encrypt#!1#!N#!encrypt#!1#!N#!encrypt#!1#!N#!encrypt#!1#!N#!encrypt#!1#!N#!encrypt#!1#!N#!encrypt#!1#!N#!encrypt#!1#!N#!encrypt#!1#!N#!encrypt#!46#!N%&&LX%ggx8pIux>`-#]{57$0S$t>4grN%T&wV%ggx8pIy#!encrypt#!1#!
#!encrypt#!4#!=a4c#!encrypt#!1#!N#!encrypt#!1#!N#!encrypt#!1#!N#!encrypt#!1#!N#!encrypt#!1#!N#!encrypt#!1#!N#!encrypt#!1#!N#!encrypt#!1#!N#!encrypt#!1#!N#!encrypt#!1#!N#!encrypt#!1#!N#!encrypt#!1#!N#!encrypt#!1#!N#!encrypt#!1#!N#!encrypt#!1#!N#!encrypt#!1#!N#!encrypt#!1#!N#!encrypt#!46#!N%&&LI%ggx8pIux>`-#]{57$0S$t>4grN%T&wV%ggx8pIy#!encrypt#!1#!
#!encrypt#!4#!=a4u#!encrypt#!1#!N#!encrypt#!1#!N#!encrypt#!1#!N#!encrypt#!1#!N#!encrypt#!1#!N#!encrypt#!1#!N#!encrypt#!1#!N#!encrypt#!1#!N#!encrypt#!1#!N#!encrypt#!1#!N#!encrypt#!1#!N#!encrypt#!1#!N#!encrypt#!1#!N#!encrypt#!1#!N#!encrypt#!1#!N#!encrypt#!1#!N#!encrypt#!1#!N#!encrypt#!46#!N%&&Q|%ggx8pIux>`-#]{57$0S$t>4grN%T&wV%ggx8pIy#!encrypt#!1#!
#!encrypt#!5#!=a4Rr#!encrypt#!1#!N#!encrypt#!1#!N#!encrypt#!1#!N#!encrypt#!1#!N#!encrypt#!1#!N#!encrypt#!1#!N#!encrypt#!1#!N#!encrypt#!1#!N#!encrypt#!1#!N#!encrypt#!1#!N#!encrypt#!1#!N#!encrypt#!1#!N#!encrypt#!1#!N#!encrypt#!1#!N#!encrypt#!1#!N#!encrypt#!1#!N#!encrypt#!46#!N%&&QC%ggx8pIux>`-#]{57$0S$t>4grN%T&wV%ggx8pIy#!encrypt#!1#!
#!encrypt#!10#!qoYRr=*\B/#!encrypt#!1#!N#!encrypt#!1#!N#!encrypt#!1#!N#!encrypt#!1#!N#!encrypt#!1#!N#!encrypt#!1#!N#!encrypt#!1#!N#!encrypt#!1#!N#!encrypt#!1#!N#!encrypt#!1#!N#!encrypt#!1#!N#!encrypt#!46#!N%&&Qu%ggx8pIux>`-#]{57$0S$t>4grN%T&wV%ggx8pIy#!encrypt#!1#!
#!encrypt#!10#!qoYRB=*\B/#!encrypt#!1#!N#!encrypt#!1#!N#!encrypt#!1#!N#!encrypt#!1#!N#!encrypt#!1#!N#!encrypt#!1#!N#!encrypt#!1#!N#!encrypt#!1#!N#!encrypt#!1#!N#!encrypt#!1#!N#!encrypt#!1#!N#!encrypt#!46#!N%&&Q0%ggx8pIux>`-#]{57$0S$t>4grN%T&wV%ggx8pIy#!encrypt#!1#!
#!encrypt#!16#!FlEp2C_[Z.YO9Re*#!encrypt#!1#!N#!encrypt#!1#!N#!encrypt#!1#!N#!encrypt#!1#!N#!encrypt#!1#!N#!encrypt#!46#!N%&&Qe%ggx8pIux>`-#]{57-6~$t>4grN%T&wV%ggTsgF}#!encrypt#!1#!
#!encrypt#!16#!FlEp2u_[Z.YO9Re*#!encrypt#!1#!N#!encrypt#!1#!N#!encrypt#!1#!N#!encrypt#!1#!N#!encrypt#!1#!N#!encrypt#!46#!N%&&Qm%ggx8pIux>`-#]{57$;5$t>4grN%T&wV%ggx8%w}#!encrypt#!1#!
#!encrypt#!16#!FlEp20_[Z.YO9Re*#!encrypt#!1#!N#!encrypt#!1#!N#!encrypt#!1#!N#!encrypt#!1#!N#!encrypt#!1#!N#!encrypt#!46#!N%&&Qn%ggx8pIux>`-#]{57$0S$t>4grN%T&wV%ggx8pIy#!encrypt#!1#!
#!encrypt#!16#!FlEp2e_[Z.YO9Re*#!encrypt#!1#!N#!encrypt#!1#!N#!encrypt#!1#!N#!encrypt#!1#!N#!encrypt#!1#!N#!encrypt#!46#!N%&&Q`%ggx8pIux>`-#]{57$0S$t>4grN%T&wV%ggx8pIy#!encrypt#!1#!
#!encrypt#!16#!FlEp2m_[Z.YO9Re*#!encrypt#!1#!N#!encrypt#!1#!N#!encrypt#!1#!N#!encrypt#!1#!N#!encrypt#!1#!N#!encrypt#!46#!N%&&QX%ggx8pIux>`-#]{57$0S$t>4grN%T&wV%ggx8pIy#!encrypt#!1#!
#!encrypt#!16#!FlEp2n_[Z.YO9Re*#!encrypt#!1#!N#!encrypt#!1#!N#!encrypt#!1#!N#!encrypt#!1#!N#!encrypt#!1#!N#!encrypt#!46#!N%&&QI%ggx8pIux>`-#]{57$0S$t>4grN%T&wV%ggx8pIy#!encrypt#!1#!
#!encrypt#!16#!FlEp2X_[Z.YO9Re*#!encrypt#!1#!N#!encrypt#!1#!N#!encrypt#!1#!N#!encrypt#!1#!N#!encrypt#!1#!N#!encrypt#!46#!N%&&||%ggx8pIux>`-#]{57$0S$t>4grN%T&wV%ggx8pIy#!encrypt#!1#!
#!encrypt#!16#!FlEp2I_[Z.YO9Re*#!encrypt#!1#!N#!encrypt#!1#!N#!encrypt#!1#!N#!encrypt#!1#!N#!encrypt#!1#!N#!encrypt#!46#!N%&&|C%ggx8pIux>`-#]{57$0S$t>4grN%T&wV%ggx8pIy#!encrypt#!1#!
#!encrypt#!17#!FlEp2CKfm\YhG5%}Y#!encrypt#!1#!N#!encrypt#!1#!N#!encrypt#!1#!N#!encrypt#!1#!N#!encrypt#!46#!N%&&|u%ggx8pIux>`-#]{57$0S$t>4grN%T&wV%ggx8pIy#!encrypt#!1#!
#!encrypt#!17#!FlEp2Chfm\YhG5%}Y#!encrypt#!1#!N#!encrypt#!1#!N#!encrypt#!1#!N#!encrypt#!1#!N#!encrypt#!46#!N%&&|0%ggx8pIux>`-#]{57$0S$t>4grN%T&wV%ggx8pIy#!encrypt#!1#!
#!encrypt#!8#!FIn~{>(y#!encrypt#!1#!N#!encrypt#!1#!N#!encrypt#!1#!N#!encrypt#!1#!N#!encrypt#!1#!N#!encrypt#!1#!N#!encrypt#!1#!N#!encrypt#!1#!N#!encrypt#!1#!N#!encrypt#!1#!N#!encrypt#!1#!N#!encrypt#!1#!N#!encrypt#!1#!N#!encrypt#!46#!N%&&|n%ggx8pIux>`-#]{57$0S$t>4grN%T&wV%ggx8pIy#!encrypt#!1#!
#!encrypt#!8#!Ffn~{>(y#!encrypt#!1#!N#!encrypt#!1#!N#!encrypt#!1#!N#!encrypt#!1#!N#!encrypt#!1#!N#!encrypt#!1#!N#!encrypt#!1#!N#!encrypt#!1#!N#!encrypt#!1#!N#!encrypt#!1#!N#!encrypt#!1#!N#!encrypt#!1#!N#!encrypt#!1#!N#!encrypt#!46#!N%&&|`%ggx8pIux>`-#]{57$0S$t>4grN%T&wV%ggx8pIy#!encrypt#!1#!
#!encrypt#!8#!FEn~{>(y#!encrypt#!1#!N#!encrypt#!1#!N#!encrypt#!1#!N#!encrypt#!1#!N#!encrypt#!1#!N#!encrypt#!1#!N#!encrypt#!1#!N#!encrypt#!1#!N#!encrypt#!1#!N#!encrypt#!1#!N#!encrypt#!1#!N#!encrypt#!1#!N#!encrypt#!1#!N#!encrypt#!46#!N%&&|X%ggx8pIux>`-#]{57$0S$t>4grN%T&wV%ggx8pIy#!encrypt#!1#!
#!encrypt#!8#!Fdn~{>(y#!encrypt#!1#!N#!encrypt#!1#!N#!encrypt#!1#!N#!encrypt#!1#!N#!encrypt#!1#!N#!encrypt#!1#!N#!encrypt#!1#!N#!encrypt#!1#!N#!encrypt#!1#!N#!encrypt#!1#!N#!encrypt#!1#!N#!encrypt#!1#!N#!encrypt#!1#!N#!encrypt#!46#!N%&&|I%ggx8pIux>`-#]{57$0S$t>4grN%T&wV%ggx8pIy#!encrypt#!1#!
#!encrypt#!8#!FGn~{>(y#!encrypt#!1#!N#!encrypt#!1#!N#!encrypt#!1#!N#!encrypt#!1#!N#!encrypt#!1#!N#!encrypt#!1#!N#!encrypt#!1#!N#!encrypt#!1#!N#!encrypt#!1#!N#!encrypt#!1#!N#!encrypt#!1#!N#!encrypt#!1#!N#!encrypt#!1#!N#!encrypt#!46#!N%&&J|%ggx8pIux>`-#]{57$0S$t>4grN%T&wV%ggx8pIy#!encrypt#!1#!
#!encrypt#!8#!FYn~{>(y#!encrypt#!1#!N#!encrypt#!1#!N#!encrypt#!1#!N#!encrypt#!1#!N#!encrypt#!1#!N#!encrypt#!1#!N#!encrypt#!1#!N#!encrypt#!1#!N#!encrypt#!1#!N#!encrypt#!1#!N#!encrypt#!1#!N#!encrypt#!1#!N#!encrypt#!1#!N#!encrypt#!46#!N%&&JC%ggx8pIux>`-#]{57$0S$t>4grN%T&wV%ggx8pIy#!encrypt#!1#!
#!encrypt#!8#!F.n~{>(y#!encrypt#!1#!N#!encrypt#!1#!N#!encrypt#!1#!N#!encrypt#!1#!N#!encrypt#!1#!N#!encrypt#!1#!N#!encrypt#!1#!N#!encrypt#!1#!N#!encrypt#!1#!N#!encrypt#!1#!N#!encrypt#!1#!N#!encrypt#!1#!N#!encrypt#!1#!N#!encrypt#!46#!N%&&Ju%ggx8pIux>`-#]{57$0S$t>4grN%T&wV%ggx8pIy#!encrypt#!1#!
#!encrypt#!8#!Fwn~{>(y#!encrypt#!1#!N#!encrypt#!1#!N#!encrypt#!1#!N#!encrypt#!1#!N#!encrypt#!1#!N#!encrypt#!1#!N#!encrypt#!1#!N#!encrypt#!1#!N#!encrypt#!1#!N#!encrypt#!1#!N#!encrypt#!1#!N#!encrypt#!1#!N#!encrypt#!1#!N#!encrypt#!46#!N%&&J0%ggx8pIux>`-#]{57$0S$t>4grN%T&wV%ggx8pIy#!encrypt#!1#!
#!encrypt#!8#!F[n~{>(y#!encrypt#!1#!N#!encrypt#!1#!N#!encrypt#!1#!N#!encrypt#!1#!N#!encrypt#!1#!N#!encrypt#!1#!N#!encrypt#!1#!N#!encrypt#!1#!N#!encrypt#!1#!N#!encrypt#!1#!N#!encrypt#!1#!N#!encrypt#!1#!N#!encrypt#!1#!N#!encrypt#!46#!N%&&Je%ggx8pIux>`-#]{57$0S$t>4grN%T&wV%ggx8pIy#!encrypt#!1#!
#!encrypt#!9#!FIK.2Pu\d#!encrypt#!1#!N#!encrypt#!1#!N#!encrypt#!1#!N#!encrypt#!1#!N#!encrypt#!1#!N#!encrypt#!1#!N#!encrypt#!1#!N#!encrypt#!1#!N#!encrypt#!1#!N#!encrypt#!1#!N#!encrypt#!1#!N#!encrypt#!1#!N#!encrypt#!46#!N%&&Jm%ggx8pIux>`-#]{57$0S$t>4grN%T&wV%ggx8pIy#!encrypt#!1#!
#!encrypt#!9#!FI&.2Pu\d#!encrypt#!1#!N#!encrypt#!1#!N#!encrypt#!1#!N#!encrypt#!1#!N#!encrypt#!1#!N#!encrypt#!1#!N#!encrypt#!1#!N#!encrypt#!1#!N#!encrypt#!1#!N#!encrypt#!1#!N#!encrypt#!1#!N#!encrypt#!1#!N#!encrypt#!46#!N%&&Jn%ggx8pIux>`-#]{57$0S$t>4grN%T&wV%ggx8pIy#!encrypt#!1#!
#!encrypt#!6#!FIn*K%#!encrypt#!1#!N#!encrypt#!1#!N#!encrypt#!1#!N#!encrypt#!1#!N#!encrypt#!1#!N#!encrypt#!1#!N#!encrypt#!1#!N#!encrypt#!1#!N#!encrypt#!1#!N#!encrypt#!1#!N#!encrypt#!1#!N#!encrypt#!1#!N#!encrypt#!1#!N#!encrypt#!1#!N#!encrypt#!1#!N#!encrypt#!46#!N%&&J`%ggx8pIux>`-#]{57$0S$t>4grN%T&wV%ggx8pIy#!encrypt#!1#!
#!encrypt#!6#!Ffn*K%#!encrypt#!1#!N#!encrypt#!1#!N#!encrypt#!1#!N#!encrypt#!1#!N#!encrypt#!1#!N#!encrypt#!1#!N#!encrypt#!1#!N#!encrypt#!1#!N#!encrypt#!1#!N#!encrypt#!1#!N#!encrypt#!1#!N#!encrypt#!1#!N#!encrypt#!1#!N#!encrypt#!1#!N#!encrypt#!1#!N#!encrypt#!46#!N%&&JX%ggx8pIux>`-#]{57$0S$t>4grN%T&wV%ggx8pIy#!encrypt#!1#!
#!encrypt#!6#!FEn*K%#!encrypt#!1#!N#!encrypt#!1#!N#!encrypt#!1#!N#!encrypt#!1#!N#!encrypt#!1#!N#!encrypt#!1#!N#!encrypt#!1#!N#!encrypt#!1#!N#!encrypt#!1#!N#!encrypt#!1#!N#!encrypt#!1#!N#!encrypt#!1#!N#!encrypt#!1#!N#!encrypt#!1#!N#!encrypt#!1#!N#!encrypt#!46#!N%&&JI%ggx8pIux>`-#]{57$0S$t>4grN%T&wV%ggx8pIy#!encrypt#!1#!
#!encrypt#!6#!Fdn*K%#!encrypt#!1#!N#!encrypt#!1#!N#!encrypt#!1#!N#!encrypt#!1#!N#!encrypt#!1#!N#!encrypt#!1#!N#!encrypt#!1#!N#!encrypt#!1#!N#!encrypt#!1#!N#!encrypt#!1#!N#!encrypt#!1#!N#!encrypt#!1#!N#!encrypt#!1#!N#!encrypt#!1#!N#!encrypt#!1#!N#!encrypt#!46#!N%&& |%ggx8pIux>`-#]{57$0S$t>4grN%T&wV%ggx8pIy#!encrypt#!1#!
#!encrypt#!6#!FGn*K%#!encrypt#!1#!N#!encrypt#!1#!N#!encrypt#!1#!N#!encrypt#!1#!N#!encrypt#!1#!N#!encrypt#!1#!N#!encrypt#!1#!N#!encrypt#!1#!N#!encrypt#!1#!N#!encrypt#!1#!N#!encrypt#!1#!N#!encrypt#!1#!N#!encrypt#!1#!N#!encrypt#!1#!N#!encrypt#!1#!N#!encrypt#!46#!N%&& C%ggx8pIux>`-#]{57$0S$t>4grN%T&wV%ggx8pIy#!encrypt#!1#!
#!encrypt#!6#!FYn*K%#!encrypt#!1#!N#!encrypt#!1#!N#!encrypt#!1#!N#!encrypt#!1#!N#!encrypt#!1#!N#!encrypt#!1#!N#!encrypt#!1#!N#!encrypt#!1#!N#!encrypt#!1#!N#!encrypt#!1#!N#!encrypt#!1#!N#!encrypt#!1#!N#!encrypt#!1#!N#!encrypt#!1#!N#!encrypt#!1#!N#!encrypt#!46#!N%&& u%ggx8pIux>`-#]{57$0S$t>4grN%T&wV%ggx8pIy#!encrypt#!1#!
#!encrypt#!6#!F.n*K%#!encrypt#!1#!N#!encrypt#!1#!N#!encrypt#!1#!N#!encrypt#!1#!N#!encrypt#!1#!N#!encrypt#!1#!N#!encrypt#!1#!N#!encrypt#!1#!N#!encrypt#!1#!N#!encrypt#!1#!N#!encrypt#!1#!N#!encrypt#!1#!N#!encrypt#!1#!N#!encrypt#!1#!N#!encrypt#!1#!N#!encrypt#!46#!N%&& 0%ggx8pIux>`-#]{57$0S$t>4grN%T&wV%ggx8pIy#!encrypt#!1#!
#!encrypt#!6#!Fwn*K%#!encrypt#!1#!N#!encrypt#!1#!N#!encrypt#!1#!N#!encrypt#!1#!N#!encrypt#!1#!N#!encrypt#!1#!N#!encrypt#!1#!N#!encrypt#!1#!N#!encrypt#!1#!N#!encrypt#!1#!N#!encrypt#!1#!N#!encrypt#!1#!N#!encrypt#!1#!N#!encrypt#!1#!N#!encrypt#!1#!N#!encrypt#!46#!N%&& e%ggx8pIux>`-#]{57$0S$t>4grN%T&wV%ggx8pIy#!encrypt#!1#!
#!encrypt#!6#!F[n*K%#!encrypt#!1#!N#!encrypt#!1#!N#!encrypt#!1#!N#!encrypt#!1#!N#!encrypt#!1#!N#!encrypt#!1#!N#!encrypt#!1#!N#!encrypt#!1#!N#!encrypt#!1#!N#!encrypt#!1#!N#!encrypt#!1#!N#!encrypt#!1#!N#!encrypt#!1#!N#!encrypt#!1#!N#!encrypt#!1#!N#!encrypt#!46#!N%&& m%ggx8pIux>`-#]{57$0S$t>4grN%T&wV%ggx8pIy#!encrypt#!1#!
#!encrypt#!7#!FIK.(K?#!encrypt#!1#!N#!encrypt#!1#!N#!encrypt#!1#!N#!encrypt#!1#!N#!encrypt#!1#!N#!encrypt#!1#!N#!encrypt#!1#!N#!encrypt#!1#!N#!encrypt#!1#!N#!encrypt#!1#!N#!encrypt#!1#!N#!encrypt#!1#!N#!encrypt#!1#!N#!encrypt#!1#!N#!encrypt#!46#!N%&& n%ggx8pIux>`-#]{57$0S$t>4grN%T&wV%ggx8pIy#!encrypt#!1#!
#!encrypt#!7#!FI&.(K?#!encrypt#!1#!N#!encrypt#!1#!N#!encrypt#!1#!N#!encrypt#!1#!N#!encrypt#!1#!N#!encrypt#!1#!N#!encrypt#!1#!N#!encrypt#!1#!N#!encrypt#!1#!N#!encrypt#!1#!N#!encrypt#!1#!N#!encrypt#!1#!N#!encrypt#!1#!N#!encrypt#!1#!N#!encrypt#!46#!N%&& `%ggx8pIux>`-#]{57$0S$t>4grN%T&wV%ggx8pIy#!encrypt#!1#!
#!encrypt#!4#!7lNf#!encrypt#!1#!N#!encrypt#!1#!N#!encrypt#!1#!N#!encrypt#!1#!N#!encrypt#!1#!N#!encrypt#!1#!N#!encrypt#!1#!N#!encrypt#!1#!N#!encrypt#!1#!N#!encrypt#!1#!N#!encrypt#!1#!N#!encrypt#!1#!N#!encrypt#!1#!N#!encrypt#!1#!N#!encrypt#!1#!N#!encrypt#!1#!N#!encrypt#!1#!N#!encrypt#!46#!N%&& X%ggx8pIux>`-#]{57$0S$t>4grN%T&wV%ggx8pIy#!encrypt#!1#!
#!encrypt#!77#!'+^-1s8A6F~]\&FY(4Xp6lxGf-Ggk@%>'+^-1s8A6F~]\&FY(4Xp6lxGf-Ggk@%>'+^-1s8A6F~]
#!encrypt#!75#!~aH]8Vol]!T+`yw>HED]{oHx:t/V,[1c,.oiwp(%ZcbuIi;@Oc_+#Ysl~wmV<%gr>l40nu)Q)$
#!encrypt#!1#!
#!encrypt#!107#!
xM"(Po:P.Ep|<%/W^g_T5>Av1Osl4}(,
_Zn;^^D!LZY3<L&!d:LC&{ct:REUm#-T_Zn;^^D!LZY3<L&!d:LC&{ct:REUm#-T_Zn;^^D!
#!encrypt#!75#!~aH]8Vol]!T+`yw>HED]{oHx:t/V,[1c,.oiwp(%ZcbuI-`@OE_Z>Ys-~wmV<%gr>l40nu)Q)$
#!encrypt#!1#!
#!encrypt#!105#!
$mp2L"#_:8Hp#h3VCmv3}GA=nwt=b}
-T_Zn;^^D!LZY3<L&!d:LC&{ct:REUm#-T_Zn;^^D!LZY3<L&!d:LC&{ct:REUm#-T_Zn;^^
#!encrypt#!75#!~aH]8Vol]!T+`yw>HED]{oHx:t/V,[1c,.uiwp(%ZcbuI-`@OE_Z>Ys-~c"V<3gr>l40nu)Q)$
#!encrypt#!1#!
#!encrypt#!91#!
~f$p^%H1n,|TuV@H
d:LC&{ct:REUm#-T_Zn;^^D!LZY3<L&!d:LC&{ct:REUm#-T_Zn;^^D!LZY3<L&!d:LC&{ct
#!encrypt#!19#!N%Ti6\?:g!8w~uv]]3
#!encrypt#!82#!N%Tip^?\=p?#I#'E9^#bvnnv0T?">Ug:P%3!eV^gJH>pLvY3&-<+,'hU]^-e94mr0;u)w)QLg!8ix*;JO
#!encrypt#!1#!
#!encrypt#!23#!N%TiC^*Fdv8ZI0O3v*h$3p
#!encrypt#!86#!N%Tip^?\=p?#I#'E9^#n&;INIQ$v5~g#N@!itipgDx#gFHxbe1#:{pg-Ae)N>OnHNTTR m<jg?+/I3x,AE0#a
#!encrypt#!1#!
#!encrypt#!23#!N%TiC^*FdD8ZI0O3v*h$3k
#!encrypt#!86#!N%Tip^?\=p?#I#'E9^#n&;IN;Q$v5~g#N@!itipgDxPa7Hxbe1#:{p=yPSSN>OnHNTTRLXPjg?+/I3xOjE?-p
#!encrypt#!1#!
#!encrypt#!19#!N%TieK|lg!8w~uY&Qn
#!encrypt#!79#!N%Tip^?\=p?#I#'E9^#cFfGv0T?">Ug:P%3!eV^gS,8\HMxL`P<-a>N$FL0tE4e\P%DqeV^g:vu4`{
#!encrypt#!1#!
#!encrypt#!21#!N%Tie2(ydxLpfkxr+*Y"
#!encrypt#!81#!N%Tip^?\=p?#I#'E9^#cf44N]^^@$4mr%|TtSJ%^gy5[ISgr`!#Z>76y]^-e94mr0Yu)w)QLg!8%`-p>
#!encrypt#!1#!
#!encrypt#!21#!N%Tiz[A0%xLpfkx!;Xje
#!encrypt#!79#!N%Tip^?\=p?#I#'E9^#D[Vie]^^@$4mr%|TtSJ%^g$>pLvY3&-L# <6v0ER.>Ug`R|TaGJ%^g1#aF}
#!encrypt#!1#!
#!encrypt#!19#!N%TiSK|lg!8w~ug&Qn
#!encrypt#!79#!N%Tip^?\=p?#I#'E9^#WFfGv0T?">Ug:P%3!eV^gS,8\HMxL`PLZ tN$FL0tE4e\P%DqeV^g:DsI/}
#!encrypt#!1#!
#!encrypt#!19#!N%TiS\6eg!8w~ug]\|
#!encrypt#!81#!N%Tip^?\=p?#I#'E9^#Wvw|v0T?">Ug:P%3!eV^ge >pLvY3&-?+ >6v0ER.>Ugp$f!i5opgDxs_w}S>
#!encrypt#!1#!
#!encrypt#!19#!N%TiXKn]g!8w~uH&WP
#!encrypt#!80#!N%Tip^?\=p?#I#'E9^#oF}kv0T?">Ug:P%3!eV^g0,8\HMxL`PD+>csv0ER.>Ug`x|TaGJ%^gys /Jm
#!encrypt#!1#!
#!encrypt#!75#!~aH]8Vol]!T+`-w>HE<]{oHx:t/V,#1c,.uiwp(%ZcbuI-`@OE_Z>Ys-~c"V<3gr>l40nu)Q)$
#!encrypt#!1#!
#!encrypt#!75#!~aH]8Vol]!T+`yw>HE<]{oHx:t/V,[1c,.uiwp(%ZcbuI-`@O=_Z>Ys-~cSV<Rgr>l40nu)Q)$
#!encrypt#!1#!
#!encrypt#!170#!
`VA^tq`vPXk%er;*f-k0XE^u>I44*yW"`VA^tq`vPXk%er;*f-k0XE^u>I44*yW"`VA^tq`v
+,pC:*9-o^&oI1h_tY>b}(
`VA^tq`vPXk%er;*f-k0XE^u>I44*yW"`VA^tq`vPXk%er;*f-k0XE^u>I44*yW"`VA^tq`v
#!encrypt#!25#!

M*OZn:P\Yp>E.s,p#Zek0l
#!encrypt#!4#!N%Ti#!encrypt#!4#!4K-0#!encrypt#!3#!NTT#!encrypt#!6#!@'=qe4#!encrypt#!1#!
#!encrypt#!73#!-T_Zn;^^D!LZY3<L&!d:LC&{ct:REUm#-T_Zn;^^D!LZY3<L&!d:LC&{ct:REUm#-T_Zn;^^
#!encrypt#!82#!N%Tip^?\=p?#I#'E9^#=/w%v0T?">Ug:P%3!eV^gW8>pLvY3&-L+?ckv0ER.>Ug`0Yu)w)QLg!8v7{8,m
#!encrypt#!75#!~aH]8Vol]!T+`-w>HE<]{oHx:t/V,#1c,.Aiwp(%ZcbuI-`@OE_Z>Ys-~wmV<%gr>l40nu)Q)$
#!encrypt#!1#!
#!encrypt#!25#!

M*OZn:P\Yp>E.s,p#+ek0l
#!encrypt#!4#!N%Ti#!encrypt#!6#!+wIjr`#!encrypt#!3#!NTT#!encrypt#!2#!k1#!encrypt#!9#!Nb L<c|%k#!encrypt#!10#!N~&R;^70]Y#!encrypt#!1#!
#!encrypt#!73#!-T_Zn;^^D!LZY3<L&!d:LC&{ct:REUm#-T_Zn;^^D!LZY3<L&!d:LC&{ct:REUm#-T_Zn;^^
#!encrypt#!71#!N%Tip^?\=p?#I#'E9^#/5tgyXQ$v5~g#N@!itipgDxT[ISgr`!#ub5} @^:t,qg3@tTZw|
#!encrypt#!75#!~aH]8Vol]!T+`yw>HE<]{oHx:t/V,[1c,.Aiwp(%ZcbuI-`@OE_Z>Ys-~cSV<Rgr>l40nu)Q)$
#!encrypt#!1#!
#!encrypt#!25#!

M*OZn:P\Yp>E.s,p##ek0l
#!encrypt#!4#!N%Ti#!encrypt#!12#!FlEp2Chfm\Yh#!encrypt#!3#!NTT#!encrypt#!3#!68=#!encrypt#!8#!N~ff{/h]#!encrypt#!7#!NMujQ|]#!encrypt#!1#!
#!encrypt#!73#!-T_Zn;^^D!LZY3<L&!d:LC&{ct:REUm#-T_Zn;^^D!LZY3<L&!d:LC&{ct:REUm#-T_Zn;^^
#!encrypt#!77#!N%Tip^?\=p?#I#'E9^#<&;INIcgJG} ANFx!w;%sOxo3+u<3j&#S8P7{0Syt Qdr-%K)w)QLg!8 
#!encrypt#!75#!~aH]8Vol]!T+`yw>HE<]{oHx:t/V,[1c,.Aiwp(%ZcbuI-`@OE_Z>Ys-~cSV<Rgr>l40nu)Q)$
#!encrypt#!1#!
#!encrypt#!24#!N%Ti<^6\+j81{o%/`rpla7$
#!encrypt#!25#!

M*OZn:P\Yp>E.s,p#tek0l
#!encrypt#!4#!N%Ti#!encrypt#!6#!4{nf{"#!encrypt#!3#!NTT#!encrypt#!3#!{t|#!encrypt#!8#!NjM#<"n0#!encrypt#!7#!N~ff{/J#!encrypt#!1#!
#!encrypt#!73#!-T_Zn;^^D!LZY3<L&!d:LC&{ct:REUm#-T_Zn;^^D!LZY3<L&!d:LC&{ct:REUm#-T_Zn;^^
#!encrypt#!71#!N%Tip^?\=p?#I#'E9^#=D:nx?Q$v5~g#N@!itipgDxT[ISgr`!#ub5} @^:t,qg3@tTZw|
#!encrypt#!75#!~aH]8Vol]!T+`yw>HE<]{oHx:t/V,[1c,.Aiwp(%ZcbuI-`@OE_Z>Ys-~cSV<Rgr>l40nu)Q)$
#!encrypt#!1#!
#!encrypt#!25#!

M*OZn:P\Yp>E.s,p#-ek0l
#!encrypt#!4#!N%Ti#!encrypt#!6#!+Ib7Qm#!encrypt#!3#!NTT#!encrypt#!3#!{t|#!encrypt#!9#!Nb L<c|%k#!encrypt#!8#!N~ff{/h]#!encrypt#!1#!
#!encrypt#!73#!-T_Zn;^^D!LZY3<L&!d:LC&{ct:REUm#-T_Zn;^^D!LZY3<L&!d:LC&{ct:REUm#-T_Zn;^^
#!encrypt#!71#!N%Tip^?\=p?#I#'E9^#/,'6lPQ$v5~g#N@!itipgDxT[ISgr`!#ub5} @^:t,qg3@tTZw|
#!encrypt#!75#!~aH]8Vol]!T+`yw>HE<]{oHx:t/V,[1c,.Aiwp(%ZcbuI-`@OE_Z>Ys-~cSV<Rgr>l40nu)Q)$
#!encrypt#!1#!
#!encrypt#!25#!

M*OZn:P\Yp>E.s,p#lek0l
#!encrypt#!4#!N%Ti#!encrypt#!5#!qoYRB#!encrypt#!7#!NTTmgEQ#!encrypt#!7#!NM&ONnV#!encrypt#!4#!N+0g#!encrypt#!5#!N;2&B#!encrypt#!11#!N+MxOZC5xjQ#!encrypt#!1#!
#!encrypt#!73#!-T_Zn;^^D!LZY3<L&!d:LC&{ct:REUm#-T_Zn;^^D!LZY3<L&!d:LC&{ct:REUm#-T_Zn;^^
#!encrypt#!70#!N%Tip^?\=p?#I#'E9^#4;Hk#]^^@$4mr%|TtSJ%^g >pLvY3&-Dr{xf'0t$bo4Sg6%_ir
#!encrypt#!75#!~aH]8Vol]!T+`yw>HE<]{oHx:t/V,[1c,.Aiwp(%ZcbuI-`@OE_Z>Ys-~cSV<Rgr>l40nu)Q)$
#!encrypt#!1#!
#!encrypt#!24#!N%Ti<^6\+j81{o%/`r<#ct-
#!encrypt#!25#!

M*OZn:P\Yp>E.s,p#1ek0l
#!encrypt#!4#!N%Ti#!encrypt#!9#!Wa4Rr=oFy#!encrypt#!3#!NTT#!encrypt#!3#!{t|#!encrypt#!9#!Nx4*C^*Fd#!encrypt#!6#!NZypB|#!encrypt#!1#!
#!encrypt#!73#!-T_Zn;^^D!LZY3<L&!d:LC&{ct:REUm#-T_Zn;^^D!LZY3<L&!d:LC&{ct:REUm#-T_Zn;^^
#!encrypt#!74#!N%Tip^?\=p?#I#'E9^#6F}ky  Oio4+'%%_iS$%'#>8ZIy=3=5;]L5=v0ER.>UgcP%DqeV^g(
#!encrypt#!75#!~aH]8Vol]!T+`yw>HE<]{oHx:t/V,[1c,.Aiwp(%ZcbuI-`@OE_Z>Ys-~cSV<Rgr>l40nu)Q)$
#!encrypt#!1#!
#!encrypt#!25#!

M*OZn:P\Yp>E.s,p#3ek0l
#!encrypt#!4#!N%Ti#!encrypt#!6#!+Io&|e#!encrypt#!3#!NTT#!encrypt#!2#!k1#!encrypt#!9#!Nb L<c|%k#!encrypt#!10#!N~&&;^70]Y#!encrypt#!1#!
#!encrypt#!73#!-T_Zn;^^D!LZY3<L&!d:LC&{ct:REUm#-T_Zn;^^D!LZY3<L&!d:LC&{ct:REUm#-T_Zn;^^
#!encrypt#!71#!N%Tip^?\=p?#I#'E9^#/,e=7\Q$v5~g#N@!itipgDxT[ISgr`!#ub5} @^:t,qg3@tTZw|
#!encrypt#!75#!~aH]8Vol]!T+`yw>HE<]{oHx:t/V,[1c,.Aiwp(%ZcbuI-`@OE_Z>Ys-~cSV<Rgr>l40nu)Q)$
#!encrypt#!1#!
#!encrypt#!25#!

M*OZn:P\Yp>E.s,p#%ek0l
#!encrypt#!4#!N%Ti#!encrypt#!12#!FlEp2CKfm\Yh#!encrypt#!3#!NTT#!encrypt#!3#!68=#!encrypt#!8#!N~ff{/hW#!encrypt#!7#!NM&%r`P#!encrypt#!1#!
#!encrypt#!73#!-T_Zn;^^D!LZY3<L&!d:LC&{ct:REUm#-T_Zn;^^D!LZY3<L&!d:LC&{ct:REUm#-T_Zn;^^
#!encrypt#!77#!N%Tip^?\=p?#I#'E9^#<&;INISgJG} ANFx!w;%sOxo3+u<3j&#S8P7{0Syt Qdr-%K)w)QLg!8 
#!encrypt#!75#!~aH]8Vol]!T+`yw>HE<]{oHx:t/V,[1c,.Aiwp(%ZcbuI-`@OE_Z>Ys-~cSV<Rgr>l40nu)Q)$
#!encrypt#!1#!
#!encrypt#!24#!N%Ti<^6\+j81{o%/`r<1?e6
#!encrypt#!26#!

M*OZn:P\Yp>E.s,p#Z?"h~A
#!encrypt#!4#!N%Ti#!encrypt#!11#!Wa4Rr=?@mpB#!encrypt#!3#!NTT#!encrypt#!3#!68=#!encrypt#!6#!NZypB|#!encrypt#!9#!Nx4*C^*Fd#!encrypt#!1#!
#!encrypt#!73#!-T_Zn;^^D!LZY3<L&!d:LC&{ct:REUm#-T_Zn;^^D!LZY3<L&!d:LC&{ct:REUm#-T_Zn;^^
#!encrypt#!76#!N%Tip^?\=p?#I#'E9^#6F}ky dkJz1)r~r:inVYjgC"/I3x>4-{WO5&$VQ$ gug#N;!i5opgDxT
#!encrypt#!75#!~aH]8Vol]!T+`yw>HE<]{oHx:t/V,[1c,.Aiwp(%ZcbuI-`@OE_Z>Ys-~cSV<Rgr>l40nu)Q)$
#!encrypt#!1#!
#!encrypt#!26#!

M*OZn:P\Yp>E.s,p#Z,"h~A
#!encrypt#!4#!N%Ti#!encrypt#!5#!qoYRr#!encrypt#!3#!NTT#!encrypt#!3#!{t|#!encrypt#!9#!Nb L<c|%k#!encrypt#!8#!N~ff{/hW#!encrypt#!1#!
#!encrypt#!73#!-T_Zn;^^D!LZY3<L&!d:LC&{ct:REUm#-T_Zn;^^D!LZY3<L&!d:LC&{ct:REUm#-T_Zn;^^
#!encrypt#!70#!N%Tip^?\=p?#I#'E9^#4;Hky]^^@$4mr%|TtSJ%^g >pLvY3&-Dr{xf'0t$bo4Sg6%_ir
#!encrypt#!75#!~aH]8Vol]!T+`yw>HE<]{oHx:t/V,[1c,.Aiwp(%ZcbuI-`@OE_Z>Ys-~cSV<Rgr>l40nu)Q)$
#!encrypt#!1#!
#!encrypt#!26#!

M*OZn:P\Yp>E.s,p#Zp"h~A
#!encrypt#!4#!N%Ti#!encrypt#!6#!uamPqP#!encrypt#!3#!NTT#!encrypt#!15#!)(>q64%A%.a1z1%#!encrypt#!9#!Nb L<c|%k#!encrypt#!6#!NamPBC#!encrypt#!2#!N+#!encrypt#!4#! #Tn#!encrypt#!1#!
#!encrypt#!73#!-T_Zn;^^D!LZY3<L&!d:LC&{ct:REUm#-T_Zn;^^D!LZY3<L&!d:LC&{ct:REUm#-T_Zn;^^
#!encrypt#!71#!N%Tip^?\=p?#I#'E9^#{Fni`GQ$v5~g#N@!itipgDxT[ISgr`!#ub5} @^:t,qg3@tTZw|
#!encrypt#!75#!~aH]8Vol]!T+`yw>HE<]{oHx:t/V,[1c,.Aiwp(%ZcbuI-`@OE_Z>Ys-~cSV<Rgr>l40nu)Q)$
#!encrypt#!1#!
#!encrypt#!26#!

M*OZn:P\Yp>E.s,p#Z#"h~A
#!encrypt#!4#!N%Ti#!encrypt#!7#!uamPqdh#!encrypt#!3#!NTT#!encrypt#!16#!)(>q64%AP.?#}c\*#!encrypt#!9#!Nb L<c|%k#!encrypt#!7#!NXy#<=n#!encrypt#!5#!N+mk$#!encrypt#!1#!
#!encrypt#!73#!-T_Zn;^^D!LZY3<L&!d:LC&{ct:REUm#-T_Zn;^^D!LZY3<L&!d:LC&{ct:REUm#-T_Zn;^^
#!encrypt#!72#!N%Tip^?\=p?#I#'E9^#{Fni`(cytTA>r-%:)w1YLg!8 5u@4x-d]?#7_#W$R>[)rS( inVK
#!encrypt#!75#!~aH]8Vol]!T+`yw>HE<]{oHx:t/V,[1c,.Aiwp(%ZcbuI-`@OE_Z>Ys-~cSV<Rgr>l40nu)Q)$
#!encrypt#!1#!
#!encrypt#!26#!

M*OZn:P\Yp>E.s,p#Zc"h~A
#!encrypt#!4#!N%Ti#!encrypt#!6#!uamPqd#!encrypt#!3#!NTT#!encrypt#!15#!)(>q64%A%.a1z1%#!encrypt#!8#!NXy#<=7]#!encrypt#!6#!NamPBC#!encrypt#!1#!
#!encrypt#!73#!-T_Zn;^^D!LZY3<L&!d:LC&{ct:REUm#-T_Zn;^^D!LZY3<L&!d:LC&{ct:REUm#-T_Zn;^^
#!encrypt#!71#!N%Tip^?\=p?#I#'E9^#{Fni`(Q$v5~g#N@!itipgDxT[ISgr`!#ub5} @^:t,qg3@tTZw|
#!encrypt#!75#!~aH]8Vol]!T+`yw>HE<]{oHx:t/V,[1c,.Aiwp(%ZcbuI-`@OE_Z>Ys-~cSV<Rgr>l40nu)Q)$
#!encrypt#!1#!
#!encrypt#!25#!N%Ti<^6\+j81{o%/`"z!U:t#
#!encrypt#!26#!

M*OZn:P\Yp>E.s,p#Z>"h~A
#!encrypt#!4#!N%Ti#!encrypt#!6#!+IbjNX#!encrypt#!3#!NTT#!encrypt#!3#!{t|#!encrypt#!6#!NZypB|#!encrypt#!7#!NXy#<=7#!encrypt#!1#!
#!encrypt#!73#!-T_Zn;^^D!LZY3<L&!d:LC&{ct:REUm#-T_Zn;^^D!LZY3<L&!d:LC&{ct:REUm#-T_Zn;^^
#!encrypt#!71#!N%Tip^?\=p?#I#'E9^#/,'gLyQ$v5~g#N@!itipgDxT[ISgr`!#ub5} @^:t,qg3@tTZw|
#!encrypt#!75#!~aH]8Vol]!T+`yw>HE<]{oHx:t/V,[1c,.Aiwp(%ZcbuI-`@OE_Z>Ys-~cSV<Rgr>l40nu)Q)$
#!encrypt#!1#!
#!encrypt#!26#!

M*OZn:P\Yp>E.s,p#Za"h~A
#!encrypt#!4#!N%Ti#!encrypt#!6#!+GO7a|#!encrypt#!3#!NTT#!encrypt#!3#!{t|#!encrypt#!6#!NamPB|#!encrypt#!6#!NamPBC#!encrypt#!1#!
#!encrypt#!73#!-T_Zn;^^D!LZY3<L&!d:LC&{ct:REUm#-T_Zn;^^D!LZY3<L&!d:LC&{ct:REUm#-T_Zn;^^
#!encrypt#!71#!N%Tip^?\=p?#I#'E9^#/><6-VQ$v5~g#N@!itipgDxT[ISgr`!#ub5} @^:t,qg3@tTZw|
#!encrypt#!75#!~aH]8Vol]!T+`yw>HE<]{oHx:t/V,[1c,.Aiwp(%ZcbuI-`@OE_Z>Ys-~cSV<Rgr>l40nu)Q)$
#!encrypt#!1#!
#!encrypt#!26#!

M*OZn:P\Yp>E.s,p#Z "h~A
#!encrypt#!4#!N%Ti#!encrypt#!6#!+dtOQe#!encrypt#!3#!NTT#!encrypt#!3#!{t|#!encrypt#!7#!NM87NuK#!encrypt#!7#!NXy#<=7#!encrypt#!1#!
#!encrypt#!73#!-T_Zn;^^D!LZY3<L&!d:LC&{ct:REUm#-T_Zn;^^D!LZY3<L&!d:LC&{ct:REUm#-T_Zn;^^
#!encrypt#!71#!N%Tip^?\=p?#I#'E9^#/ck0l\Q$v5~g#N@!itipgDxT[ISgr`!#ub5} @^:t,qg3@tTZw|
#!encrypt#!75#!~aH]8Vol]!T+`yw>HE<]{oHx:t/V,[1c,.Aiwp(%ZcbuI-`@OE_Z>Ys-~cSV<Rgr>l40nu)Q)$
#!encrypt#!1#!
#!encrypt#!24#!N%Ti<^6\+j81{o%/`r|tck=
#!encrypt#!26#!

M*OZn:P\Yp>E.s,p#Z5"h~A
#!encrypt#!4#!N%Ti#!encrypt#!6#!+wb?Je#!encrypt#!3#!NTT#!encrypt#!2#!k1#!encrypt#!6#!NamPB|#!encrypt#!6#!NamPBC#!encrypt#!1#!
#!encrypt#!73#!-T_Zn;^^D!LZY3<L&!d:LC&{ct:REUm#-T_Zn;^^D!LZY3<L&!d:LC&{ct:REUm#-T_Zn;^^
#!encrypt#!71#!N%Tip^?\=p?#I#'E9^#/5'-U\Q$v5~g#N@!itipgDxT[ISgr`!#ub5} @^:t,qg3@tTZw|
#!encrypt#!75#!~aH]8Vol]!T+`yw>HE<]{oHx:t/V,[1c,.Aiwp(%ZcbuI-`@OE_Z>Ys-~cSV<Rgr>l40nu)Q)$
#!encrypt#!1#!
#!encrypt#!26#!

M*OZn:P\Yp>E.s,p#Z$"h~A
#!encrypt#!4#!N%Ti#!encrypt#!6#!+woRLm#!encrypt#!3#!NTT#!encrypt#!5#!58>q=#!encrypt#!7#!NMuOLXP#!encrypt#!7#!N+y#Z^+#!encrypt#!1#!
#!encrypt#!73#!-T_Zn;^^D!LZY3<L&!d:LC&{ct:REUm#-T_Zn;^^D!LZY3<L&!d:LC&{ct:REUm#-T_Zn;^^
#!encrypt#!71#!N%Tip^?\=p?#I#'E9^#/5ekWPQ$v5~g#N@!itipgDxT[ISgr`!#ub5} @^:t,qg3@tTZw|
#!encrypt#!75#!~aH]8Vol]!T+`yw>HE<]{oHx:t/V,[1c,.Aiwp(%ZcbuI-`@OE_Z>Ys-~cSV<Rgr>l40nu)Q)$
#!encrypt#!1#!
#!encrypt#!24#!N%Ti<^6\+j81{o%/`rp#>>6
#!encrypt#!26#!

M*OZn:P\Yp>E.s,p#+?"h~A
#!encrypt#!4#!N%Ti#!encrypt#!8#!qoY.3\6\#!encrypt#!3#!NTT#!encrypt#!6#!=(k9G3#!encrypt#!7#!NMu%BmV#!encrypt#!2#!N+#!encrypt#!5#! #TRN#!encrypt#!1#!
#!encrypt#!73#!-T_Zn;^^D!LZY3<L&!d:LC&{ct:REUm#-T_Zn;^^D!LZY3<L&!d:LC&{ct:REUm#-T_Zn;^^
#!encrypt#!73#!N%Tip^?\=p?#I#'E9^#4;HQj%%+N>Ct:NTT!WVIs9xLp`Hxbe1#:{7N$FL0tE4YAN-}zw;%W
#!encrypt#!75#!~aH]8Vol]!T+`yw>HE<]{oHx:t/V,[1c,.Aiwp(%ZcbuI-`@OE_Z>Ys-~cSV<Rgr>l40nu)Q)$
#!encrypt#!1#!
#!encrypt#!24#!N%Ti<^6\+j81{o%/`rp1,]-
#!encrypt#!26#!

M*OZn:P\Yp>E.s,p#+,"h~A
#!encrypt#!4#!N%Ti#!encrypt#!6#!+It%Q|#!encrypt#!3#!NTT#!encrypt#!13#!)(>q64%A+\R(=#!encrypt#!7#!NMOnmnP#!encrypt#!9#!NamPqfGy%#!encrypt#!1#!
#!encrypt#!73#!-T_Zn;^^D!LZY3<L&!d:LC&{ct:REUm#-T_Zn;^^D!LZY3<L&!d:LC&{ct:REUm#-T_Zn;^^
#!encrypt#!71#!N%Tip^?\=p?#I#'E9^#/,k$lVQ$v5~g#N@!itipgDxT[ISgr`!#ub5} @^:t,qg3@tTZw|
#!encrypt#!75#!~aH]8Vol]!T+`yw>HE<]{oHx:t/V,[1c,.Aiwp(%ZcbuI-`@OE_Z>Ys-~cSV<Rgr>l40nu)Q)$
#!encrypt#!1#!
#!encrypt#!24#!N%Ti<^6\+j81{o%/`r?+#t6
#!encrypt#!26#!

M*OZn:P\Yp>E.s,p#+p"h~A
#!encrypt#!4#!N%Ti#!encrypt#!6#!qoY.Y~#!encrypt#!3#!NTT#!encrypt#!16#!)(>q64%AP.?#}c\*#!encrypt#!7#!NM&n|nK#!encrypt#!6#!NZypB|#!encrypt#!1#!
#!encrypt#!73#!-T_Zn;^^D!LZY3<L&!d:LC&{ct:REUm#-T_Zn;^^D!LZY3<L&!d:LC&{ct:REUm#-T_Zn;^^
#!encrypt#!71#!N%Tip^?\=p?#I#'E9^#4;HQXqQ$v5~g#N@!itipgDxT[ISgr`!#ub5} @^:t,qg3@tTZw|
#!encrypt#!75#!~aH]8Vol]!T+`yw>HE<]{oHx:t/V,[1c,.Aiwp(%ZcbuI-`@OE_Z>Ys-~cSV<Rgr>l40nu)Q)$
#!encrypt#!1#!
#!encrypt#!24#!N%Ti<^6\+j81{o%/`r<+ t=
#!encrypt#!26#!

M*OZn:P\Yp>E.s,p#+#"h~A
#!encrypt#!4#!N%Ti#!encrypt#!12#!qoY./KnfxXVn#!encrypt#!3#!NTT#!encrypt#!3#!68=#!encrypt#!7#!NM&OQe<#!encrypt#!7#!NamPqw*#!encrypt#!1#!
#!encrypt#!73#!-T_Zn;^^D!LZY3<L&!d:LC&{ct:REUm#-T_Zn;^^D!LZY3<L&!d:LC&{ct:REUm#-T_Zn;^^
#!encrypt#!77#!N%Tip^?\=p?#I#'E9^#4;HQchkgPI|OANFx!w;%sOxo3+u<3j&#S8P7{0Syt Qdr-%K)w)QLg!8 
#!encrypt#!75#!~aH]8Vol]!T+`yw>HE<]{oHx:t/V,[1c,.Aiwp(%ZcbuI-`@OE_Z>Ys-~cSV<Rgr>l40nu)Q)$
#!encrypt#!1#!
#!encrypt#!24#!N%Ti<^6\+j81{o%/`r<#a<s
#!encrypt#!26#!

M*OZn:P\Yp>E.s,p#+c"h~A
#!encrypt#!4#!N%Ti#!encrypt#!6#!+do%mm#!encrypt#!3#!NTT#!encrypt#!2#!k1#!encrypt#!9#!Nx4*C^*Fd#!encrypt#!9#!Nb L<c|%k#!encrypt#!1#!
#!encrypt#!73#!-T_Zn;^^D!LZY3<L&!d:LC&{ct:REUm#-T_Zn;^^D!LZY3<L&!d:LC&{ct:REUm#-T_Zn;^^
#!encrypt#!71#!N%Tip^?\=p?#I#'E9^#/ce$~PQ$v5~g#N@!itipgDxT[ISgr`!#ub5} @^:t,qg3@tTZw|
#!encrypt#!75#!~aH]8Vol]!T+`yw>HE<]{oHx:t/V,[1c,.Aiwp(%ZcbuI-`@OE_Z>Ys-~cSV<Rgr>l40nu)Q)$
#!encrypt#!1#!
#!encrypt#!26#!

M*OZn:P\Yp>E.s,p#+>"h~A
#!encrypt#!4#!N%Ti#!encrypt#!11#!Wa4Rr=?@xjV#!encrypt#!3#!NTT#!encrypt#!3#!68=#!encrypt#!6#!NZypB|#!encrypt#!7#!NMO%|0V#!encrypt#!1#!
#!encrypt#!73#!-T_Zn;^^D!LZY3<L&!d:LC&{ct:REUm#-T_Zn;^^D!LZY3<L&!d:LC&{ct:REUm#-T_Zn;^^
#!encrypt#!76#!N%Tip^?\=p?#I#'E9^#6F}ky dkP:|)r~r:inVYjgC"/I3x>4-{WO5&$VQ$ gug#N;!i5opgDxT
#!encrypt#!75#!~aH]8Vol]!T+`yw>HE<]{oHx:t/V,[1c,.Aiwp(%ZcbuI-`@OE_Z>Ys-~cSV<Rgr>l40nu)Q)$
#!encrypt#!1#!
#!encrypt#!23#!N%Ti<^6\+j81{o%/`Gz$,7
#!encrypt#!24#!N%Ti<^6\+j81{o%/`r?1 '-
#!encrypt#!26#!

M*OZn:P\Yp>E.s,p#+a"h~A
#!encrypt#!4#!N%Ti#!encrypt#!11#!FlEp2I_[Z.Y#!encrypt#!3#!NTT#!encrypt#!3#!68=#!encrypt#!7#!N~ff{/J#!encrypt#!9#!N~ADOdBCl#!encrypt#!1#!
#!encrypt#!73#!-T_Zn;^^D!LZY3<L&!d:LC&{ct:REUm#-T_Zn;^^D!LZY3<L&!d:LC&{ct:REUm#-T_Zn;^^
#!encrypt#!76#!N%Tip^?\=p?#I#'E9^#<&;INDPT`"})r~r:inVYjgC"/I3x>4-{WO5&$VQ$ gug#N;!i5opgDxT
#!encrypt#!75#!~aH]8Vol]!T+`yw>HE<]{oHx:t/V,[1c,.Aiwp(%ZcbuI-`@OE_Z>Ys-~cSV<Rgr>l40nu)Q)$
#!encrypt#!1#!
#!encrypt#!26#!

M*OZn:P\Yp>E.s,p#+ "h~A
#!encrypt#!4#!N%Ti#!encrypt#!11#!FlEp2X_[Z.Y#!encrypt#!3#!NTT#!encrypt#!3#!68=#!encrypt#!7#!N~ff{/<#!encrypt#!9#!N~uDOdBCl#!encrypt#!1#!
#!encrypt#!73#!-T_Zn;^^D!LZY3<L&!d:LC&{ct:REUm#-T_Zn;^^D!LZY3<L&!d:LC&{ct:REUm#-T_Zn;^^
#!encrypt#!76#!N%Tip^?\=p?#I#'E9^#<&;INyPT`"})r~r:inVYjgC"/I3x>4-{WO5&$VQ$ gug#N;!i5opgDxT
#!encrypt#!75#!~aH]8Vol]!T+`yw>HE<]{oHx:t/V,[1c,.Aiwp(%ZcbuI-`@OE_Z>Ys-~cSV<Rgr>l40nu)Q)$
#!encrypt#!1#!
#!encrypt#!26#!

M*OZn:P\Yp>E.s,p#+5"h~A
#!encrypt#!4#!N%Ti#!encrypt#!11#!FlEp2`_[Z.Y#!encrypt#!3#!NTT#!encrypt#!3#!68=#!encrypt#!7#!N~ff{/]#!encrypt#!9#!N~oDOdBCl#!encrypt#!1#!
#!encrypt#!73#!-T_Zn;^^D!LZY3<L&!d:LC&{ct:REUm#-T_Zn;^^D!LZY3<L&!d:LC&{ct:REUm#-T_Zn;^^
#!encrypt#!76#!N%Tip^?\=p?#I#'E9^#<&;INXPT`"})r~r:inVYjgC"/I3x>4-{WO5&$VQ$ gug#N;!i5opgDxT
#!encrypt#!75#!~aH]8Vol]!T+`yw>HE<]{oHx:t/V,[1c,.Aiwp(%ZcbuI-`@OE_Z>Ys-~cSV<Rgr>l40nu)Q)$
#!encrypt#!1#!
#!encrypt#!26#!

M*OZn:P\Yp>E.s,p#+$"h~A
#!encrypt#!4#!N%Ti#!encrypt#!11#!FlEp2n_[Z.Y#!encrypt#!3#!NTT#!encrypt#!3#!68=#!encrypt#!7#!N~ff{/>#!encrypt#!9#!N~IDOdBCl#!encrypt#!1#!
#!encrypt#!73#!-T_Zn;^^D!LZY3<L&!d:LC&{ct:REUm#-T_Zn;^^D!LZY3<L&!d:LC&{ct:REUm#-T_Zn;^^
#!encrypt#!76#!N%Tip^?\=p?#I#'E9^#<&;INAPT`"})r~r:inVYjgC"/I3x>4-{WO5&$VQ$ gug#N;!i5opgDxT
#!encrypt#!75#!~aH]8Vol]!T+`yw>HE<]{oHx:t/V,[1c,.Aiwp(%ZcbuI-`@OE_Z>Ys-~cSV<Rgr>l40nu)Q)$
#!encrypt#!1#!
#!encrypt#!26#!

M*OZn:P\Yp>E.s,p##?"h~A
#!encrypt#!4#!N%Ti#!encrypt#!11#!FlEp2m_[Z.Y#!encrypt#!3#!NTT#!encrypt#!3#!68=#!encrypt#!7#!N~ff{/V#!encrypt#!9#!N~8DOdBCl#!encrypt#!1#!
#!encrypt#!73#!-T_Zn;^^D!LZY3<L&!d:LC&{ct:REUm#-T_Zn;^^D!LZY3<L&!d:LC&{ct:REUm#-T_Zn;^^
#!encrypt#!76#!N%Tip^?\=p?#I#'E9^#<&;INPPT`"})r~r:inVYjgC"/I3x>4-{WO5&$VQ$ gug#N;!i5opgDxT
#!encrypt#!75#!~aH]8Vol]!T+`yw>HE<]{oHx:t/V,[1c,.Aiwp(%ZcbuI-`@OE_Z>Ys-~cSV<Rgr>l40nu)Q)$
#!encrypt#!1#!
#!encrypt#!26#!

M*OZn:P\Yp>E.s,p##,"h~A
#!encrypt#!4#!N%Ti#!encrypt#!11#!FlEp2e_[Z.Y#!encrypt#!3#!NTT#!encrypt#!3#!68=#!encrypt#!7#!N~ff{/P#!encrypt#!9#!N~ODOdBCl#!encrypt#!1#!
#!encrypt#!73#!-T_Zn;^^D!LZY3<L&!d:LC&{ct:REUm#-T_Zn;^^D!LZY3<L&!d:LC&{ct:REUm#-T_Zn;^^
#!encrypt#!76#!N%Tip^?\=p?#I#'E9^#<&;IN\PT`"})r~r:inVYjgC"/I3x>4-{WO5&$VQ$ gug#N;!i5opgDxT
#!encrypt#!75#!~aH]8Vol]!T+`yw>HE<]{oHx:t/V,[1c,.Aiwp(%ZcbuI-`@OE_Z>Ys-~cSV<Rgr>l40nu)Q)$
#!encrypt#!1#!
#!encrypt#!26#!

M*OZn:P\Yp>E.s,p##p"h~A
#!encrypt#!4#!N%Ti#!encrypt#!11#!FlEp20_[Z.Y#!encrypt#!3#!NTT#!encrypt#!3#!68=#!encrypt#!7#!N~ff{/)#!encrypt#!9#!N~bDOdBCl#!encrypt#!1#!
#!encrypt#!73#!-T_Zn;^^D!LZY3<L&!d:LC&{ct:REUm#-T_Zn;^^D!LZY3<L&!d:LC&{ct:REUm#-T_Zn;^^
#!encrypt#!76#!N%Tip^?\=p?#I#'E9^#<&;IN6PT`"})r~r:inVYjgC"/I3x>4-{WO5&$VQ$ gug#N;!i5opgDxT
#!encrypt#!75#!~aH]8Vol]!T+`yw>HE<]{oHx:t/V,[1c,.Aiwp(%ZcbuI-`@OE_Z>Ys-~cSV<Rgr>l40nu)Q)$
#!encrypt#!1#!
#!encrypt#!26#!

M*OZn:P\Yp>E.s,p###"h~A
#!encrypt#!4#!N%Ti#!encrypt#!11#!FlEp2u_[Z.Y#!encrypt#!3#!NTT#!encrypt#!3#!68=#!encrypt#!7#!N~ff{/d#!encrypt#!9#!N~tDOdBCl#!encrypt#!1#!
#!encrypt#!73#!-T_Zn;^^D!LZY3<L&!d:LC&{ct:REUm#-T_Zn;^^D!LZY3<L&!d:LC&{ct:REUm#-T_Zn;^^
#!encrypt#!91#!N%Tip^?\=p?#I#'E9^#<&;IN;PT`"})r~r:inVYjgC"/I3xPUEN]uZ $c^<b,hYQP%3qeV^g:T_i5u@2x-d]c76LPw
#!encrypt#!75#!~aH]8Vol]!T+`yw>HE<]{oHx:t/V,[1c,.Aiwp(%ZcbuI-`@OE_Z>Ys-~cSV<Rgr>l40nu)Q)$
#!encrypt#!1#!
#!encrypt#!26#!

M*OZn:P\Yp>E.s,p##c"h~A
#!encrypt#!4#!N%Ti#!encrypt#!11#!FlEp2C_[Z.Y#!encrypt#!3#!NTT#!encrypt#!3#!68=#!encrypt#!7#!N~ff{/h#!encrypt#!9#!N~&DOdBCl#!encrypt#!1#!
#!encrypt#!73#!-T_Zn;^^D!LZY3<L&!d:LC&{ct:REUm#-T_Zn;^^D!LZY3<L&!d:LC&{ct:REUm#-T_Zn;^^
#!encrypt#!91#!N%Tip^?\=p?#I#'E9^#<&;INIPT`"})r~r:inVYjgC"/I3xOriN]uZ $c^<l'%KVP%3qeV^g:1Cg5u@2x-d]a]6M6V
#!encrypt#!75#!~aH]8Vol]!T+`yw>HEL]{oHx:t/V,[1c,.Aiwp(%ZcbuI-`@OE_Z>Ys-~cSV<Rgr>l40nu)Q)$
#!encrypt#!1#!
#!encrypt#!26#!

M*OZn:P\Yp>E.s,p##>"h~A
#!encrypt#!4#!N%Ti#!encrypt#!9#!><-gqwG5_#!encrypt#!3#!NTT#!encrypt#!3#!68=#!encrypt#!5#!N@M~x#!encrypt#!7#!N1fI<c|#!encrypt#!1#!
#!encrypt#!73#!-T_Zn;^^D!LZY3<L&!d:LC&{ct:REUm#-T_Zn;^^D!LZY3<L&!d:LC&{ct:REUm#-T_Zn;^^
#!encrypt#!86#!N%Tip^?\=p?#I#'E9^#^vw|`5_tLo4+'%%_iS$%'#>8ZI{~1`Iuc{C7L;~.*o4Cg6%_iB`djg?+/I3xJKNy3?
#!encrypt#!75#!~aH]8Vol]!T+`yw>HEL]{oHx:t/V,[1c,.Aiwp(%ZcbuI-`@OE_Z>Ys-~cSV<Rgr>l40nu)Q)$
#!encrypt#!1#!
#!encrypt#!26#!

M*OZn:P\Yp>E.s,p##a"h~A
#!encrypt#!4#!N%Ti#!encrypt#!9#!.<mfq"Gyk#!encrypt#!3#!NTT#!encrypt#!3#!{t|#!encrypt#!5#!NxM#$#!encrypt#!5#!N@M~x#!encrypt#!1#!
#!encrypt#!73#!-T_Zn;^^D!LZY3<L&!d:LC&{ct:REUm#-T_Zn;^^D!LZY3<L&!d:LC&{ct:REUm#-T_Zn;^^
#!encrypt#!82#!N%Tip^?\=p?#I#'E9^#2vnn`?_bGo4+'%%_iS$%'#>8ZI-=3=5;]L5k#D5EN>OnHNTT7WV&!9xLp7T8PS
#!encrypt#!75#!~aH]8Vol]!T+`yw>HEL]{oHx:t/V,[1c,.Aiwp(%ZcbuI-`@OE_Z>Ys-~c"V<3gr>l40nu)Q)$
#!encrypt#!1#!
#!encrypt#!26#!

M*OZn:P\Yp>E.s,p## "h~A
#!encrypt#!4#!N%Ti#!encrypt#!7#!>OqfK((#!encrypt#!3#!NTT#!encrypt#!3#!{t|#!encrypt#!6#!N8N_<^#!encrypt#!5#!N@y"(#!encrypt#!1#!
#!encrypt#!73#!-T_Zn;^^D!LZY3<L&!d:LC&{ct:REUm#-T_Zn;^^D!LZY3<L&!d:LC&{ct:REUm#-T_Zn;^^
#!encrypt#!81#!N%Tip^?\=p?#I#'E9^#^VunAzRytTA>r-%:)w1YLg!8F5u@4x-d],kk7AQ$ gug#NIt)w)QLg!8ixT~O
#!encrypt#!75#!~aH]8Vol]!T+`yw>HEL]{oHx:t/V,[1c,.Aiwp(%ZcbuI-`@OE_Z>Ys-~wmV<%gr>l40nu)Q)$
#!encrypt#!1#!
#!encrypt#!26#!

M*OZn:P\Yp>E.s,p##5"h~A
#!encrypt#!4#!N%Ti#!encrypt#!5#!>)y+7#!encrypt#!3#!NTT#!encrypt#!3#!68=#!encrypt#!8#!N{4;$KD\#!encrypt#!5#!N@M~x#!encrypt#!1#!
#!encrypt#!73#!-T_Zn;^^D!LZY3<L&!d:LC&{ct:REUm#-T_Zn;^^D!LZY3<L&!d:LC&{ct:REUm#-T_Zn;^^
#!encrypt#!79#!N%Tip^?\=p?#I#'E9^#^UVwu]^^@$4mr%|TtSJ%^gT>pLvY3&-LZp>=v0ER.>Ug`!|TaGJ%^g^C44y
#!encrypt#!75#!~aH]8Vol]!T+`yw>HEL]{oHx:t/V,[1c,wKiwp(%ZcbuI-`@OE_Z>Ys-~c"V<3gr>l40nu)Q)$
#!encrypt#!1#!
#!encrypt#!26#!

M*OZn:P\Yp>E.s,p##$"h~A
#!encrypt#!4#!N%Ti#!encrypt#!10#!>)y+7=o@_.#!encrypt#!3#!NTT#!encrypt#!3#!68=#!encrypt#!6#!N{Y_7?#!encrypt#!7#!N1fI<c|#!encrypt#!1#!
#!encrypt#!73#!-T_Zn;^^D!LZY3<L&!d:LC&{ct:REUm#-T_Zn;^^D!LZY3<L&!d:LC&{ct:REUm#-T_Zn;^^
#!encrypt#!84#!N%Tip^?\=p?#I#'E9^#^UVwu  kL"qg,\@TZwi;g;4gpYu`1`Iuc{C7-Iw.bo4Cg6%_ia|;g@AgpYuS5#WD
#!encrypt#!75#!~aH]8Vol]!T+`yw>HEL]{oHx:t/V,[1c,wKiwp(%ZcbuI-`@OE_Z>Ys-~cSV<Rgr>l40nu)Q)$
#!encrypt#!1#!
#!encrypt#!23#!N%Ti<^6\+j81{o%/`nj4h[
#!encrypt#!26#!

M*OZn:P\Yp>E.s,p#t?"h~A
#!encrypt#!4#!N%Ti#!encrypt#!10#!.<mfq"B#'k#!encrypt#!3#!NTT#!encrypt#!3#!{t|#!encrypt#!5#!NxM#$#!encrypt#!11#!N{Y_7?_[Z.Y#!encrypt#!1#!
#!encrypt#!73#!-T_Zn;^^D!LZY3<L&!d:LC&{ct:REUm#-T_Zn;^^D!LZY3<L&!d:LC&{ct:REUm#-T_Zn;^^
#!encrypt#!86#!N%Tip^?\=p?#I#'E9^#2vnn`?H_nDqg,\@TZwi;g;4gpYuR,4-{WO5&$A~mj'qgl@tTZwnPjg?+/I3x=Sc|l5
#!encrypt#!75#!~aH]8Vol]!T+`yw>HEL]{oHx:t/V,[1c,wKiwp(%ZcbuI-`@OE_Z>Ys-~c"V<3gr>l40nu)Q)$
#!encrypt#!1#!
#!encrypt#!26#!

M*OZn:P\Yp>E.s,p#t,"h~A
#!encrypt#!4#!N%Ti#!encrypt#!7#!?OqfK((#!encrypt#!3#!NTT#!encrypt#!3#!{t|#!encrypt#!5#!Nty"(#!encrypt#!6#!N8N_<^#!encrypt#!1#!
#!encrypt#!73#!-T_Zn;^^D!LZY3<L&!d:LC&{ct:REUm#-T_Zn;^^D!LZY3<L&!d:LC&{ct:REUm#-T_Zn;^^
#!encrypt#!81#!N%Tip^?\=p?#I#'E9^#!VunAzRytTA>r-%:)w1YLg!8F5u@4x-d],p-lyQ$ gug#NIt)w)QLg!8ihij=
#!encrypt#!75#!~aH]8Vol]!T+`yw>HE)]{oHx:t/V,[1c,wKiwp(%ZcbuI-`@OE_Z>Ys-~c"V<3gr>l40nu)Q)$
#!encrypt#!1#!
#!encrypt#!26#!

M*OZn:P\Yp>E.s,p#tp"h~A
#!encrypt#!4#!N%Ti#!encrypt#!5#!?)y+7#!encrypt#!3#!NTT#!encrypt#!3#!68=#!encrypt#!8#!No4;$KD\#!encrypt#!10#!N{M~x=o@_.#!encrypt#!1#!
#!encrypt#!73#!-T_Zn;^^D!LZY3<L&!d:LC&{ct:REUm#-T_Zn;^^D!LZY3<L&!d:LC&{ct:REUm#-T_Zn;^^
#!encrypt#!79#!N%Tip^?\=p?#I#'E9^#!UVwu]^^@$4mr%|TtSJ%^gT>pLvY3&-Luaehv0ER.>Ug`!|TaGJ%^g^5%x4
#!encrypt#!75#!~aH]8Vol]!T+`yw>HE)]{oHx:t/V,[1c,wKiwp(%ZcbuI-`@OE_Z>Ys-~c"V<3gr>l40nu)Q)$
#!encrypt#!1#!
#!encrypt#!26#!

M*OZn:P\Yp>E.s,p#t#"h~A
#!encrypt#!4#!N%Ti#!encrypt#!10#!?)y+7=o@_.#!encrypt#!3#!NTT#!encrypt#!3#!68=#!encrypt#!6#!NoY_7?#!encrypt#!7#!N1fI<c|#!encrypt#!1#!
#!encrypt#!73#!-T_Zn;^^D!LZY3<L&!d:LC&{ct:REUm#-T_Zn;^^D!LZY3<L&!d:LC&{ct:REUm#-T_Zn;^^
#!encrypt#!84#!N%Tip^?\=p?#I#'E9^#!UVwu  kL"qg,\@TZwi;g;4gpYu`1`Iuc{C7-VVc#o4Cg6%_ia|;g@AgpYuS=S/p
#!encrypt#!75#!~aH]8Vol]!T+`yw>HE)]{oHx:t/V,[1c,wKiwp(%ZcbuI-`@OE_Z>Ys-~cSV<Rgr>l40nu)Q)$
#!encrypt#!1#!
#!encrypt#!23#!N%Ti<^6\+j81{o%/`.j4h[
#!encrypt#!26#!

M*OZn:P\Yp>E.s,p#tc"h~A
#!encrypt#!4#!N%Ti#!encrypt#!6#!+Y&jNm#!encrypt#!3#!NTT#!encrypt#!3#!{t|#!encrypt#!9#!Nt:z<c|%k#!encrypt#!11#!NoY_7?_[Z.Y#!encrypt#!1#!
#!encrypt#!73#!-T_Zn;^^D!LZY3<L&!d:LC&{ct:REUm#-T_Zn;^^D!LZY3<L&!d:LC&{ct:REUm#-T_Zn;^^
#!encrypt#!71#!N%Tip^?\=p?#I#'E9^#/apgLPQ$v5~g#N@!itipgDxT[ISgr`!#ub5} @^:t,qg3@tTZw|
#!encrypt#!75#!~aH]8Vol]!T+`yw>HE)]{oHx:t/V,[1c,wKiwp(%ZcbuI-`@OE_Z>Ys-~cSV<Rgr>l40nu)Q)$
#!encrypt#!1#!
#!encrypt#!26#!

M*OZn:P\Yp>E.s,p#t>"h~A
#!encrypt#!4#!N%Ti#!encrypt#!8#!?{m.O}A:#!encrypt#!3#!NTT#!encrypt#!3#!68=#!encrypt#!7#!NMIRQeV#!encrypt#!6#!Nt<]2/#!encrypt#!1#!
#!encrypt#!73#!-T_Zn;^^D!LZY3<L&!d:LC&{ct:REUm#-T_Zn;^^D!LZY3<L&!d:LC&{ct:REUm#-T_Zn;^^
#!encrypt#!73#!N%Tip^?\=p?#I#'E9^#!DnQeZAqN>Ct:NTT!WVIs9xLp`Hxbe1#:{7N$FL0tE4YAN-}zw;%W
#!encrypt#!75#!~aH]8Vol]!T+`yw>HE)]{oHx:t/V,[1c,wKiwp(%ZcbuI-`@OE_Z>Ys-~cSV<Rgr>l40nu)Q)$
#!encrypt#!1#!
#!encrypt#!24#!N%Ti<^6\+j81{o%/`ryZa<-
#!encrypt#!26#!

M*OZn:P\Yp>E.s,p#ta"h~A
#!encrypt#!4#!N%Ti#!encrypt#!10#!.<mfq%B#'k#!encrypt#!3#!NTT#!encrypt#!3#!{t|#!encrypt#!5#!NxM#$#!encrypt#!11#!NoY_7?_[Z.Y#!encrypt#!1#!
#!encrypt#!73#!-T_Zn;^^D!LZY3<L&!d:LC&{ct:REUm#-T_Zn;^^D!LZY3<L&!d:LC&{ct:REUm#-T_Zn;^^
#!encrypt#!86#!N%Tip^?\=p?#I#'E9^#2vnn`=H_nDqg,\@TZwi;g;4gpYuR>4-{WO5&$\c"k'qgl@tTZweKjg?+/I3xJSipu5
#!encrypt#!75#!~aH]8Vol]!T+`yw>HE)]{oHx:t/V,[1c,wKiwp(%ZcbuI-`@OE_Z>Ys-~c"V<3gr>l40nu)Q)$
#!encrypt#!1#!
#!encrypt#!22#!N%Ti<^6\+j81{o%/`xi!N
#!encrypt#!26#!

M*OZn:P\Yp>E.s,p#t "h~A
#!encrypt#!4#!N%Ti#!encrypt#!6#!+[u&|`#!encrypt#!3#!NTT#!encrypt#!3#!{t|#!encrypt#!5#!N@J\?#!encrypt#!11#!N{Y_7?_[Z.Y#!encrypt#!1#!
#!encrypt#!73#!-T_Zn;^^D!LZY3<L&!d:LC&{ct:REUm#-T_Zn;^^D!LZY3<L&!d:LC&{ct:REUm#-T_Zn;^^
#!encrypt#!71#!N%Tip^?\=p?#I#'E9^#/$>=7XQ$v5~g#N@!itipgDxT[ISgr`!#ub5} @^:t,qg3@tTZw|
#!encrypt#!75#!~aH]8Vol]!T+`yw>HE)]{oHx:t/V,[1c,wKiwp(%ZcbuI-`@OE_Z>Ys-~cSV<Rgr>l40nu)Q)$
#!encrypt#!1#!
#!encrypt#!26#!

M*OZn:P\Yp>E.s,p#t5"h~A
#!encrypt#!4#!N%Ti#!encrypt#!8#!>oh.O}A:#!encrypt#!3#!NTT#!encrypt#!3#!{t|#!encrypt#!7#!NMAcr`]#!encrypt#!9#!N@ !<c|%k#!encrypt#!1#!
#!encrypt#!73#!-T_Zn;^^D!LZY3<L&!d:LC&{ct:REUm#-T_Zn;^^D!LZY3<L&!d:LC&{ct:REUm#-T_Zn;^^
#!encrypt#!73#!N%Tip^?\=p?#I#'E9^#^;JQeZAqN>Ct:NTT!WVIs9xLp`Hxbe1#:{7N$FL0tE4YAN-}zw;%W
#!encrypt#!75#!~aH]8Vol]!T+`yw>HE)]{oHx:t/V,[1c,wKiwp(%ZcbuI-`@OE_Z>Ys-~cSV<Rgr>l40nu)Q)$
#!encrypt#!1#!
#!encrypt#!24#!N%Ti<^6\+j81{o%/`r03?e$
#!encrypt#!26#!

M*OZn:P\Yp>E.s,p#t$"h~A
#!encrypt#!4#!N%Ti#!encrypt#!6#!?}nf{"#!encrypt#!3#!NTT#!encrypt#!3#!{t|#!encrypt#!8#!Nt0\#K(0#!encrypt#!6#!Nt<]2/#!encrypt#!1#!
#!encrypt#!73#!-T_Zn;^^D!LZY3<L&!d:LC&{ct:REUm#-T_Zn;^^D!LZY3<L&!d:LC&{ct:REUm#-T_Zn;^^
#!encrypt#!71#!N%Tip^?\=p?#I#'E9^#!E:nx?Q$v5~g#N@!itipgDxT[ISgr`!#ub5} @^:t,qg3@tTZw|
#!encrypt#!75#!~aH]8Vol]!T+`yw>HE)]{oHx:t/V,[1c,wKiwp(%ZcbuI-`@OE_Z>Ys-~cSV<Rgr>l40nu)Q)$
#!encrypt#!1#!
#!encrypt#!26#!

M*OZn:P\Yp>E.s,p#-?"h~A
#!encrypt#!4#!N%Ti#!encrypt#!6#!+IOR|e#!encrypt#!3#!NTT#!encrypt#!3#!68=#!encrypt#!5#!N}p~>#!encrypt#!7#!No0.$PM#!encrypt#!1#!
#!encrypt#!73#!-T_Zn;^^D!LZY3<L&!d:LC&{ct:REUm#-T_Zn;^^D!LZY3<L&!d:LC&{ct:REUm#-T_Zn;^^
#!encrypt#!84#!N%Tip^?\=p?#I#'E9^#/,<k7\Q$v5~g#N@!itipgDxCF5u@4x-d]pk=MIQ$ gug#Nf&jJ$%77>8ZIi$OUg?
#!encrypt#!75#!~aH]8Vol]!T+`yw>HE)]{oHx:t/V,[1c,wKiwp(%ZcbuI-`@OE_Z>Ys-~cSV<Rgr>l40nu)Q)$
#!encrypt#!1#!
#!encrypt#!26#!

M*OZn:P\Yp>E.s,p#-,"h~A
#!encrypt#!4#!N%Ti#!encrypt#!6#!+wIjrC#!encrypt#!7#!NTTmgEQ#!encrypt#!5#!N@J\?#!encrypt#!4#!N+0g#!encrypt#!7#!N+K}r|h#!encrypt#!1#!
#!encrypt#!73#!-T_Zn;^^D!LZY3<L&!d:LC&{ct:REUm#-T_Zn;^^D!LZY3<L&!d:LC&{ct:REUm#-T_Zn;^^
#!encrypt#!71#!N%Tip^?\=p?#I#'E9^#/5tgyIQ$v5~g#N@!itipgDxT[ISgr`!#ub5} @^:t,qg3@tTZw|
#!encrypt#!75#!~aH]8Vol]!T+`yw>HE)]{oHx:t/V,[1c,wKiwp(%ZcbuI-`@OE_Z>Ys-~cSV<Rgr>l40nu)Q)$
#!encrypt#!1#!
#!encrypt#!26#!

M*OZn:P\Yp>E.s,p#-p"h~A
#!encrypt#!4#!N%Ti#!encrypt#!5#!+.OuL#!encrypt#!3#!NTT#!encrypt#!3#!68=#!encrypt#!5#!N@J\?#!encrypt#!7#!NMujQ|h#!encrypt#!1#!
#!encrypt#!73#!-T_Zn;^^D!LZY3<L&!d:LC&{ct:REUm#-T_Zn;^^D!LZY3<L&!d:LC&{ct:REUm#-T_Zn;^^
#!encrypt#!70#!N%Tip^?\=p?#I#'E9^#/ <UW]^^@$4mr%|TtSJ%^g >pLvY3&-Dr{xf'0t$bo4Sg6%_ir
#!encrypt#!75#!~aH]8Vol]!T+`yw>HE)]{oHx:t/V,[1c,wKiwp(%ZcbuI-`@OE_Z>Ys-~cSV<Rgr>l40nu)Q)$
#!encrypt#!1#!
#!encrypt#!24#!N%Ti<^6\+j81{o%/`rpla7k
#!encrypt#!26#!

M*OZn:P\Yp>E.s,p#-#"h~A
#!encrypt#!4#!N%Ti#!encrypt#!10#!>BpXT~+F+j#!encrypt#!3#!NTT#!encrypt#!3#!68=#!encrypt#!7#!NM&7B`P#!encrypt#!6#!NMo7 m#!encrypt#!1#!
#!encrypt#!73#!-T_Zn;^^D!LZY3<L&!d:LC&{ct:REUm#-T_Zn;^^D!LZY3<L&!d:LC&{ct:REUm#-T_Zn;^^
#!encrypt#!88#!N%Tip^?\=p?#I#'E9^#^K1Tdq1O7:qg,\@TZwi;g;4gpYu`P4-{WO5&$;w/jMqgl@tTZwuhO),8\rMxL`W?t$t6
#!encrypt#!75#!~aH]8Vol]!T+`yw>HE)]{oHx:t/V,[1c,wKiwp(%ZcbuI-`@OE_Z>Ys-~cSV<Rgr>l40nu)Q)$
#!encrypt#!1#!
#!encrypt#!24#!N%Ti<^6\+j81{o%/`r<t,e6
#!encrypt#!23#!N%Ti<^6\+j81{o%/`rBt$]
#!encrypt#!26#!

M*OZn:P\Yp>E.s,p#-c"h~A
#!encrypt#!4#!N%Ti#!encrypt#!6#!+Y8%re#!encrypt#!3#!NTT#!encrypt#!3#!68=#!encrypt#!11#!N{Y_7?_[Z.Y#!encrypt#!6#!Nt<]2/#!encrypt#!1#!
#!encrypt#!73#!-T_Zn;^^D!LZY3<L&!d:LC&{ct:REUm#-T_Zn;^^D!LZY3<L&!d:LC&{ct:REUm#-T_Zn;^^
#!encrypt#!78#!N%Tip^?\=p?#I#'E9^#/a]$y\Q$v5~g#N@!itipgDxs[ISgr`!##?ehv0ER.>UgJP%DqeV^g:D5gx
#!encrypt#!75#!~aH]8Vol]!T+`yw>HE)]{oHx:t/V,[1c,wKiwp(%ZcbuI-`@OE_Z>Ys-~c"V<3gr>l40nu)Q)$
#!encrypt#!1#!
#!encrypt#!26#!

M*OZn:P\Yp>E.s,p#->"h~A
#!encrypt#!4#!N%Ti#!encrypt#!4#!>#4*#!encrypt#!3#!NTT#!encrypt#!3#!68=#!encrypt#!7#!NMI?||P#!encrypt#!9#!N@ !<c|%k#!encrypt#!1#!
#!encrypt#!73#!-T_Zn;^^D!LZY3<L&!d:LC&{ct:REUm#-T_Zn;^^D!LZY3<L&!d:LC&{ct:REUm#-T_Zn;^^
#!encrypt#!76#!N%Tip^?\=p?#I#'E9^#^N}Gv0T?">Ug:P%3!eV^g:,8\HMxL`=D1p#7_#W$R>3)rS( inVh<J^_
#!encrypt#!75#!~aH]8Vol]!T+`yw>HE)]{oHx:t/V,[1c,wKiwp(%ZcbuI-`@OE_Z>Ys-~cSV<Rgr>l40nu)Q)$
#!encrypt#!1#!
#!encrypt#!24#!N%Ti<^6\+j81{o%/`ry- 76
#!encrypt#!26#!N%Ti<^6\+j81{o%/`5;WU1Y(|
#!encrypt#!26#!

M*OZn:P\Yp>E.s,p#-a"h~A
#!encrypt#!4#!N%Ti#!encrypt#!10#!?Af~2=o@_.#!encrypt#!3#!NTT#!encrypt#!3#!68=#!encrypt#!6#!Nt<]2/#!encrypt#!8#!N1fI\gC%#!encrypt#!1#!
#!encrypt#!73#!-T_Zn;^^D!LZY3<L&!d:LC&{ct:REUm#-T_Zn;^^D!LZY3<L&!d:LC&{ct:REUm#-T_Zn;^^
#!encrypt#!86#!N%Tip^?\=p?#I#'E9^#!f44N  kL"qg,\@TZwi;g;4gpYu$=4-{WO5&$I\/*,qgl@tTZwC>BOx q+u<3Sb<l?
#!encrypt#!75#!~aH]8Vol]!T+`yw>HE)]{oHx:t/V,[1c,wKiwp(%ZcbuI-`@OE_Z>Ys-~cSV<Rgr>l40nu)Q)$
#!encrypt#!1#!
#!encrypt#!26#!

M*OZn:P\Yp>E.s,p#- "h~A
#!encrypt#!4#!N%Ti#!encrypt#!6#!+.O7rm#!encrypt#!3#!NTT#!encrypt#!3#!{t|#!encrypt#!6#!Nt<]2/#!encrypt#!11#!NoY_7?_[Z.Y#!encrypt#!1#!
#!encrypt#!73#!-T_Zn;^^D!LZY3<L&!d:LC&{ct:REUm#-T_Zn;^^D!LZY3<L&!d:LC&{ct:REUm#-T_Zn;^^
#!encrypt#!77#!N%Tip^?\=p?#I#'E9^#/ <6yPQ$v5~g#N@!itipgDxs[ISgr`!#+ct6v0ER.>UgJP%DqeV^g,^C%
#!encrypt#!75#!~aH]8Vol]!T+`yw>HE)]{oHx:t/V,[1c,wKiwp(%ZcbuI-`@OE_Z>Ys-~c"V<3gr>l40nu)Q)$
#!encrypt#!1#!
#!encrypt#!26#!

M*OZn:P\Yp>E.s,p#-5"h~A
#!encrypt#!4#!N%Ti#!encrypt#!6#!+fu?Lm#!encrypt#!3#!NTT#!encrypt#!3#!{t|#!encrypt#!9#!Nt:z<c|%k#!encrypt#!5#!N@J\?#!encrypt#!1#!
#!encrypt#!73#!-T_Zn;^^D!LZY3<L&!d:LC&{ct:REUm#-T_Zn;^^D!LZY3<L&!d:LC&{ct:REUm#-T_Zn;^^
#!encrypt#!71#!N%Tip^?\=p?#I#'E9^#/p>-WPQ$v5~g#N@!itipgDxT[ISgr`!#ub5} @^:t,qg3@tTZw|
#!encrypt#!75#!~aH]8Vol]!T+`yw>HE)]{oHx:t/V,[1c,wKiwp(%ZcbuI-`@OE_Z>Ys-~cSV<Rgr>l40nu)Q)$
#!encrypt#!1#!
#!encrypt#!22#!N%Ti<^6\+j81{o%/`5MdE
#!encrypt#!26#!

M*OZn:P\Yp>E.s,p#-$"h~A
#!encrypt#!4#!N%Ti#!encrypt#!4#!?#4*#!encrypt#!3#!NTT#!encrypt#!3#!68=#!encrypt#!7#!NMo7N|V#!encrypt#!7#!NMtcLmV#!encrypt#!1#!
#!encrypt#!73#!-T_Zn;^^D!LZY3<L&!d:LC&{ct:REUm#-T_Zn;^^D!LZY3<L&!d:LC&{ct:REUm#-T_Zn;^^
#!encrypt#!75#!N%Tip^?\=p?#I#'E9^#!N}Gv0T?">Ug:P%3!eV^g:,8\HMxL`W?lc#7_#W$R>3)rS( inVJBW$
#!encrypt#!75#!~aH]8Vol]!T+`yw>HE)]{oHx:t/V,[1c,wKiwp(%ZcbuI-`@OE_Z>Ys-~cSV<Rgr>l40nu)Q)$
#!encrypt#!1#!
#!encrypt#!24#!N%Ti<^6\+j81{o%/`rBtc7-
#!encrypt#!24#!N%Ti<^6\+j81{o%/`rL3>]-
#!encrypt#!26#!

M*OZn:P\Yp>E.s,p#l?"h~A
#!encrypt#!4#!N%Ti#!encrypt#!7#!b8 zGh{#!encrypt#!8#!NjM#<"n0#!encrypt#!13#!NQff{/h]USAhX#!encrypt#!4#!N+0g#!encrypt#!7#!N}h.$PM#!encrypt#!1#!
#!encrypt#!4#!N%Ti#!encrypt#!7#!b8 zGh{#!encrypt#!6#!NamPBC#!encrypt#!13#!NQff{/h]USAhX#!encrypt#!1#!
#!encrypt#!4#!N%Ti#!encrypt#!7#!b8 zGh{#!encrypt#!13#!NQff{/h]USAhX#!encrypt#!9#!Nx4*C^*Fd#!encrypt#!4#!N+0g#!encrypt#!10#!NkypB|_[1w#!encrypt#!1#!
#!encrypt#!4#!N%Ti#!encrypt#!7#!b8 zGh{#!encrypt#!13#!NQff{/h]USAhX#!encrypt#!13#!NQff{/hWUSAhX#!encrypt#!4#!N+0g#!encrypt#!12#!NkypB|_5ZS)^#!encrypt#!1#!
#!encrypt#!4#!N%Ti#!encrypt#!7#!b8 zGh{#!encrypt#!6#!NamPBC#!encrypt#!6#!NamPB|#!encrypt#!4#!N+0g#!encrypt#!13#!NamPq(AFUmGm{#!encrypt#!1#!
#!encrypt#!4#!N%Ti#!encrypt#!7#!b8 zGh{#!encrypt#!13#!NQff{/h]USAhX#!encrypt#!13#!NQff{/hWUSAhX#!encrypt#!4#!N+0g#!encrypt#!12#!NkypB|_5Zm,m#!encrypt#!1#!
#!encrypt#!4#!N%Ti#!encrypt#!7#!b8 zGh{#!encrypt#!7#!NamPqw*#!encrypt#!6#!NamPB|#!encrypt#!1#!
#!encrypt#!4#!N%Ti#!encrypt#!7#!b8 zGh{#!encrypt#!6#!NamPB|#!encrypt#!13#!NQff{/hWUSAhX#!encrypt#!1#!
#!encrypt#!4#!N%Ti#!encrypt#!7#!b8 zGh{#!encrypt#!13#!NQff{/hWUSAhX#!encrypt#!12#!NQff{/Jfm\Yh#!encrypt#!4#!N+0g#!encrypt#!5#!NZyp #!encrypt#!1#!
#!encrypt#!4#!N%Ti#!encrypt#!7#!b8 zGh{#!encrypt#!12#!NQff{/Jfm\Yh#!encrypt#!12#!NQff{/<fm\Yh#!encrypt#!4#!N+0g#!encrypt#!5#!NZypJ#!encrypt#!1#!
#!encrypt#!4#!N%Ti#!encrypt#!7#!b8 zGh{#!encrypt#!12#!NQff{/<fm\Yh#!encrypt#!12#!NQff{/]fm\Yh#!encrypt#!4#!N+0g#!encrypt#!5#!NZyp|#!encrypt#!1#!
#!encrypt#!4#!N%Ti#!encrypt#!7#!b8 zGh{#!encrypt#!12#!NQff{/]fm\Yh#!encrypt#!12#!NQff{/>fm\Yh#!encrypt#!4#!N+0g#!encrypt#!5#!NZypQ#!encrypt#!1#!
#!encrypt#!4#!N%Ti#!encrypt#!7#!b8 zGh{#!encrypt#!12#!NQff{/>fm\Yh#!encrypt#!12#!NQff{/Vfm\Yh#!encrypt#!4#!N+0g#!encrypt#!5#!NZypL#!encrypt#!1#!
#!encrypt#!4#!N%Ti#!encrypt#!7#!b8 zGh{#!encrypt#!12#!NQff{/Vfm\Yh#!encrypt#!12#!NQff{/Pfm\Yh#!encrypt#!4#!N+0g#!encrypt#!5#!NZypN#!encrypt#!1#!
#!encrypt#!4#!N%Ti#!encrypt#!7#!b8 zGh{#!encrypt#!12#!NQff{/Pfm\Yh#!encrypt#!12#!NQff{/)fm\Yh#!encrypt#!4#!N+0g#!encrypt#!5#!NZypm#!encrypt#!1#!
#!encrypt#!4#!N%Ti#!encrypt#!7#!b8 zGh{#!encrypt#!12#!NQff{/)fm\Yh#!encrypt#!12#!NQff{/dfm\Yh#!encrypt#!4#!N+0g#!encrypt#!5#!NZypa#!encrypt#!1#!
#!encrypt#!4#!N%Ti#!encrypt#!7#!b8 zGh{#!encrypt#!12#!NQff{/dfm\Yh#!encrypt#!12#!NQff{/hfm\Yh#!encrypt#!4#!N+0g#!encrypt#!5#!NZypB#!encrypt#!1#!
#!encrypt#!4#!N%Ti#!encrypt#!7#!b8 zGh{#!encrypt#!12#!NQff{/hfm\Yh#!encrypt#!10#!N{M~x=o@_.#!encrypt#!4#!N+0g#!encrypt#!10#!NcM#$=M@dn#!encrypt#!1#!
#!encrypt#!4#!N%Ti#!encrypt#!7#!b8 zGh{#!encrypt#!12#!NQff{/hfm\Yh#!encrypt#!11#!N{Y_7?_[Z.Y#!encrypt#!4#!N+0g#!encrypt#!11#!NcM#$=M0Pk4#!encrypt#!1#!
#!encrypt#!4#!N%Ti#!encrypt#!7#!b8 zGh{#!encrypt#!12#!NQff{/hfm\Yh#!encrypt#!9#!Noh#q^|#+#!encrypt#!4#!N+0g#!encrypt#!11#!NcM#$=?0Pk4#!encrypt#!1#!
#!encrypt#!4#!N%Ti#!encrypt#!7#!b8 zGh{#!encrypt#!12#!NQff{/hfm\Yh#!encrypt#!11#!NoY_7?_[Z.Y#!encrypt#!4#!N+0g#!encrypt#!11#!NcM#$=?0Pk4#!encrypt#!1#!
#!encrypt#!4#!N%Ti#!encrypt#!7#!b8 zGh{#!encrypt#!12#!NQff{/hfm\Yh#!encrypt#!9#!N{m*q^|#+#!encrypt#!4#!N+0g#!encrypt#!11#!NcM#$=M0Pk4#!encrypt#!1#!
#!encrypt#!4#!N%Ti#!encrypt#!8#!)xwzeo9Y#!encrypt#!11#!N{Y_7?_[Z.Y#!encrypt#!11#!N{J\?d*>1/,#!encrypt#!4#!N+0g#!encrypt#!5#!N{Ep(#!encrypt#!1#!
#!encrypt#!4#!N%Ti#!encrypt#!8#!)xwzeo9Y#!encrypt#!11#!NoY_7?_[Z.Y#!encrypt#!11#!No<]2/_[Z.Y#!encrypt#!4#!N+0g#!encrypt#!5#!NoEp(#!encrypt#!1#!
#!encrypt#!4#!N%Ti#!encrypt#!8#!)xwzeo9Y#!encrypt#!11#!No<]2/_[Z.Y#!encrypt#!8#!Nt0\#K(0#!encrypt#!4#!N+0g#!encrypt#!7#!No0.$PM#!encrypt#!1#!
#!encrypt#!73#!-T_Zn;^^D!LZY3<L&!d:LC&{ct:REUm#-T_Zn;^^D!LZY3<L&!d:LC&{ct:REUm#-T_Zn;^^
#!encrypt#!42#!N%Ti.@tfh| -y?s3,7%=K;~xqR$gTA>gNxwzDx9Ygx#!encrypt#!14#!NFMf{/%D%JR19u#!encrypt#!1#!N#!encrypt#!1#!N#!encrypt#!1#!N#!encrypt#!1#!N#!encrypt#!1#!N#!encrypt#!1#!N#!encrypt#!1#!N#!encrypt#!3#!!%]#!encrypt#!1#!N#!encrypt#!1#!N#!encrypt#!1#!N#!encrypt#!1#!N#!encrypt#!1#!N#!encrypt#!1#!N#!encrypt#!1#!N#!encrypt#!3#!!g
#!encrypt#!42#!N%Ti.@tfh| -y?s3]Am"3:X!=d$gTA>gNxwzDx9Ygx#!encrypt#!14#!NFMf{/%D%JR19u#!encrypt#!1#!N#!encrypt#!1#!N#!encrypt#!1#!N#!encrypt#!1#!N#!encrypt#!1#!N#!encrypt#!1#!N#!encrypt#!1#!N#!encrypt#!3#!!%]#!encrypt#!1#!N#!encrypt#!1#!N#!encrypt#!1#!N#!encrypt#!1#!N#!encrypt#!1#!N#!encrypt#!1#!N#!encrypt#!1#!N#!encrypt#!3#!!g
#!encrypt#!39#!N%Ti.@tfh| -y?s3xk%vF4i$fT?"g48N6F.SDV%#!encrypt#!14#!NFMf{/%D%JR19u#!encrypt#!1#!N#!encrypt#!1#!N#!encrypt#!1#!N#!encrypt#!1#!N#!encrypt#!1#!N#!encrypt#!1#!N#!encrypt#!1#!N#!encrypt#!3#!!%]#!encrypt#!1#!N#!encrypt#!1#!N#!encrypt#!1#!N#!encrypt#!1#!N#!encrypt#!1#!N#!encrypt#!1#!N#!encrypt#!1#!N#!encrypt#!3#!!g
#!encrypt#!75#!~aH]8Vol]!T+`{w>HEB]{oHx:t/V,31c,wOiwp(%ZcbuI-`@ON_Z>Ys-~wcV<Kgr>l40nu]Q)^
#!encrypt#!1#!
#!encrypt#!24#!N%Ti<^6\+j81{o%/`kS{N}G
#!encrypt#!27#!N%Ti<^6\+j81{o%/`Cz$,7QXG'
#!encrypt#!29#!N%Ti<^6\+j81{o%/`Cz$,7Q;% Oi
#!encrypt#!30#!N%Ti<^6\+j81{o%/`XcLrg[x H_Dz
#!encrypt#!29#!N%Ti<^6\+j81{o%/`Cz$,7Q;%H+D
#!encrypt#!22#!N%Ti<^6\+j81{o%/`Gz$$
#!encrypt#!22#!N%Ti<^6\+j81{o%/`Gz$5
#!encrypt#!22#!N%Ti<^6\+j81{o%/`Gz$ 
#!encrypt#!22#!N%Ti<^6\+j81{o%/`Gz$a
#!encrypt#!22#!N%Ti<^6\+j81{o%/`Gz$>
#!encrypt#!22#!N%Ti<^6\+j81{o%/`Gz$c
#!encrypt#!22#!N%Ti<^6\+j81{o%/`Gz$#
#!encrypt#!22#!N%Ti<^6\+j81{o%/`Gz$p
#!encrypt#!22#!N%Ti<^6\+j81{o%/`Gz$,
#!encrypt#!27#!N%Ti<^6\+j81{o%/`ji!N:G!:B
#!encrypt#!28#!N%Ti<^6\+j81{o%/`ji!N:2,h|N
#!encrypt#!28#!N%Ti<^6\+j81{o%/`ji!N:G,h|N
#!encrypt#!22#!N%Ti<^6\+j81{o%/`nh$D
#!encrypt#!22#!N%Ti<^6\+j81{o%/`.h$D
#!encrypt#!24#!N%Ti<^6\+j81{o%/`.!{N}G
#!encrypt#!26#!

M*OZn:P\Yp>E.s,p#l,"h~A
#!encrypt#!4#!N%Ti#!encrypt#!5#!uoh#a#!encrypt#!3#!NTT#!encrypt#!3#!{t|#!encrypt#!8#!Nt:zagC%#!encrypt#!9#!Nt:z<c|%k#!encrypt#!1#!
#!encrypt#!73#!-T_Zn;^^D!LZY3<L&!d:LC&{ct:REUm#-T_Zn;^^D!LZY3<L&!d:LC&{ct:REUm#-T_Zn;^^
#!encrypt#!70#!N%Tip^?\=p?#I#'E9^#{;J2-]^^@$4mr%|TtSJ%^g >pLvY3&-Dr{xf'0t$bo4Sg6%_ir
#!encrypt#!75#!~aH]8Vol]!T+`yw>HEB]{oHx:t/V,[1c,wOiwp(%ZcbuI-`@ON_Z>Ys-~cSV<Rgr>l40nu]Q)^
#!encrypt#!1#!
#!encrypt#!25#!N%Ti<^6\+j81{o%/`1ucpHM(
#!encrypt#!26#!

M*OZn:P\Yp>E.s,p#lp"h~A
#!encrypt#!4#!N%Ti#!encrypt#!5#!uoh#L#!encrypt#!3#!NTT#!encrypt#!3#!{t|#!encrypt#!8#!Nt:zLgC%#!encrypt#!9#!Nt:z<c|%k#!encrypt#!1#!
#!encrypt#!73#!-T_Zn;^^D!LZY3<L&!d:LC&{ct:REUm#-T_Zn;^^D!LZY3<L&!d:LC&{ct:REUm#-T_Zn;^^
#!encrypt#!70#!N%Tip^?\=p?#I#'E9^#{;J2W]^^@$4mr%|TtSJ%^g >pLvY3&-Dr{xf'0t$bo4Sg6%_ir
#!encrypt#!75#!~aH]8Vol]!T+`yw>HEB]{oHx:t/V,[1c,wOiwp(%ZcbuI-`@ON_Z>Ys-~cSV<Rgr>l40nu]Q)^
#!encrypt#!1#!
#!encrypt#!25#!N%Ti<^6\+j81{o%/`1uc>HM(
#!encrypt#!26#!

M*OZn:P\Yp>E.s,p#l#"h~A
#!encrypt#!4#!N%Ti#!encrypt#!6#!uoh#B|#!encrypt#!3#!NTT#!encrypt#!3#!{t|#!encrypt#!9#!Nt:zB|BCl#!encrypt#!9#!Nt:z<c|%k#!encrypt#!1#!
#!encrypt#!73#!-T_Zn;^^D!LZY3<L&!d:LC&{ct:REUm#-T_Zn;^^D!LZY3<L&!d:LC&{ct:REUm#-T_Zn;^^
#!encrypt#!71#!N%Tip^?\=p?#I#'E9^#{;J2#VQ$v5~g#N@!itipgDxT[ISgr`!#ub5} @^:t,qg3@tTZw|
#!encrypt#!75#!~aH]8Vol]!T+`yw>HEB]{oHx:t/V,[1c,wOiwp(%ZcbuI-`@ON_Z>Ys-~cSV<Rgr>l40nu]Q)^
#!encrypt#!1#!
#!encrypt#!26#!N%Ti<^6\+j81{o%/`1uc,7ikZ
#!encrypt#!26#!N%Ti<^6\+j81{o%/`1ucU1Y(|
#!encrypt#!26#!

M*OZn:P\Yp>E.s,p#lc"h~A
#!encrypt#!4#!N%Ti#!encrypt#!6#!u3fI&C#!encrypt#!3#!NTT#!encrypt#!3#!{t|#!encrypt#!9#!N~&DOdBCl#!encrypt#!7#!N~ff{/h#!encrypt#!1#!
#!encrypt#!73#!-T_Zn;^^D!LZY3<L&!d:LC&{ct:REUm#-T_Zn;^^D!LZY3<L&!d:LC&{ct:REUm#-T_Zn;^^
#!encrypt#!71#!N%Tip^?\=p?#I#'E9^#{R4t(IQ$v5~g#N@!itipgDxT[ISgr`!#ub5} @^:t,qg3@tTZw|
#!encrypt#!75#!~aH]8Vol]!T+`yw>HEB]{oHx:t/V,[1c,wOiwp(%ZcbuI-`@ON_Z>Ys-~cSV<Rgr>l40nu]Q)^
#!encrypt#!1#!
#!encrypt#!26#!N%Ti<^6\+j81{o%/`Z<5&jikZ
#!encrypt#!24#!N%Ti<^6\+j81{o%/`ZmEVwk
#!encrypt#!26#!

M*OZn:P\Yp>E.s,p#l>"h~A
#!encrypt#!4#!N%Ti#!encrypt#!6#!u3fI&u#!encrypt#!3#!NTT#!encrypt#!3#!{t|#!encrypt#!9#!N~tDOdBCl#!encrypt#!7#!N~ff{/d#!encrypt#!1#!
#!encrypt#!73#!-T_Zn;^^D!LZY3<L&!d:LC&{ct:REUm#-T_Zn;^^D!LZY3<L&!d:LC&{ct:REUm#-T_Zn;^^
#!encrypt#!71#!N%Tip^?\=p?#I#'E9^#{R4t(;Q$v5~g#N@!itipgDxT[ISgr`!#ub5} @^:t,qg3@tTZw|
#!encrypt#!75#!~aH]8Vol]!T+`yw>HEB]{oHx:t/V,[1c,wOiwp(%ZcbuI-`@ON_Z>Ys-~cSV<Rgr>l40nu]Q)^
#!encrypt#!1#!
#!encrypt#!26#!N%Ti<^6\+j81{o%/`ZL5&jikZ
#!encrypt#!24#!N%Ti<^6\+j81{o%/`ZmEVwh
#!encrypt#!26#!

M*OZn:P\Yp>E.s,p#la"h~A
#!encrypt#!4#!N%Ti#!encrypt#!6#!u3fI&0#!encrypt#!3#!NTT#!encrypt#!3#!{t|#!encrypt#!9#!N~bDOdBCl#!encrypt#!7#!N~ff{/)#!encrypt#!1#!
#!encrypt#!73#!-T_Zn;^^D!LZY3<L&!d:LC&{ct:REUm#-T_Zn;^^D!LZY3<L&!d:LC&{ct:REUm#-T_Zn;^^
#!encrypt#!71#!N%Tip^?\=p?#I#'E9^#{R4t(6Q$v5~g#N@!itipgDxT[ISgr`!#ub5} @^:t,qg3@tTZw|
#!encrypt#!75#!~aH]8Vol]!T+`yw>HEB]{oHx:t/V,[1c,wOiwp(%ZcbuI-`@ON_Z>Ys-~cSV<Rgr>l40nu]Q)^
#!encrypt#!1#!
#!encrypt#!26#!N%Ti<^6\+j81{o%/`Z)5&jikZ
#!encrypt#!24#!N%Ti<^6\+j81{o%/`ZmEVw0
#!encrypt#!26#!

M*OZn:P\Yp>E.s,p#l "h~A
#!encrypt#!4#!N%Ti#!encrypt#!6#!u3fI&e#!encrypt#!3#!NTT#!encrypt#!3#!{t|#!encrypt#!9#!N~ODOdBCl#!encrypt#!7#!N~ff{/P#!encrypt#!1#!
#!encrypt#!73#!-T_Zn;^^D!LZY3<L&!d:LC&{ct:REUm#-T_Zn;^^D!LZY3<L&!d:LC&{ct:REUm#-T_Zn;^^
#!encrypt#!71#!N%Tip^?\=p?#I#'E9^#{R4t(\Q$v5~g#N@!itipgDxT[ISgr`!#ub5} @^:t,qg3@tTZw|
#!encrypt#!75#!~aH]8Vol]!T+`yw>HEB]{oHx:t/V,[1c,wOiwp(%ZcbuI-`@ON_Z>Ys-~cSV<Rgr>l40nu]Q)^
#!encrypt#!1#!
#!encrypt#!26#!N%Ti<^6\+j81{o%/`Z?5&jikZ
#!encrypt#!24#!N%Ti<^6\+j81{o%/`ZmEVw6
#!encrypt#!26#!

M*OZn:P\Yp>E.s,p#l5"h~A
#!encrypt#!4#!N%Ti#!encrypt#!6#!u3fI&m#!encrypt#!3#!NTT#!encrypt#!3#!{t|#!encrypt#!9#!N~8DOdBCl#!encrypt#!7#!N~ff{/V#!encrypt#!1#!
#!encrypt#!73#!-T_Zn;^^D!LZY3<L&!d:LC&{ct:REUm#-T_Zn;^^D!LZY3<L&!d:LC&{ct:REUm#-T_Zn;^^
#!encrypt#!71#!N%Tip^?\=p?#I#'E9^#{R4t(PQ$v5~g#N@!itipgDxT[ISgr`!#ub5} @^:t,qg3@tTZw|
#!encrypt#!75#!~aH]8Vol]!T+`yw>HEB]{oHx:t/V,[1c,wOiwp(%ZcbuI-`@ON_Z>Ys-~cSV<Rgr>l40nu]Q)^
#!encrypt#!1#!
#!encrypt#!26#!N%Ti<^6\+j81{o%/`Z|5&jikZ
#!encrypt#!24#!N%Ti<^6\+j81{o%/`ZmEVw-
#!encrypt#!26#!

M*OZn:P\Yp>E.s,p#l$"h~A
#!encrypt#!4#!N%Ti#!encrypt#!6#!u3fI&n#!encrypt#!3#!NTT#!encrypt#!3#!{t|#!encrypt#!9#!N~IDOdBCl#!encrypt#!7#!N~ff{/>#!encrypt#!1#!
#!encrypt#!73#!-T_Zn;^^D!LZY3<L&!d:LC&{ct:REUm#-T_Zn;^^D!LZY3<L&!d:LC&{ct:REUm#-T_Zn;^^
#!encrypt#!71#!N%Tip^?\=p?#I#'E9^#{R4t(AQ$v5~g#N@!itipgDxT[ISgr`!#ub5} @^:t,qg3@tTZw|
#!encrypt#!75#!~aH]8Vol]!T+`yw>HEB]{oHx:t/V,[1c,wOiwp(%ZcbuI-`@ON_Z>Ys-~cSV<Rgr>l40nu]Q)^
#!encrypt#!1#!
#!encrypt#!26#!N%Ti<^6\+j81{o%/`Zy5&jikZ
#!encrypt#!24#!N%Ti<^6\+j81{o%/`ZmEVwg
#!encrypt#!26#!

M*OZn:P\Yp>E.s,p#1?"h~A
#!encrypt#!4#!N%Ti#!encrypt#!6#!u3fI&`#!encrypt#!3#!NTT#!encrypt#!3#!{t|#!encrypt#!9#!N~oDOdBCl#!encrypt#!7#!N~ff{/]#!encrypt#!1#!
#!encrypt#!73#!-T_Zn;^^D!LZY3<L&!d:LC&{ct:REUm#-T_Zn;^^D!LZY3<L&!d:LC&{ct:REUm#-T_Zn;^^
#!encrypt#!71#!N%Tip^?\=p?#I#'E9^#{R4t(XQ$v5~g#N@!itipgDxT[ISgr`!#ub5} @^:t,qg3@tTZw|
#!encrypt#!75#!~aH]8Vol]!T+`yw>HEB]{oHx:t/V,[1c,wOiwp(%ZcbuI-`@ON_Z>Ys-~cSV<Rgr>l40nu]Q)^
#!encrypt#!1#!
#!encrypt#!26#!N%Ti<^6\+j81{o%/`ZB5&jikZ
#!encrypt#!24#!N%Ti<^6\+j81{o%/`ZmEVw$
#!encrypt#!26#!

M*OZn:P\Yp>E.s,p#1,"h~A
#!encrypt#!4#!N%Ti#!encrypt#!6#!u3fI&X#!encrypt#!3#!NTT#!encrypt#!3#!{t|#!encrypt#!9#!N~uDOdBCl#!encrypt#!7#!N~ff{/<#!encrypt#!1#!
#!encrypt#!73#!-T_Zn;^^D!LZY3<L&!d:LC&{ct:REUm#-T_Zn;^^D!LZY3<L&!d:LC&{ct:REUm#-T_Zn;^^
#!encrypt#!71#!N%Tip^?\=p?#I#'E9^#{R4t(yQ$v5~g#N@!itipgDxT[ISgr`!#ub5} @^:t,qg3@tTZw|
#!encrypt#!75#!~aH]8Vol]!T+`yw>HEB]{oHx:t/V,[1c,wOiwp(%ZcbuI-`@ON_Z>Ys-~cSV<Rgr>l40nu]Q)^
#!encrypt#!1#!
#!encrypt#!26#!N%Ti<^6\+j81{o%/`Zp5&jikZ
#!encrypt#!24#!N%Ti<^6\+j81{o%/`ZmEVws
#!encrypt#!26#!

M*OZn:P\Yp>E.s,p#1p"h~A
#!encrypt#!4#!N%Ti#!encrypt#!6#!u3fI&I#!encrypt#!3#!NTT#!encrypt#!3#!{t|#!encrypt#!9#!N~ADOdBCl#!encrypt#!7#!N~ff{/J#!encrypt#!1#!
#!encrypt#!73#!-T_Zn;^^D!LZY3<L&!d:LC&{ct:REUm#-T_Zn;^^D!LZY3<L&!d:LC&{ct:REUm#-T_Zn;^^
#!encrypt#!71#!N%Tip^?\=p?#I#'E9^#{R4t(DQ$v5~g#N@!itipgDxT[ISgr`!#ub5} @^:t,qg3@tTZw|
#!encrypt#!75#!~aH]8Vol]!T+`yw>HEB]{oHx:t/V,[1c,wOiwp(%ZcbuI-`@ON_Z>Ys-~cSV<Rgr>l40nu]Q)^
#!encrypt#!1#!
#!encrypt#!26#!N%Ti<^6\+j81{o%/`Z05&jikZ
#!encrypt#!24#!N%Ti<^6\+j81{o%/`ZmEVwU
#!encrypt#!26#!

M*OZn:P\Yp>E.s,p#1#"h~A
#!encrypt#!4#!N%Ti#!encrypt#!7#!u3fI&CK#!encrypt#!3#!NTT#!encrypt#!3#!{t|#!encrypt#!10#!N~&&;^70]Y#!encrypt#!8#!N~ff{/hW#!encrypt#!1#!
#!encrypt#!73#!-T_Zn;^^D!LZY3<L&!d:LC&{ct:REUm#-T_Zn;^^D!LZY3<L&!d:LC&{ct:REUm#-T_Zn;^^
#!encrypt#!72#!N%Tip^?\=p?#I#'E9^#{R4t(ISytTA>r-%:)w1YLg!8 5u@4x-d]?#7_#W$R>[)rS( inVK
#!encrypt#!75#!~aH]8Vol]!T+`yw>HEB]{oHx:t/V,[1c,wOiwp(%ZcbuI-`@ON_Z>Ys-~cSV<Rgr>l40nu]Q)^
#!encrypt#!1#!
#!encrypt#!27#!N%Ti<^6\+j81{o%/`Z<u-4t,`z
#!encrypt#!25#!N%Ti<^6\+j81{o%/`ZmEVwky
#!encrypt#!26#!

M*OZn:P\Yp>E.s,p#1c"h~A
#!encrypt#!4#!N%Ti#!encrypt#!7#!u3fI&Ch#!encrypt#!3#!NTT#!encrypt#!3#!{t|#!encrypt#!10#!N~&R;^70]Y#!encrypt#!8#!N~ff{/h]#!encrypt#!1#!
#!encrypt#!73#!-T_Zn;^^D!LZY3<L&!d:LC&{ct:REUm#-T_Zn;^^D!LZY3<L&!d:LC&{ct:REUm#-T_Zn;^^
#!encrypt#!72#!N%Tip^?\=p?#I#'E9^#{R4t(IcytTA>r-%:)w1YLg!8 5u@4x-d]?#7_#W$R>[)rS( inVK
#!encrypt#!75#!~aH]8Vol]!T+`yw>HEB]{oHx:t/V,[1c,wOiwp(%ZcbuI-`@ON_Z>Ys-~cSV<Rgr>l40nu]Q)^
#!encrypt#!1#!
#!encrypt#!27#!N%Ti<^6\+j81{o%/`Z<Z-4t,`z
#!encrypt#!25#!N%Ti<^6\+j81{o%/`ZmEVwk#
#!encrypt#!26#!

M*OZn:P\Yp>E.s,p#1>"h~A
#!encrypt#!4#!N%Ti#!encrypt#!6#!+dKRJu#!encrypt#!3#!NTT#!encrypt#!3#!{t|#!encrypt#!6#!Nt<]2/#!encrypt#!7#!NVy!#\*#!encrypt#!1#!
#!encrypt#!73#!-T_Zn;^^D!LZY3<L&!d:LC&{ct:REUm#-T_Zn;^^D!LZY3<L&!d:LC&{ct:REUm#-T_Zn;^^
#!encrypt#!71#!N%Tip^?\=p?#I#'E9^#/c7kU;Q$v5~g#N@!itipgDxT[ISgr`!#ub5} @^:t,qg3@tTZw|
#!encrypt#!75#!~aH]8Vol]!T+`yw>HEB]{oHx:t/V,[1c,wOiwp(%ZcbuI-`@ON_Z>Ys-~cSV<Rgr>l40nu]Q)^
#!encrypt#!1#!
#!encrypt#!26#!

M*OZn:P\Yp>E.s,p#1a"h~A
#!encrypt#!4#!N%Ti#!encrypt#!11#!u3fIZ2GxPm,#!encrypt#!3#!NTT#!encrypt#!3#!{t|#!encrypt#!7#!NMO&BXd#!encrypt#!8#!N1fI\gC%#!encrypt#!1#!
#!encrypt#!73#!-T_Zn;^^D!LZY3<L&!d:LC&{ct:REUm#-T_Zn;^^D!LZY3<L&!d:LC&{ct:REUm#-T_Zn;^^
#!encrypt#!76#!N%Tip^?\=p?#I#'E9^#{R4t;L_*:\r)r~r:inVYjgC"/I3x>4-{WO5&$VQ$ gug#N;!i5opgDxT
#!encrypt#!75#!~aH]8Vol]!T+`yw>HEB]{oHx:t/V,[1c,wOiwp(%ZcbuI-`@ON_Z>Ys-~cSV<Rgr>l40nu]Q)^
#!encrypt#!1#!
#!encrypt#!24#!N%Ti<^6\+j81{o%/`r?u,>h
#!encrypt#!26#!

M*OZn:P\Yp>E.s,p#1 "h~A
#!encrypt#!4#!N%Ti#!encrypt#!6#!+f8?Ne#!encrypt#!3#!NTT#!encrypt#!16#!)(>q64%AP.?#}c\*#!encrypt#!6#!Nt<]2/#!encrypt#!7#!NVy!#\*#!encrypt#!5#!N+mk$#!encrypt#!1#!
#!encrypt#!73#!-T_Zn;^^D!LZY3<L&!d:LC&{ct:REUm#-T_Zn;^^D!LZY3<L&!d:LC&{ct:REUm#-T_Zn;^^
#!encrypt#!72#!N%Ti2P[\=x&vw*$O`.iE{NH;21O7:Y)rL{f${~A@_xGxIX7xW?z2Vw4s0_#7IXxeQ)TkV~'
#!encrypt#!75#!~aH]8Vol]!T+`yw>HEB]{oHx:t/V,[1c,wOiwp(%ZcbuI-`@ON_Z>Ys-~cSV<Rgr>l40nu]Q)^
#!encrypt#!1#!
#!encrypt#!26#!

M*OZn:P\Yp>E.s,p#15"h~A
#!encrypt#!4#!N%Ti#!encrypt#!9#!u3fIZ27:P#!encrypt#!3#!NTT#!encrypt#!3#!{t|#!encrypt#!7#!NMt?LeP#!encrypt#!8#!N1fI\gC%#!encrypt#!1#!
#!encrypt#!73#!-T_Zn;^^D!LZY3<L&!d:LC&{ct:REUm#-T_Zn;^^D!LZY3<L&!d:LC&{ct:REUm#-T_Zn;^^
#!encrypt#!74#!N%Tip^?\=p?#I#'E9^#{R4t;LJq:o4+'%%_iS$%'#>8ZIy=3=5;]L5=v0ER.>UgcP%DqeV^g(
#!encrypt#!75#!~aH]8Vol]!T+`yw>HEB]{oHx:t/V,[1c,wOiwp(%ZcbuI-`@ON_Z>Ys-~cSV<Rgr>l40nu]Q)^
#!encrypt#!1#!
#!encrypt#!24#!N%Ti<^6\+j81{o%/`rL-><6
#!encrypt#!25#!N%Ti<^6\+j81{o%/`Jm8YHM(
#!encrypt#!26#!

M*OZn:P\Yp>E.s,p#1$"h~A
#!encrypt#!4#!N%Ti#!encrypt#!6#!+Yucr0#!encrypt#!3#!NTT#!encrypt#!3#!{t|#!encrypt#!7#!NjR9<c|#!encrypt#!11#!N{Y_7?_[Z.Y#!encrypt#!1#!
#!encrypt#!73#!-T_Zn;^^D!LZY3<L&!d:LC&{ct:REUm#-T_Zn;^^D!LZY3<L&!d:LC&{ct:REUm#-T_Zn;^^
#!encrypt#!71#!N%Tip^?\=p?#I#'E9^#/a>sy6Q$v5~g#N@!itipgDxT[ISgr`!#ub5} @^:t,qg3@tTZw|
#!encrypt#!75#!~aH]8Vol]!T+`yw>HEB]{oHx:t/V,[1c,wOiwp(%ZcbuI-`@ON_Z>Ys-~cSV<Rgr>l40nu]Q)^
#!encrypt#!1#!
#!encrypt#!24#!N%Ti<^6\+j81{o%/`U&)U1Y
#!encrypt#!26#!

M*OZn:P\Yp>E.s,p#3?"h~A
#!encrypt#!4#!N%Ti#!encrypt#!6#!ukh#(u#!encrypt#!3#!NTT#!encrypt#!4#!{1}G#!encrypt#!7#!NMIcJ|)#!encrypt#!2#!N+#!encrypt#!4#!QST7#!encrypt#!1#!
#!encrypt#!73#!-T_Zn;^^D!LZY3<L&!d:LC&{ct:REUm#-T_Zn;^^D!LZY3<L&!d:LC&{ct:REUm#-T_Zn;^^
#!encrypt#!71#!N%Tip^?\=p?#I#'E9^#{)J26;Q$v5~g#N@!itipgDxT[ISgr`!#ub5} @^:t,qg3@tTZw|
#!encrypt#!75#!~aH]8Vol]!T+`yw>HEB]{oHx:t/V,[1c,wOiwp(%ZcbuI-`@ON_Z>Ys-~cSV<Rgr>l40nu]Q)^
#!encrypt#!1#!
#!encrypt#!26#!

M*OZn:P\Yp>E.s,p#3,"h~A
#!encrypt#!4#!N%Ti#!encrypt#!6#!ukh#(m#!encrypt#!3#!NTT#!encrypt#!4#!{1}G#!encrypt#!7#!NMIcJ|)#!encrypt#!2#!N+#!encrypt#!5#!QSTnL#!encrypt#!1#!
#!encrypt#!73#!-T_Zn;^^D!LZY3<L&!d:LC&{ct:REUm#-T_Zn;^^D!LZY3<L&!d:LC&{ct:REUm#-T_Zn;^^
#!encrypt#!71#!N%Tip^?\=p?#I#'E9^#{)J26PQ$v5~g#N@!itipgDxT[ISgr`!#ub5} @^:t,qg3@tTZw|
#!encrypt#!75#!~aH]8Vol]!T+`yw>HEB]{oHx:t/V,[1c,wOiwp(%ZcbuI-`@ON_Z>Ys-~cSV<Rgr>l40nu]Q)^
#!encrypt#!1#!
#!encrypt#!26#!

M*OZn:P\Yp>E.s,p#3p"h~A
#!encrypt#!4#!N%Ti#!encrypt#!7#!ukh#(CK#!encrypt#!3#!NTT#!encrypt#!4#!{1}G#!encrypt#!7#!NMIcJ|)#!encrypt#!2#!N+#!encrypt#!6#!QSTRr|#!encrypt#!1#!
#!encrypt#!73#!-T_Zn;^^D!LZY3<L&!d:LC&{ct:REUm#-T_Zn;^^D!LZY3<L&!d:LC&{ct:REUm#-T_Zn;^^
#!encrypt#!72#!N%Tip^?\=p?#I#'E9^#{)J26ISytTA>r-%:)w1YLg!8 5u@4x-d]?#7_#W$R>[)rS( inVK
#!encrypt#!75#!~aH]8Vol]!T+`yw>HEB]{oHx:t/V,[1c,wOiwp(%ZcbuI-`@ON_Z>Ys-~cSV<Rgr>l40nu]Q)^
#!encrypt#!1#!
#!encrypt#!24#!N%Ti<^6\+j81{o%/`ry3570
#!encrypt#!26#!

M*OZn:P\Yp>E.s,p#3#"h~A
#!encrypt#!4#!N%Ti#!encrypt#!6#!+[t&Nu#!encrypt#!3#!NTT#!encrypt#!3#!{t|#!encrypt#!13#!NQff{/hWUSAhX#!encrypt#!13#!NQff{/h]USAhX#!encrypt#!1#!
#!encrypt#!73#!-T_Zn;^^D!LZY3<L&!d:LC&{ct:REUm#-T_Zn;^^D!LZY3<L&!d:LC&{ct:REUm#-T_Zn;^^
#!encrypt#!71#!N%Tip^?\=p?#I#'E9^#/$k=L;Q$v5~g#N@!itipgDxT[ISgr`!#ub5} @^:t,qg3@tTZw|
#!encrypt#!75#!~aH]8Vol]!T+`yw>HEB]{oHx:t/V,[1c,wOiwp(%ZcbuI-`@ON_Z>Ys-~cSV<Rgr>l40nu]Q)^
#!encrypt#!1#!
#!encrypt#!26#!

M*OZn:P\Yp>E.s,p#3c"h~A
#!encrypt#!4#!N%Ti#!encrypt#!7#!uQy"YPM#!encrypt#!3#!NTT#!encrypt#!16#!)(>q64%AP.?#}c\*#!encrypt#!9#!Nx4*C^*Fd#!encrypt#!7#!NMAnred#!encrypt#!1#!
#!encrypt#!73#!-T_Zn;^^D!LZY3<L&!d:LC&{ct:REUm#-T_Zn;^^D!LZY3<L&!d:LC&{ct:REUm#-T_Zn;^^
#!encrypt#!72#!N%Tip^?\=p?#I#'E9^#{xVYXG'ytTA>r-%:)w1YLg!8 5u@4x-d]?#7_#W$R>[)rS( inVK
#!encrypt#!75#!~aH]8Vol]!T+`yw>HEB]{oHx:t/V,[1c,wOiwp(%ZcbuI-`@ON_Z>Ys-~cSV<Rgr>l40nu]Q)^
#!encrypt#!1#!
#!encrypt#!24#!N%Ti<^6\+j81{o%/`r0+?<h
#!encrypt#!26#!

M*OZn:P\Yp>E.s,p#3>"h~A
#!encrypt#!4#!N%Ti#!encrypt#!6#!+GOj n#!encrypt#!3#!NTT#!encrypt#!3#!{t|#!encrypt#!9#!Nq*(<c|%k#!encrypt#!6#!N8N_<^#!encrypt#!1#!
#!encrypt#!73#!-T_Zn;^^D!LZY3<L&!d:LC&{ct:REUm#-T_Zn;^^D!LZY3<L&!d:LC&{ct:REUm#-T_Zn;^^
#!encrypt#!71#!N%Tip^?\=p?#I#'E9^#/><gMAQ$v5~g#N@!itipgDxT[ISgr`!#ub5} @^:t,qg3@tTZw|
#!encrypt#!75#!~aH]8Vol]!T+`yw>HEB]{oHx:t/V,[1c,wOiwp(%ZcbuI-`@ON_Z>Ys-~cSV<Rgr>l40nu]Q)^
#!encrypt#!1#!
#!encrypt#!26#!N%Ti<^6\+j81{o%/`efDU1Y(|
#!encrypt#!26#!

M*OZn:P\Yp>E.s,p#3a"h~A
#!encrypt#!4#!N%Ti#!encrypt#!6#!+.o%mX#!encrypt#!3#!NTT#!encrypt#!3#!{t|#!encrypt#!7#!NM87QI>#!encrypt#!10#!N8N_<^_:.L#!encrypt#!1#!
#!encrypt#!73#!-T_Zn;^^D!LZY3<L&!d:LC&{ct:REUm#-T_Zn;^^D!LZY3<L&!d:LC&{ct:REUm#-T_Zn;^^
#!encrypt#!71#!N%Tip^?\=p?#I#'E9^#/ e$~yQ$v5~g#N@!itipgDxT[ISgr`!#ub5} @^:t,qg3@tTZw|
#!encrypt#!75#!~aH]8Vol]!T+`yw>HEB]{oHx:t/V,[1c,wOiwp(%ZcbuI-`@ON_Z>Ys-~cSV<Rgr>l40nu]Q)^
#!encrypt#!1#!
#!encrypt#!26#!

M*OZn:P\Yp>E.s,p#3 "h~A
#!encrypt#!4#!N%Ti#!encrypt#!6#!+.bRQI#!encrypt#!3#!NTT#!encrypt#!3#!{t|#!encrypt#!7#!NMo%|0<#!encrypt#!5#!Nt+x$#!encrypt#!1#!
#!encrypt#!73#!-T_Zn;^^D!LZY3<L&!d:LC&{ct:REUm#-T_Zn;^^D!LZY3<L&!d:LC&{ct:REUm#-T_Zn;^^
#!encrypt#!71#!N%Tip^?\=p?#I#'E9^#/ 'klDQ$v5~g#N@!itipgDxT[ISgr`!#ub5} @^:t,qg3@tTZw|
#!encrypt#!75#!~aH]8Vol]!T+`yw>HEB]{oHx:t/V,[1c,wOiwp(%ZcbuI-`@ON_Z>Ys-~cSV<Rgr>l40nu]Q)^
#!encrypt#!1#!
#!encrypt#!26#!

M*OZn:P\Yp>E.s,p#35"h~A
#!encrypt#!4#!N%Ti#!encrypt#!12#!uoY_`=d U.Ve#!encrypt#!3#!NTT#!encrypt#!3#!68=#!encrypt#!7#!NMoOBnJ#!encrypt#!6#!Nt<]2/#!encrypt#!1#!
#!encrypt#!73#!-T_Zn;^^D!LZY3<L&!d:LC&{ct:REUm#-T_Zn;^^D!LZY3<L&!d:LC&{ct:REUm#-T_Zn;^^
#!encrypt#!77#!N%Tip^?\=p?#I#'E9^#{;H[! w|2"|:ANFx!w;%sOxo3+u<3j&#S8P7{0Syt Qdr-%K)w)QLg!8 
#!encrypt#!75#!~aH]8Vol]!T+`yw>HEB]{oHx:t/V,[1c,wOiwp(%ZcbuI-`@ON_Z>Ys-~cSV<Rgr>l40nu]Q)^
#!encrypt#!1#!
#!encrypt#!24#!N%Ti<^6\+j81{o%/`rB#,tU
#!encrypt#!26#!

M*OZn:P\Yp>E.s,p#3$"h~A
#!encrypt#!4#!N%Ti#!encrypt#!6#!+[o7mm#!encrypt#!3#!NTT#!encrypt#!3#!68=#!encrypt#!7#!NM87QI>#!encrypt#!10#!N8N_<^_:.L#!encrypt#!1#!
#!encrypt#!73#!-T_Zn;^^D!LZY3<L&!d:LC&{ct:REUm#-T_Zn;^^D!LZY3<L&!d:LC&{ct:REUm#-T_Zn;^^
#!encrypt#!71#!N%Tip^?\=p?#I#'E9^#/$e6~PQ$v5~g#N@!itipgDxT[ISgr`!#ub5} @^:t,qg3@tTZw|
#!encrypt#!75#!~aH]8Vol]!T+`yw>HEB]{oHx:t/V,[1c,wOiwp(%ZcbuI-`@ON_Z>Ys-~cSV<Rgr>l40nu]Q)^
#!encrypt#!1#!
#!encrypt#!24#!N%Ti<^6\+j81{o%/`r|tacg
#!encrypt#!26#!

M*OZn:P\Yp>E.s,p#%?"h~A
#!encrypt#!4#!N%Ti#!encrypt#!6#!+ftOrC#!encrypt#!3#!NTT#!encrypt#!3#!{t|#!encrypt#!7#!NMA%N0V#!encrypt#!5#!Nt,x$#!encrypt#!1#!
#!encrypt#!73#!-T_Zn;^^D!LZY3<L&!d:LC&{ct:REUm#-T_Zn;^^D!LZY3<L&!d:LC&{ct:REUm#-T_Zn;^^
#!encrypt#!71#!N%Tip^?\=p?#I#'E9^#/pk0yIQ$v5~g#N@!itipgDxT[ISgr`!#ub5} @^:t,qg3@tTZw|
#!encrypt#!75#!~aH]8Vol]!T+`yw>HEB]{oHx:t/V,[1c,wOiwp(%ZcbuI-`@ON_Z>Ys-~cSV<Rgr>l40nu]Q)^
#!encrypt#!1#!
#!encrypt#!26#!

M*OZn:P\Yp>E.s,p#%,"h~A
#!encrypt#!4#!N%Ti#!encrypt#!9#!uoY_`=a +#!encrypt#!3#!NTT#!encrypt#!3#!68=#!encrypt#!7#!NMtnm|h#!encrypt#!6#!Nt<]2/#!encrypt#!1#!
#!encrypt#!73#!-T_Zn;^^D!LZY3<L&!d:LC&{ct:REUm#-T_Zn;^^D!LZY3<L&!d:LC&{ct:REUm#-T_Zn;^^
#!encrypt#!74#!N%Tip^?\=p?#I#'E9^#{;H[! *|7o4+'%%_iS$%'#>8ZIy=3=5;]L5=v0ER.>UgcP%DqeV^g(
#!encrypt#!75#!~aH]8Vol]!T+`yw>HEB]{oHx:t/V,[1c,wOiwp(%ZcbuI-`@ON_Z>Ys-~cSV<Rgr>l40nu]Q)^
#!encrypt#!1#!
#!encrypt#!24#!N%Ti<^6\+j81{o%/`rL+#7k
#!encrypt#!26#!

M*OZn:P\Yp>E.s,p#%p"h~A
#!encrypt#!4#!N%Ti#!encrypt#!6#!+Iu7L`#!encrypt#!3#!NTT#!encrypt#!3#!{t|#!encrypt#!7#!NMA%N0V#!encrypt#!5#!Nt-x$#!encrypt#!1#!
#!encrypt#!73#!-T_Zn;^^D!LZY3<L&!d:LC&{ct:REUm#-T_Zn;^^D!LZY3<L&!d:LC&{ct:REUm#-T_Zn;^^
#!encrypt#!71#!N%Tip^?\=p?#I#'E9^#/,>6WXQ$v5~g#N@!itipgDxT[ISgr`!#ub5} @^:t,qg3@tTZw|
#!encrypt#!75#!~aH]8Vol]!T+`yw>HEB]{oHx:t/V,[1c,wOiwp(%ZcbuI-`@ON_Z>Ys-~cSV<Rgr>l40nu]Q)^
#!encrypt#!1#!
#!encrypt#!26#!

M*OZn:P\Yp>E.s,p#%#"h~A
#!encrypt#!4#!N%Ti#!encrypt#!9#!uoY_`=6 +#!encrypt#!3#!NTT#!encrypt#!3#!68=#!encrypt#!7#!NM&cNm]#!encrypt#!6#!Nt<]2/#!encrypt#!1#!
#!encrypt#!73#!-T_Zn;^^D!LZY3<L&!d:LC&{ct:REUm#-T_Zn;^^D!LZY3<L&!d:LC&{ct:REUm#-T_Zn;^^
#!encrypt#!74#!N%Tip^?\=p?#I#'E9^#{;H[! %|7o4+'%%_iS$%'#>8ZIy=3=5;]L5=v0ER.>UgcP%DqeV^g(
#!encrypt#!75#!~aH]8Vol]!T+`yw>HEB]{oHx:t/V,[1c,wOiwp(%ZcbuI-`@ON_Z>Ys-~cSV<Rgr>l40nu]Q)^
#!encrypt#!1#!
#!encrypt#!24#!N%Ti<^6\+j81{o%/`r<3c]$
#!encrypt#!26#!

M*OZn:P\Yp>E.s,p#%c"h~A
#!encrypt#!4#!N%Ti#!encrypt#!5#!+GK&m#!encrypt#!3#!NTT#!encrypt#!3#!{t|#!encrypt#!7#!NMA%N0V#!encrypt#!5#!Nt+x$#!encrypt#!1#!
#!encrypt#!73#!-T_Zn;^^D!LZY3<L&!d:LC&{ct:REUm#-T_Zn;^^D!LZY3<L&!d:LC&{ct:REUm#-T_Zn;^^
#!encrypt#!70#!N%Tip^?\=p?#I#'E9^#/>7=~]^^@$4mr%|TtSJ%^g >pLvY3&-Dr{xf'0t$bo4Sg6%_ir
#!encrypt#!75#!~aH]8Vol]!T+`yw>HEB]{oHx:t/V,[1c,wOiwp(%ZcbuI-`@ON_Z>Ys-~cSV<Rgr>l40nu]Q)^
#!encrypt#!1#!
#!encrypt#!26#!

M*OZn:P\Yp>E.s,p#%>"h~A
#!encrypt#!4#!N%Ti#!encrypt#!9#!uoY_`=? +#!encrypt#!3#!NTT#!encrypt#!3#!68=#!encrypt#!6#!NM8&r0#!encrypt#!6#!Nt<]2/#!encrypt#!1#!
#!encrypt#!73#!-T_Zn;^^D!LZY3<L&!d:LC&{ct:REUm#-T_Zn;^^D!LZY3<L&!d:LC&{ct:REUm#-T_Zn;^^
#!encrypt#!74#!N%Tip^?\=p?#I#'E9^#{;H[! d|7o4+'%%_iS$%'#>8ZIy=3=5;]L5=v0ER.>UgcP%DqeV^g(
#!encrypt#!75#!~aH]8Vol]!T+`yw>HEB]{oHx:t/V,[1c,wOiwp(%ZcbuI-`@ON_Z>Ys-~cSV<Rgr>l40nu]Q)^
#!encrypt#!1#!
#!encrypt#!23#!N%Ti<^6\+j81{o%/`r|u?'
#!encrypt#!26#!

M*OZn:P\Yp>E.s,p#%a"h~A
#!encrypt#!4#!N%Ti#!encrypt#!6#!+Yt%BI#!encrypt#!3#!NTT#!encrypt#!3#!{t|#!encrypt#!7#!NMA%N0V#!encrypt#!5#!N@,x$#!encrypt#!1#!
#!encrypt#!73#!-T_Zn;^^D!LZY3<L&!d:LC&{ct:REUm#-T_Zn;^^D!LZY3<L&!d:LC&{ct:REUm#-T_Zn;^^
#!encrypt#!71#!N%Tip^?\=p?#I#'E9^#/ak$#DQ$v5~g#N@!itipgDxT[ISgr`!#ub5} @^:t,qg3@tTZw|
#!encrypt#!75#!~aH]8Vol]!T+`yw>HEB]{oHx:t/V,[1c,wOiwp(%ZcbuI-`@ON_Z>Ys-~cSV<Rgr>l40nu]Q)^
#!encrypt#!1#!
#!encrypt#!26#!

M*OZn:P\Yp>E.s,p#% "h~A
#!encrypt#!4#!N%Ti#!encrypt#!9#!u{Y_`=a +#!encrypt#!3#!NTT#!encrypt#!3#!{t|#!encrypt#!7#!NMIn|CJ#!encrypt#!6#!Nt<]2/#!encrypt#!1#!
#!encrypt#!73#!-T_Zn;^^D!LZY3<L&!d:LC&{ct:REUm#-T_Zn;^^D!LZY3<L&!d:LC&{ct:REUm#-T_Zn;^^
#!encrypt#!74#!N%Tip^?\=p?#I#'E9^#{DH[! *|7o4+'%%_iS$%'#>8ZIy=3=5;]L5=v0ER.>UgcP%DqeV^g(
#!encrypt#!75#!~aH]8Vol]!T+`yw>HEB]{oHx:t/V,[1c,wOiwp(%ZcbuI-`@ON_Z>Ys-~cSV<Rgr>l40nu]Q)^
#!encrypt#!1#!
#!encrypt#!24#!N%Ti<^6\+j81{o%/`ry+ pU
#!encrypt#!26#!

M*OZn:P\Yp>E.s,p#%5"h~A
#!encrypt#!4#!N%Ti#!encrypt#!6#!+Guc|m#!encrypt#!3#!NTT#!encrypt#!3#!{t|#!encrypt#!7#!NMA%N0V#!encrypt#!5#!N@-x$#!encrypt#!1#!
#!encrypt#!73#!-T_Zn;^^D!LZY3<L&!d:LC&{ct:REUm#-T_Zn;^^D!LZY3<L&!d:LC&{ct:REUm#-T_Zn;^^
#!encrypt#!71#!N%Tip^?\=p?#I#'E9^#/>>s7PQ$v5~g#N@!itipgDxT[ISgr`!#ub5} @^:t,qg3@tTZw|
#!encrypt#!75#!~aH]8Vol]!T+`yw>HEB]{oHx:t/V,[1c,wOiwp(%ZcbuI-`@ON_Z>Ys-~cSV<Rgr>l40nu]Q)^
#!encrypt#!1#!
#!encrypt#!26#!

M*OZn:P\Yp>E.s,p#%$"h~A
#!encrypt#!4#!N%Ti#!encrypt#!9#!u{Y_`=6 +#!encrypt#!3#!NTT#!encrypt#!3#!{t|#!encrypt#!7#!NM8cJ`V#!encrypt#!6#!Nt<]2/#!encrypt#!1#!
#!encrypt#!73#!-T_Zn;^^D!LZY3<L&!d:LC&{ct:REUm#-T_Zn;^^D!LZY3<L&!d:LC&{ct:REUm#-T_Zn;^^
#!encrypt#!74#!N%Tip^?\=p?#I#'E9^#{DH[! %|7o4+'%%_iS$%'#>8ZIy=3=5;]L5=v0ER.>UgcP%DqeV^g(
#!encrypt#!75#!~aH]8Vol]!T+`yw>HEB]{oHx:t/V,[1c,wOiwp(%ZcbuI-`@ON_Z>Ys-~cSV<Rgr>l40nu]Q)^
#!encrypt#!1#!
#!encrypt#!24#!N%Ti<^6\+j81{o%/`r|35e-
#!encrypt#!27#!

M*OZn:P\Yp>E.s,p#Z?7p-6V
#!encrypt#!4#!N%Ti#!encrypt#!6#!+fuO e#!encrypt#!3#!NTT#!encrypt#!3#!68=#!encrypt#!6#!N8N_<^#!encrypt#!10#!N8N_<^_:.L#!encrypt#!1#!
#!encrypt#!73#!-T_Zn;^^D!LZY3<L&!d:LC&{ct:REUm#-T_Zn;^^D!LZY3<L&!d:LC&{ct:REUm#-T_Zn;^^
#!encrypt#!80#!N%Tip^?\=p?#I#'E9^#/p>0M\Q$v5~g#N@!itipgDx9[ISgr`!#+#e6L]^-e94mrpd!i5opgDxuiaTp
#!encrypt#!75#!~aH]8Vol]!T+`yw>HEB]{oHx:t/V,[1c,wOiwp(%ZcbuI-`@ON_Z>Ys-~cSV<Rgr>l40nu]Q)^
#!encrypt#!1#!
#!encrypt#!27#!

M*OZn:P\Yp>E.s,p#Z?pp-6V
#!encrypt#!4#!N%Ti#!encrypt#!6#!+YIO|m#!encrypt#!3#!NTT#!encrypt#!3#!{t|#!encrypt#!7#!NMtcmIP#!encrypt#!5#!N@M~x#!encrypt#!1#!
#!encrypt#!73#!-T_Zn;^^D!LZY3<L&!d:LC&{ct:REUm#-T_Zn;^^D!LZY3<L&!d:LC&{ct:REUm#-T_Zn;^^
#!encrypt#!80#!N%Tip^?\=p?#I#'E9^#/at07PQ$v5~g#N@!itipgDx#[ISgr`!#Z5k=U]^-e94mr0Y!i5opgDxHvx=m
#!encrypt#!75#!~aH]8Vol]!T+`yw>HEB]{oHx:t/V,[1c,w8iwp(%ZcbuI-`@ON_Z>Ys-~c"V<3gr>l40nu]Q)^
#!encrypt#!1#!
#!encrypt#!24#!N%Ti<^6\+j81{o%/`rL3#c6
#!encrypt#!27#!

M*OZn:P\Yp>E.s,p#Z?kp-6V
#!encrypt#!4#!N%Ti#!encrypt#!6#!+fAu||#!encrypt#!3#!NTT#!encrypt#!3#!{t|#!encrypt#!7#!NMIjm`V#!encrypt#!5#!N@y"(#!encrypt#!1#!
#!encrypt#!73#!-T_Zn;^^D!LZY3<L&!d:LC&{ct:REUm#-T_Zn;^^D!LZY3<L&!d:LC&{ct:REUm#-T_Zn;^^
#!encrypt#!78#!N%Tip^?\=p?#I#'E9^#/pcU7VQ$v5~g#N@!itipgDx5[ISgr`!#%,76v0ER.>Ug\P%DqeV^gS$#4h
#!encrypt#!75#!~aH]8Vol]!T+`yw>HEp]{oHx:t/V,[1c,w8iwp(%ZcbuI-`@ON_Z>Ys-~c"V<3gr>l40nu]Q)^
#!encrypt#!1#!
#!encrypt#!27#!

M*OZn:P\Yp>E.s,p#Z?'p-6V
#!encrypt#!4#!N%Ti#!encrypt#!11#!u{HkTCDf.<?#!encrypt#!3#!NTT#!encrypt#!3#!{t|#!encrypt#!7#!NMtu `K#!encrypt#!5#!N@,x$#!encrypt#!1#!
#!encrypt#!73#!-T_Zn;^^D!LZY3<L&!d:LC&{ct:REUm#-T_Zn;^^D!LZY3<L&!d:LC&{ct:REUm#-T_Zn;^^
#!encrypt#!76#!N%Tip^?\=p?#I#'E9^#{Df/dI`g!d&)r~r:inVYjgC"/I3x>4-{WO5&$VQ$ gug#N;!i5opgDxT
#!encrypt#!75#!~aH]8Vol]!T+`yw>HEp]{oHx:t/V,[1c,w8iwp(%ZcbuI-`@ON_Z>Ys-~cSV<Rgr>l40nu]Q)^
#!encrypt#!1#!
#!encrypt#!27#!

M*OZn:P\Yp>E.s,p#Z?<p-6V
#!encrypt#!4#!N%Ti#!encrypt#!11#!u{HkTCDfd<?#!encrypt#!3#!NTT#!encrypt#!3#!{t|#!encrypt#!7#!NMtu `K#!encrypt#!5#!N@-x$#!encrypt#!1#!
#!encrypt#!73#!-T_Zn;^^D!LZY3<L&!d:LC&{ct:REUm#-T_Zn;^^D!LZY3<L&!d:LC&{ct:REUm#-T_Zn;^^
#!encrypt#!76#!N%Tip^?\=p?#I#'E9^#{Df/dI`ghd&)r~r:inVYjgC"/I3x>4-{WO5&$VQ$ gug#N;!i5opgDxT
#!encrypt#!75#!~aH]8Vol]!T+`yw>HEp]{oHx:t/V,[1c,w8iwp(%ZcbuI-`@ON_Z>Ys-~cSV<Rgr>l40nu]Q)^
#!encrypt#!1#!
#!encrypt#!27#!

M*OZn:P\Yp>E.s,p#Z?]p-6V
#!encrypt#!4#!N%Ti#!encrypt#!6#!+Iu%LX#!encrypt#!3#!NTT#!encrypt#!3#!{t|#!encrypt#!7#!NVy!#\*#!encrypt#!8#!No4;$KD\#!encrypt#!1#!
#!encrypt#!73#!-T_Zn;^^D!LZY3<L&!d:LC&{ct:REUm#-T_Zn;^^D!LZY3<L&!d:LC&{ct:REUm#-T_Zn;^^
#!encrypt#!71#!N%Tip^?\=p?#I#'E9^#/,>$WyQ$v5~g#N@!itipgDxT[ISgr`!#ub5} @^:t,qg3@tTZw|
#!encrypt#!75#!~aH]8Vol]!T+`yw>HEp]{oHx:t/V,[1c,w8iwp(%ZcbuI-`@ON_Z>Ys-~cSV<Rgr>l40nu]Q)^
#!encrypt#!1#!
#!encrypt#!27#!

M*OZn:P\Yp>E.s,p#Z?tp-6V
#!encrypt#!4#!N%Ti#!encrypt#!6#!+fbOBn#!encrypt#!3#!NTT#!encrypt#!3#!{t|#!encrypt#!7#!NM&c|m<#!encrypt#!7#!N1fI<c|#!encrypt#!1#!
#!encrypt#!73#!-T_Zn;^^D!LZY3<L&!d:LC&{ct:REUm#-T_Zn;^^D!LZY3<L&!d:LC&{ct:REUm#-T_Zn;^^
#!encrypt#!71#!N%Tip^?\=p?#I#'E9^#/p'0#AQ$v5~g#N@!itipgDxT[ISgr`!#ub5} @^:t,qg3@tTZw|
#!encrypt#!75#!~aH]8Vol]!T+`yw>HEp]{oHx:t/V,[1c,w8iwp(%ZcbuI-`@ON_Z>Ys-~cSV<Rgr>l40nu]Q)^
#!encrypt#!1#!
#!encrypt#!24#!N%Ti<^6\+j81{o%/`r<3 ]s
#!encrypt#!27#!

M*OZn:P\Yp>E.s,p#Z?ep-6V
#!encrypt#!4#!N%Ti#!encrypt#!11#!u3fIZd?0Pk4#!encrypt#!3#!NTT#!encrypt#!3#!68=#!encrypt#!7#!NMtOmC>#!encrypt#!6#!Nt<]2/#!encrypt#!1#!
#!encrypt#!73#!-T_Zn;^^D!LZY3<L&!d:LC&{ct:REUm#-T_Zn;^^D!LZY3<L&!d:LC&{ct:REUm#-T_Zn;^^
#!encrypt#!76#!N%Tip^?\=p?#I#'E9^#{R4t;(d;:DM)r~r:inVYjgC"/I3x>4-{WO5&$VQ$ gug#N;!i5opgDxT
#!encrypt#!75#!~aH]8Vol]!T+`yw>HEp]{oHx:t/V,[1c,w8iwp(%ZcbuI-`@ON_Z>Ys-~cSV<Rgr>l40nu]Q)^
#!encrypt#!1#!
#!encrypt#!24#!N%Ti<^6\+j81{o%/`rL##pg
#!encrypt#!27#!

M*OZn:P\Yp>E.s,p#Z?>p-6V
#!encrypt#!4#!N%Ti#!encrypt#!5#!+Gt7r#!encrypt#!3#!NTT#!encrypt#!3#!{t|#!encrypt#!5#!N@M~x#!encrypt#!7#!NVy!#\*#!encrypt#!1#!
#!encrypt#!73#!-T_Zn;^^D!LZY3<L&!d:LC&{ct:REUm#-T_Zn;^^D!LZY3<L&!d:LC&{ct:REUm#-T_Zn;^^
#!encrypt#!70#!N%Tip^?\=p?#I#'E9^#/>k6y]^^@$4mr%|TtSJ%^g >pLvY3&-Dr{xf'0t$bo4Sg6%_ir
#!encrypt#!75#!~aH]8Vol]!T+`yw>HEp]{oHx:t/V,[1c,w8iwp(%ZcbuI-`@ON_Z>Ys-~cSV<Rgr>l40nu]Q)^
#!encrypt#!1#!
#!encrypt#!27#!

M*OZn:P\Yp>E.s,p#Z?cp-6V
#!encrypt#!4#!N%Ti#!encrypt#!5#!+Ib%J#!encrypt#!3#!NTT#!encrypt#!3#!{t|#!encrypt#!6#!NM8nN|#!encrypt#!5#!Nty"(#!encrypt#!1#!
#!encrypt#!73#!-T_Zn;^^D!LZY3<L&!d:LC&{ct:REUm#-T_Zn;^^D!LZY3<L&!d:LC&{ct:REUm#-T_Zn;^^
#!encrypt#!70#!N%Tip^?\=p?#I#'E9^#/,'$U]^^@$4mr%|TtSJ%^g >pLvY3&-Dr{xf'0t$bo4Sg6%_ir
#!encrypt#!75#!~aH]8Vol]!T+`yw>HEp]{oHx:t/V,[1c,w8iwp(%ZcbuI-`@ON_Z>Ys-~cSV<Rgr>l40nu]Q)^
#!encrypt#!1#!
#!encrypt#!27#!

M*OZn:P\Yp>E.s,p#Z,7p-6V
#!encrypt#!4#!N%Ti#!encrypt#!6#!+YI?Ju#!encrypt#!3#!NTT#!encrypt#!3#!{t|#!encrypt#!6#!NM&O|X#!encrypt#!7#!N1fI<c|#!encrypt#!1#!
#!encrypt#!73#!-T_Zn;^^D!LZY3<L&!d:LC&{ct:REUm#-T_Zn;^^D!LZY3<L&!d:LC&{ct:REUm#-T_Zn;^^
#!encrypt#!71#!N%Tip^?\=p?#I#'E9^#/at-U;Q$v5~g#N@!itipgDxT[ISgr`!#ub5} @^:t,qg3@tTZw|
#!encrypt#!75#!~aH]8Vol]!T+`yw>HEp]{oHx:t/V,[1c,w8iwp(%ZcbuI-`@ON_Z>Ys-~cSV<Rgr>l40nu]Q)^
#!encrypt#!1#!
#!encrypt#!23#!N%Ti<^6\+j81{o%/`r<# >
#!encrypt#!27#!

M*OZn:P\Yp>E.s,p#Z,pp-6V
#!encrypt#!4#!N%Ti#!encrypt#!11#!u3fIZd?lZ_b#!encrypt#!3#!NTT#!encrypt#!3#!68=#!encrypt#!7#!NMIjLXd#!encrypt#!6#!Nt<]2/#!encrypt#!1#!
#!encrypt#!73#!-T_Zn;^^D!LZY3<L&!d:LC&{ct:REUm#-T_Zn;^^D!LZY3<L&!d:LC&{ct:REUm#-T_Zn;^^
#!encrypt#!76#!N%Tip^?\=p?#I#'E9^#{R4t;(d#`r=)r~r:inVYjgC"/I3x>4-{WO5&$VQ$ gug#N;!i5opgDxT
#!encrypt#!75#!~aH]8Vol]!T+`yw>HEp]{oHx:t/V,[1c,w8iwp(%ZcbuI-`@ON_Z>Ys-~cSV<Rgr>l40nu]Q)^
#!encrypt#!1#!
#!encrypt#!27#!

M*OZn:P\Yp>E.s,p#Z,kp-6V
#!encrypt#!4#!N%Ti#!encrypt#!14#!u3fIZd?lZ_bOXp#!encrypt#!3#!NTT#!encrypt#!3#!{t|#!encrypt#!7#!NMIjLXd#!encrypt#!6#!Nt<]2/#!encrypt#!1#!
#!encrypt#!73#!-T_Zn;^^D!LZY3<L&!d:LC&{ct:REUm#-T_Zn;^^D!LZY3<L&!d:LC&{ct:REUm#-T_Zn;^^
#!encrypt#!79#!N%Tip^?\=p?#I#'E9^#{R4t;(d#`r=-!i|T9ci%^g4>p|vY3&-Dr{sq'0t$bo4Cg6%_ir$%77>8ZIy
#!encrypt#!75#!~aH]8Vol]!T+`yw>HEp]{oHx:t/V,[1c,w8iwp(%ZcbuI-`@ON_Z>Ys-~cSV<Rgr>l40nu]Q)^
#!encrypt#!1#!
#!encrypt#!24#!N%Ti<^6\+j81{o%/`ryl>>h
#!encrypt#!27#!

M*OZn:P\Yp>E.s,p#Z,'p-6V
#!encrypt#!4#!N%Ti#!encrypt#!6#!+wujre#!encrypt#!3#!NTT#!encrypt#!3#!{t|#!encrypt#!7#!NVy!#\*#!encrypt#!8#!N{4;$KD\#!encrypt#!1#!
#!encrypt#!73#!-T_Zn;^^D!LZY3<L&!d:LC&{ct:REUm#-T_Zn;^^D!LZY3<L&!d:LC&{ct:REUm#-T_Zn;^^
#!encrypt#!71#!N%Tip^?\=p?#I#'E9^#/5>gy\Q$v5~g#N@!itipgDxT[ISgr`!#ub5} @^:t,qg3@tTZw|
#!encrypt#!75#!~aH]8Vol]!T+`yw>HEp]{oHx:t/V,[1c,w8iwp(%ZcbuI-`@ON_Z>Ys-~cSV<Rgr>l40nu]Q)^
#!encrypt#!1#!
#!encrypt#!27#!

M*OZn:P\Yp>E.s,p#Z,<p-6V
#!encrypt#!4#!N%Ti#!encrypt#!4#!+IA%#!encrypt#!3#!NTT#!encrypt#!3#!{t|#!encrypt#!7#!NMucQ|P#!encrypt#!7#!N1fI<c|#!encrypt#!1#!
#!encrypt#!73#!-T_Zn;^^D!LZY3<L&!d:LC&{ct:REUm#-T_Zn;^^D!LZY3<L&!d:LC&{ct:REUm#-T_Zn;^^
#!encrypt#!69#!N%Tip^?\=p?#I#'E9^#/,c$v0T?">Ug:P%3!eV^g(,8\HMxL`bN]t_ $c^/N>7nHNTT&
#!encrypt#!75#!~aH]8Vol]!T+`yw>HEp]{oHx:t/V,[1c,w8iwp(%ZcbuI-`@ON_Z>Ys-~cSV<Rgr>l40nu]Q)^
#!encrypt#!1#!
#!encrypt#!24#!N%Ti<^6\+j81{o%/`rp3a76
#!encrypt#!27#!

M*OZn:P\Yp>E.s,p#Z,]p-6V
#!encrypt#!4#!N%Ti#!encrypt#!11#!u3fIZdM0Pk4#!encrypt#!3#!NTT#!encrypt#!3#!{t|#!encrypt#!5#!NM&u|#!encrypt#!6#!Nt<]2/#!encrypt#!1#!
#!encrypt#!73#!-T_Zn;^^D!LZY3<L&!d:LC&{ct:REUm#-T_Zn;^^D!LZY3<L&!d:LC&{ct:REUm#-T_Zn;^^
#!encrypt#!76#!N%Tip^?\=p?#I#'E9^#{R4t;(';:DM)r~r:inVYjgC"/I3x>4-{WO5&$VQ$ gug#N;!i5opgDxT
#!encrypt#!75#!~aH]8Vol]!T+`yw>HEp]{oHx:t/V,[1c,w8iwp(%ZcbuI-`@ON_Z>Ys-~cSV<Rgr>l40nu]Q)^
#!encrypt#!1#!
#!encrypt#!22#!N%Ti<^6\+j81{o%/`r<% 
#!encrypt#!27#!

M*OZn:P\Yp>E.s,p#Z,tp-6V
#!encrypt#!4#!N%Ti#!encrypt#!6#!+YKuQ|#!encrypt#!3#!NTT#!encrypt#!3#!{t|#!encrypt#!6#!NM8nN|#!encrypt#!5#!N@y"(#!encrypt#!1#!
#!encrypt#!73#!-T_Zn;^^D!LZY3<L&!d:LC&{ct:REUm#-T_Zn;^^D!LZY3<L&!d:LC&{ct:REUm#-T_Zn;^^
#!encrypt#!71#!N%Tip^?\=p?#I#'E9^#/a7UlVQ$v5~g#N@!itipgDxT[ISgr`!#ub5} @^:t,qg3@tTZw|
#!encrypt#!75#!~aH]8Vol]!T+`yw>HEp]{oHx:t/V,[1c,w8iwp(%ZcbuI-`@ON_Z>Ys-~cSV<Rgr>l40nu]Q)^
#!encrypt#!1#!
#!encrypt#!23#!N%Ti<^6\+j81{o%/`r|+c7
#!encrypt#!27#!

M*OZn:P\Yp>E.s,p#Z,ep-6V
#!encrypt#!4#!N%Ti#!encrypt#!5#!+dtuN#!encrypt#!3#!NTT#!encrypt#!3#!{t|#!encrypt#!7#!NMI& nK#!encrypt#!7#!N1fI<c|#!encrypt#!1#!
#!encrypt#!73#!-T_Zn;^^D!LZY3<L&!d:LC&{ct:REUm#-T_Zn;^^D!LZY3<L&!d:LC&{ct:REUm#-T_Zn;^^
#!encrypt#!70#!N%Tip^?\=p?#I#'E9^#/ckUL]^^@$4mr%|TtSJ%^g >pLvY3&-Dr{xf'0t$bo4Sg6%_ir
#!encrypt#!75#!~aH]8Vol]!T+`yw>HEp]{oHx:t/V,[1c,w8iwp(%ZcbuI-`@ON_Z>Ys-~cSV<Rgr>l40nu]Q)^
#!encrypt#!1#!
#!encrypt#!24#!N%Ti<^6\+j81{o%/`ryu$t=
#!encrypt#!27#!

M*OZn:P\Yp>E.s,p#Z,>p-6V
#!encrypt#!4#!N%Ti#!encrypt#!11#!u3fIZdMlZ_b#!encrypt#!3#!NTT#!encrypt#!3#!68=#!encrypt#!6#!NMOn e#!encrypt#!6#!Nt<]2/#!encrypt#!1#!
#!encrypt#!73#!-T_Zn;^^D!LZY3<L&!d:LC&{ct:REUm#-T_Zn;^^D!LZY3<L&!d:LC&{ct:REUm#-T_Zn;^^
#!encrypt#!76#!N%Tip^?\=p?#I#'E9^#{R4t;('#`r=)r~r:inVYjgC"/I3x>4-{WO5&$VQ$ gug#N;!i5opgDxT
#!encrypt#!75#!~aH]8Vol]!T+`yw>HEp]{oHx:t/V,[1c,w8iwp(%ZcbuI-`@ON_Z>Ys-~cSV<Rgr>l40nu]Q)^
#!encrypt#!1#!
#!encrypt#!27#!

M*OZn:P\Yp>E.s,p#Z,cp-6V
#!encrypt#!4#!N%Ti#!encrypt#!14#!u3fIZdMlZ_bOXp#!encrypt#!3#!NTT#!encrypt#!3#!{t|#!encrypt#!6#!NMOn e#!encrypt#!6#!Nt<]2/#!encrypt#!1#!
#!encrypt#!73#!-T_Zn;^^D!LZY3<L&!d:LC&{ct:REUm#-T_Zn;^^D!LZY3<L&!d:LC&{ct:REUm#-T_Zn;^^
#!encrypt#!79#!N%Tip^?\=p?#I#'E9^#{R4t;('#`r=-!i|T9ci%^g4>p|vY3&-Dr{sq'0t$bo4Cg6%_ir$%77>8ZIy
#!encrypt#!75#!~aH]8Vol]!T+`yw>HEp]{oHx:t/V,[1c,w8iwp(%ZcbuI-`@ON_Z>Ys-~cSV<Rgr>l40nu]Q)^
#!encrypt#!1#!
#!encrypt#!23#!N%Ti<^6\+j81{o%/`r?+$<
#!encrypt#!27#!

M*OZn:P\Yp>E.s,p#Zp7p-6V
#!encrypt#!4#!N%Ti#!encrypt#!6#!+Yt7 n#!encrypt#!3#!NTT#!encrypt#!16#!)(>q64%AP.?#}c\*#!encrypt#!8#!No4;$KD\#!encrypt#!7#!NVy!#\*#!encrypt#!5#!N+mk$#!encrypt#!1#!
#!encrypt#!73#!-T_Zn;^^D!LZY3<L&!d:LC&{ct:REUm#-T_Zn;^^D!LZY3<L&!d:LC&{ct:REUm#-T_Zn;^^
#!encrypt#!72#!N%Ti2P[\=x&%4{8,`.iE{NH;21O7:Y)rL{f${~A@_xGxIX7xW?z2Vw4s0_#7IXxeQ)TkV~'
#!encrypt#!75#!~aH]8Vol]!T+`yw>HEp]{oHx:t/V,[1c,w8iwp(%ZcbuI-`@ON_Z>Ys-~cSV<Rgr>l40nu]Q)^
#!encrypt#!1#!
#!encrypt#!27#!

M*OZn:P\Yp>E.s,p#Zppp-6V
#!encrypt#!4#!N%Ti#!encrypt#!4#!+dtj#!encrypt#!3#!NTT#!encrypt#!3#!{t|#!encrypt#!7#!NMInNI>#!encrypt#!7#!N1fI<c|#!encrypt#!1#!
#!encrypt#!73#!-T_Zn;^^D!LZY3<L&!d:LC&{ct:REUm#-T_Zn;^^D!LZY3<L&!d:LC&{ct:REUm#-T_Zn;^^
#!encrypt#!69#!N%Tip^?\=p?#I#'E9^#/ckgv0T?">Ug:P%3!eV^g(,8\HMxL`bN]t_ $c^/N>7nHNTT&
#!encrypt#!75#!~aH]8Vol]!T+`yw>HEp]{oHx:t/V,[1c,w8iwp(%ZcbuI-`@ON_Z>Ys-~cSV<Rgr>l40nu]Q)^
#!encrypt#!1#!
#!encrypt#!24#!N%Ti<^6\+j81{o%/`ry+ccg
#!encrypt#!27#!

M*OZn:P\Yp>E.s,p#Zpkp-6V
#!encrypt#!4#!N%Ti#!encrypt#!10#!u3fIT%B#'k#!encrypt#!3#!NTT#!encrypt#!3#!68=#!encrypt#!5#!NMOnQ#!encrypt#!6#!Nt<]2/#!encrypt#!1#!
#!encrypt#!73#!-T_Zn;^^D!LZY3<L&!d:LC&{ct:REUm#-T_Zn;^^D!LZY3<L&!d:LC&{ct:REUm#-T_Zn;^^
#!encrypt#!75#!N%Tip^?\=p?#I#'E9^#{R4td=H_nDqg,\@TZwi;g;4gpYu~1`Iuc{C7y]^-e94mr!|TaGJ%^g 
#!encrypt#!75#!~aH]8Vol]!T+`yw>HEp]{oHx:t/V,[1c,w8iwp(%ZcbuI-`@ON_Z>Ys-~cSV<Rgr>l40nu]Q)^
#!encrypt#!1#!
#!encrypt#!22#!N%Ti<^6\+j81{o%/`r?+a
#!encrypt#!27#!

M*OZn:P\Yp>E.s,p#Zp'p-6V
#!encrypt#!4#!N%Ti#!encrypt#!6#!+[KOJC#!encrypt#!3#!NTT#!encrypt#!3#!68=#!encrypt#!5#!N@M~x#!encrypt#!7#!NVy!#\*#!encrypt#!1#!
#!encrypt#!73#!-T_Zn;^^D!LZY3<L&!d:LC&{ct:REUm#-T_Zn;^^D!LZY3<L&!d:LC&{ct:REUm#-T_Zn;^^
#!encrypt#!72#!N%Ti2P[\=x&a`=SJ`.iE{NH;21O7:Y)rL{f${~A@_xGxIX7xW?z2Vw4s0_#7IXxeQ)TkV~'
#!encrypt#!75#!~aH]8Vol]!T+`yw>HEp]{oHx:t/V,[1c,w8iwp(%ZcbuI-`@ON_Z>Ys-~cSV<Rgr>l40nu]Q)^
#!encrypt#!1#!
#!encrypt#!27#!

M*OZn:P\Yp>E.s,p#Zp<p-6V
#!encrypt#!4#!N%Ti#!encrypt#!6#!+dAR n#!encrypt#!3#!NTT#!encrypt#!3#!{t|#!encrypt#!7#!NMA&mXh#!encrypt#!5#!Nty"(#!encrypt#!1#!
#!encrypt#!73#!-T_Zn;^^D!LZY3<L&!d:LC&{ct:REUm#-T_Zn;^^D!LZY3<L&!d:LC&{ct:REUm#-T_Zn;^^
#!encrypt#!72#!N%Ti2P[\=x&ia-8,`.iE{NH;21O7:Y)rL{f${~A@_xGxIX7xW?z2Vw4s0_#7IXxeQ)TkV~'
#!encrypt#!75#!~aH]8Vol]!T+`yw>HEp]{oHx:t/V,[1c,w8iwp(%ZcbuI-`@ON_Z>Ys-~cSV<Rgr>l40nu]Q)^
#!encrypt#!1#!
#!encrypt#!27#!

M*OZn:P\Yp>E.s,p#Zp]p-6V
#!encrypt#!4#!N%Ti#!encrypt#!6#!+Ioc|X#!encrypt#!3#!NTT#!encrypt#!3#!{t|#!encrypt#!7#!NMOuBI>#!encrypt#!7#!N1fI<c|#!encrypt#!1#!
#!encrypt#!73#!-T_Zn;^^D!LZY3<L&!d:LC&{ct:REUm#-T_Zn;^^D!LZY3<L&!d:LC&{ct:REUm#-T_Zn;^^
#!encrypt#!71#!N%Tip^?\=p?#I#'E9^#/,es7yQ$v5~g#N@!itipgDxT[ISgr`!#ub5} @^:t,qg3@tTZw|
#!encrypt#!75#!~aH]8Vol]!T+`yw>HEp]{oHx:t/V,[1c,w8iwp(%ZcbuI-`@ON_Z>Ys-~cSV<Rgr>l40nu]Q)^
#!encrypt#!1#!
#!encrypt#!24#!N%Ti<^6\+j81{o%/`r?%,cg
#!encrypt#!27#!

M*OZn:P\Yp>E.s,p#Zptp-6V
#!encrypt#!4#!N%Ti#!encrypt#!10#!u3fIT%M@dn#!encrypt#!3#!NTT#!encrypt#!3#!68=#!encrypt#!7#!NM&%J`<#!encrypt#!6#!Nt<]2/#!encrypt#!1#!
#!encrypt#!73#!-T_Zn;^^D!LZY3<L&!d:LC&{ct:REUm#-T_Zn;^^D!LZY3<L&!d:LC&{ct:REUm#-T_Zn;^^
#!encrypt#!75#!N%Tip^?\=p?#I#'E9^#{R4td='khlqg,\@TZwi;g;4gpYu~1`Iuc{C7y]^-e94mr!|TaGJ%^g 
#!encrypt#!75#!~aH]8Vol]!T+`yw>HEp]{oHx:t/V,[1c,w8iwp(%ZcbuI-`@ON_Z>Ys-~cSV<Rgr>l40nu]Q)^
#!encrypt#!1#!
#!encrypt#!27#!

M*OZn:P\Yp>E.s,p#Zpep-6V
#!encrypt#!4#!N%Ti#!encrypt#!13#!u3fIT%M@dnMh!#!encrypt#!3#!NTT#!encrypt#!3#!{t|#!encrypt#!7#!NM&%J`<#!encrypt#!6#!Nt<]2/#!encrypt#!1#!
#!encrypt#!73#!-T_Zn;^^D!LZY3<L&!d:LC&{ct:REUm#-T_Zn;^^D!LZY3<L&!d:LC&{ct:REUm#-T_Zn;^^
#!encrypt#!78#!N%Tip^?\=p?#I#'E9^#{R4td='khlF GP%=3SV^g#,8SHMxL`bN]uZ $c^/N>OnHNTT&WV&!9xLp`
#!encrypt#!75#!~aH]8Vol]!T+`yw>HEp]{oHx:t/V,[1c,w8iwp(%ZcbuI-`@ON_Z>Ys-~cSV<Rgr>l40nu]Q)^
#!encrypt#!1#!
#!encrypt#!24#!N%Ti<^6\+j81{o%/`r<15es
#!encrypt#!27#!

M*OZn:P\Yp>E.s,p#Zp>p-6V
#!encrypt#!4#!N%Ti#!encrypt#!6#!+.A%Nn#!encrypt#!3#!NTT#!encrypt#!16#!)(>q64%AP.?#}c\*#!encrypt#!8#!N{4;$KD\#!encrypt#!7#!NVy!#\*#!encrypt#!5#!N+mk$#!encrypt#!1#!
#!encrypt#!73#!-T_Zn;^^D!LZY3<L&!d:LC&{ct:REUm#-T_Zn;^^D!LZY3<L&!d:LC&{ct:REUm#-T_Zn;^^
#!encrypt#!72#!N%Ti2P[\=x&_aT$,`.iE{NH;21O7:Y)rL{f${~A@_xGxIX7xW?z2Vw4s0_#7IXxeQ)TkV~'
#!encrypt#!75#!~aH]8Vol]!T+`yw>HEp]{oHx:t/V,[1c,w8iwp(%ZcbuI-`@ON_Z>Ys-~cSV<Rgr>l40nu]Q)^
#!encrypt#!1#!
#!encrypt#!24#!N%Ti<^6\+j81{o%/`(zWRDn
#!encrypt#!27#!

M*OZn:P\Yp>E.s,p#Zpcp-6V
#!encrypt#!4#!N%Ti#!encrypt#!6#!+ft%aX#!encrypt#!3#!NTT#!encrypt#!3#!{t|#!encrypt#!7#!NMou|e>#!encrypt#!7#!N1fI<c|#!encrypt#!1#!
#!encrypt#!73#!-T_Zn;^^D!LZY3<L&!d:LC&{ct:REUm#-T_Zn;^^D!LZY3<L&!d:LC&{ct:REUm#-T_Zn;^^
#!encrypt#!71#!N%Tip^?\=p?#I#'E9^#/pk$-yQ$v5~g#N@!itipgDxT[ISgr`!#ub5} @^:t,qg3@tTZw|
#!encrypt#!75#!~aH]8Vol]!T+`yw>HEp]{oHx:t/V,[1c,w8iwp(%ZcbuI-`@ON_Z>Ys-~cSV<Rgr>l40nu]Q)^
#!encrypt#!1#!
#!encrypt#!24#!N%Ti<^6\+j81{o%/`rB% <g
#!encrypt#!27#!

M*OZn:P\Yp>E.s,p#Z#7p-6V
#!encrypt#!4#!N%Ti#!encrypt#!10#!u3fIT"B#'k#!encrypt#!3#!NTT#!encrypt#!3#!{t|#!encrypt#!7#!NMtn|u<#!encrypt#!6#!Nt<]2/#!encrypt#!1#!
#!encrypt#!73#!-T_Zn;^^D!LZY3<L&!d:LC&{ct:REUm#-T_Zn;^^D!LZY3<L&!d:LC&{ct:REUm#-T_Zn;^^
#!encrypt#!75#!N%Tip^?\=p?#I#'E9^#{R4td?H_nDqg,\@TZwi;g;4gpYu~1`Iuc{C7y]^-e94mr!|TaGJ%^g 
#!encrypt#!75#!~aH]8Vol]!T+`yw>HEp]{oHx:t/V,[1c,w8iwp(%ZcbuI-`@ON_Z>Ys-~cSV<Rgr>l40nu]Q)^
#!encrypt#!1#!
#!encrypt#!24#!N%Ti<^6\+j81{o%/`rL+ ks
#!encrypt#!27#!

M*OZn:P\Yp>E.s,p#Z#pp-6V
#!encrypt#!4#!N%Ti#!encrypt#!5#!+wo%J#!encrypt#!3#!NTT#!encrypt#!3#!{t|#!encrypt#!7#!NMA&mXh#!encrypt#!5#!N@y"(#!encrypt#!1#!
#!encrypt#!73#!-T_Zn;^^D!LZY3<L&!d:LC&{ct:REUm#-T_Zn;^^D!LZY3<L&!d:LC&{ct:REUm#-T_Zn;^^
#!encrypt#!71#!N%Ti2P[\=x&gFTS3]}h]W42eskqK\qgK>lep$KG5gX;pUoXmQXg$3w|$%'q:`gL?d%M\$k
#!encrypt#!75#!~aH]8Vol]!T+`yw>HEp]{oHx:t/V,[1c,w8iwp(%ZcbuI-`@ON_Z>Ys-~cSV<Rgr>l40nu]Q)^
#!encrypt#!1#!
#!encrypt#!24#!N%Ti<^6\+j81{o%/`r0u#>k
#!encrypt#!27#!

M*OZn:P\Yp>E.s,p#Z#kp-6V
#!encrypt#!4#!N%Ti#!encrypt#!6#!+GOum`#!encrypt#!3#!NTT#!encrypt#!3#!{t|#!encrypt#!6#!NMu%|X#!encrypt#!7#!N1fI<c|#!encrypt#!1#!
#!encrypt#!73#!-T_Zn;^^D!LZY3<L&!d:LC&{ct:REUm#-T_Zn;^^D!LZY3<L&!d:LC&{ct:REUm#-T_Zn;^^
#!encrypt#!71#!N%Tip^?\=p?#I#'E9^#/><U~XQ$v5~g#N@!itipgDxT[ISgr`!#ub5} @^:t,qg3@tTZw|
#!encrypt#!75#!~aH]8Vol]!T+`yw>HEp]{oHx:t/V,[1c,w8iwp(%ZcbuI-`@ON_Z>Ys-~cSV<Rgr>l40nu]Q)^
#!encrypt#!1#!
#!encrypt#!23#!N%Ti<^6\+j81{o%/`rp1 >
#!encrypt#!24#!N%Ti<^6\+j81{o%/`Jm8U1Y
#!encrypt#!27#!

M*OZn:P\Yp>E.s,p#Z#'p-6V
#!encrypt#!4#!N%Ti#!encrypt#!10#!u3fIT"M@dn#!encrypt#!3#!NTT#!encrypt#!3#!68=#!encrypt#!7#!NM87 0]#!encrypt#!6#!Nt<]2/#!encrypt#!1#!
#!encrypt#!73#!-T_Zn;^^D!LZY3<L&!d:LC&{ct:REUm#-T_Zn;^^D!LZY3<L&!d:LC&{ct:REUm#-T_Zn;^^
#!encrypt#!75#!N%Tip^?\=p?#I#'E9^#{R4td?'khlqg,\@TZwi;g;4gpYu~1`Iuc{C7y]^-e94mr!|TaGJ%^g 
#!encrypt#!75#!~aH]8Vol]!T+`yw>HEp]{oHx:t/V,[1c,w8iwp(%ZcbuI-`@ON_Z>Ys-~cSV<Rgr>l40nu]Q)^
#!encrypt#!1#!
#!encrypt#!27#!

M*OZn:P\Yp>E.s,p#Z#<p-6V
#!encrypt#!4#!N%Ti#!encrypt#!13#!u3fIT"M@dnMh!#!encrypt#!3#!NTT#!encrypt#!3#!{t|#!encrypt#!7#!NM87 0]#!encrypt#!6#!Nt<]2/#!encrypt#!1#!
#!encrypt#!73#!-T_Zn;^^D!LZY3<L&!d:LC&{ct:REUm#-T_Zn;^^D!LZY3<L&!d:LC&{ct:REUm#-T_Zn;^^
#!encrypt#!78#!N%Tip^?\=p?#I#'E9^#{R4td?'khlF GP%=3SV^g#,8SHMxL`bN]uZ $c^/N>OnHNTT&WV&!9xLp`
#!encrypt#!75#!~aH]8Vol]!T+`yw>HEp]{oHx:t/V,[1c,w8iwp(%ZcbuI-`@ON_Z>Ys-~cSV<Rgr>l40nu]Q)^
#!encrypt#!1#!
#!encrypt#!24#!N%Ti<^6\+j81{o%/`r|t$'$
#!encrypt#!27#!

M*OZn:P\Yp>E.s,p#Z#]p-6V
#!encrypt#!4#!N%Ti#!encrypt#!6#!+fOu|m#!encrypt#!3#!NTT#!encrypt#!3#!{t|#!encrypt#!6#!N8N_<^#!encrypt#!10#!N8N_<^_:.L#!encrypt#!1#!
#!encrypt#!73#!-T_Zn;^^D!LZY3<L&!d:LC&{ct:REUm#-T_Zn;^^D!LZY3<L&!d:LC&{ct:REUm#-T_Zn;^^
#!encrypt#!71#!N%Tip^?\=p?#I#'E9^#/p<U7PQ$v5~g#N@!itipgDxT[ISgr`!#ub5} @^:t,qg3@tTZw|
#!encrypt#!75#!~aH]8Vol]!T+`yw>HEp]{oHx:t/V,[1c,w8iwp(%ZcbuI-`@ON_Z>Ys-~cSV<Rgr>l40nu]Q)^
#!encrypt#!1#!
#!encrypt#!23#!N%Ti<^6\+j81{o%/`dQ4U4
#!encrypt#!27#!N%Ti<^6\+j81{o%/`dQ4U4Q1U;
#!encrypt#!27#!

M*OZn:P\Yp>E.s,p#Z#tp-6V
#!encrypt#!4#!N%Ti#!encrypt#!6#!+[ucNu#!encrypt#!3#!NTT#!encrypt#!3#!{t|#!encrypt#!7#!NMt7 `V#!encrypt#!5#!N@M~x#!encrypt#!1#!
#!encrypt#!73#!-T_Zn;^^D!LZY3<L&!d:LC&{ct:REUm#-T_Zn;^^D!LZY3<L&!d:LC&{ct:REUm#-T_Zn;^^
#!encrypt#!71#!N%Tip^?\=p?#I#'E9^#/$>sL;Q$v5~g#N@!itipgDxT[ISgr`!#ub5} @^:t,qg3@tTZw|
#!encrypt#!75#!~aH]8Vol]!T+`yw>HEp]{oHx:t/V,[1c,w8iwp(%ZcbuI-`@ON_Z>Ys-~cSV<Rgr>l40nu]Q)^
#!encrypt#!1#!
#!encrypt#!24#!N%Ti<^6\+j81{o%/`rLt$e-
#!encrypt#!22#!N%Ti<^6\+j81{o%/`5i"T
#!encrypt#!27#!

M*OZn:P\Yp>E.s,p#Z#ep-6V
#!encrypt#!4#!N%Ti#!encrypt#!6#!+.b%QX#!encrypt#!3#!NTT#!encrypt#!3#!{t|#!encrypt#!7#!NMAcJed#!encrypt#!5#!N@y"(#!encrypt#!1#!
#!encrypt#!73#!-T_Zn;^^D!LZY3<L&!d:LC&{ct:REUm#-T_Zn;^^D!LZY3<L&!d:LC&{ct:REUm#-T_Zn;^^
#!encrypt#!71#!N%Tip^?\=p?#I#'E9^#/ '$lyQ$v5~g#N@!itipgDxT[ISgr`!#ub5} @^:t,qg3@tTZw|
#!encrypt#!75#!~aH]8Vol]!T+`yw>HEp]{oHx:t/V,[1c,w8iwp(%ZcbuI-`@ON_Z>Ys-~cSV<Rgr>l40nu]Q)^
#!encrypt#!1#!
#!encrypt#!27#!

M*OZn:P\Yp>E.s,p#Z#>p-6V
#!encrypt#!4#!N%Ti#!encrypt#!5#!+wA7J#!encrypt#!3#!NTT#!encrypt#!2#!k1#!encrypt#!8#!Nx4*mgC%#!encrypt#!7#!Nx4*<c|#!encrypt#!1#!
#!encrypt#!73#!-T_Zn;^^D!LZY3<L&!d:LC&{ct:REUm#-T_Zn;^^D!LZY3<L&!d:LC&{ct:REUm#-T_Zn;^^
#!encrypt#!70#!N%Tip^?\=p?#I#'E9^#/5c6U]^^@$4mr%|TtSJ%^g >pLvY3&-Dr{xf'0t$bo4Sg6%_ir
#!encrypt#!75#!~aH]8Vol]!T+`yw>HEp]{oHx:t/V,[1c,w8iwp(%ZcbuI-`@ON_Z>Ys-~cSV<Rgr>l40nu]Q)^
#!encrypt#!1#!
#!encrypt#!27#!

M*OZn:P\Yp>E.s,p#Z#cp-6V
#!encrypt#!4#!N%Ti#!encrypt#!7#!u{HkTuD#!encrypt#!3#!NTT#!encrypt#!3#!68=#!encrypt#!7#!NMoO|n<#!encrypt#!6#!NMuuNX#!encrypt#!1#!
#!encrypt#!73#!-T_Zn;^^D!LZY3<L&!d:LC&{ct:REUm#-T_Zn;^^D!LZY3<L&!d:LC&{ct:REUm#-T_Zn;^^
#!encrypt#!72#!N%Tip^?\=p?#I#'E9^#{Df/d;`ytTA>r-%:)w1YLg!8 5u@4x-d]?#7_#W$R>[)rS( inVK
#!encrypt#!75#!~aH]8Vol]!T+`yw>HEp]{oHx:t/V,[1c,w8iwp(%ZcbuI-`@ON_Z>Ys-~cSV<Rgr>l40nu]Q)^
#!encrypt#!1#!
#!encrypt#!27#!

M*OZn:P\Yp>E.s,p#Zc7p-6V
#!encrypt#!4#!N%Ti#!encrypt#!6#!+wA?Lu#!encrypt#!3#!NTT#!encrypt#!3#!{t|#!encrypt#!7#!NMIjm`V#!encrypt#!5#!Nty"(#!encrypt#!1#!
#!encrypt#!73#!-T_Zn;^^D!LZY3<L&!d:LC&{ct:REUm#-T_Zn;^^D!LZY3<L&!d:LC&{ct:REUm#-T_Zn;^^
#!encrypt#!78#!N%Tip^?\=p?#I#'E9^#/5c-W;Q$v5~g#N@!itipgDx5[ISgr`!#%,76v0ER.>Ug\P%DqeV^gS$#4h
#!encrypt#!75#!~aH]8Vol]!T+`yw>HEp]{oHx:t/V,[1c,w8iwp(%ZcbuI-`@ON_Z>Ys-~c"V<3gr>l40nu]Q)^
#!encrypt#!1#!
#!encrypt#!24#!N%Ti<^6\+j81{o%/`ryl#e-
#!encrypt#!27#!

M*OZn:P\Yp>E.s,p#Zcpp-6V
#!encrypt#!4#!N%Ti#!encrypt#!6#!+.KRJ|#!encrypt#!3#!NTT#!encrypt#!3#!{t|#!encrypt#!7#!NMuuLmd#!encrypt#!5#!Nt+x$#!encrypt#!1#!
#!encrypt#!73#!-T_Zn;^^D!LZY3<L&!d:LC&{ct:REUm#-T_Zn;^^D!LZY3<L&!d:LC&{ct:REUm#-T_Zn;^^
#!encrypt#!71#!N%Tip^?\=p?#I#'E9^#/ 7kUVQ$v5~g#N@!itipgDxT[ISgr`!#ub5} @^:t,qg3@tTZw|
#!encrypt#!75#!~aH]8Vol]!T+`yw>HEp]{oHx:t/V,[1c,w8iwp(%ZcbuI-`@ON_Z>Ys-~cSV<Rgr>l40nu]Q)^
#!encrypt#!1#!
#!encrypt#!27#!

M*OZn:P\Yp>E.s,p#Zckp-6V
#!encrypt#!4#!N%Ti#!encrypt#!6#!+f&OaX#!encrypt#!3#!NTT#!encrypt#!3#!68=#!encrypt#!7#!NMo&BXK#!encrypt#!5#!Nt,x$#!encrypt#!1#!
#!encrypt#!73#!-T_Zn;^^D!LZY3<L&!d:LC&{ct:REUm#-T_Zn;^^D!LZY3<L&!d:LC&{ct:REUm#-T_Zn;^^
#!encrypt#!71#!N%Tip^?\=p?#I#'E9^#/pp0-yQ$v5~g#N@!itipgDxT[ISgr`!#ub5} @^:t,qg3@tTZw|
#!encrypt#!75#!~aH]8Vol]!T+`yw>HEp]{oHx:t/V,[1c,w8iwp(%ZcbuI-`@ON_Z>Ys-~cSV<Rgr>l40nu]Q)^
#!encrypt#!1#!
#!encrypt#!24#!N%Ti<^6\+j81{o%/`rBu,>=
#!encrypt#!27#!

M*OZn:P\Yp>E.s,p#Zc'p-6V
#!encrypt#!4#!N%Ti#!encrypt#!15#!uoHkT=h<U.)eE|%#!encrypt#!3#!NTT#!encrypt#!3#!68=#!encrypt#!7#!NMtRmu<#!encrypt#!8#!Nt0\#K(0#!encrypt#!1#!
#!encrypt#!73#!-T_Zn;^^D!LZY3<L&!d:LC&{ct:REUm#-T_Zn;^^D!LZY3<L&!d:LC&{ct:REUm#-T_Zn;^^
#!encrypt#!80#!N%Tip^?\=p?#I#'E9^#{;f/d cl2"J:0Wl!iDOYgDx"[I?gr`!#ub5Pn@^:t,qgl@tTZw|;g@AgpYu~
#!encrypt#!75#!~aH]8Vol]!T+`yw>HEp]{oHx:t/V,[1c,w8iwp(%ZcbuI-`@ON_Z>Ys-~cSV<Rgr>l40nu]Q)^
#!encrypt#!1#!
#!encrypt#!24#!N%Ti<^6\+j81{o%/`rLZ#ks
#!encrypt#!27#!

M*OZn:P\Yp>E.s,p#Zc<p-6V
#!encrypt#!4#!N%Ti#!encrypt#!6#!+IORJn#!encrypt#!3#!NTT#!encrypt#!3#!{t|#!encrypt#!7#!NMAcJed#!encrypt#!5#!Nty"(#!encrypt#!1#!
#!encrypt#!73#!-T_Zn;^^D!LZY3<L&!d:LC&{ct:REUm#-T_Zn;^^D!LZY3<L&!d:LC&{ct:REUm#-T_Zn;^^
#!encrypt#!71#!N%Tip^?\=p?#I#'E9^#/,<kUAQ$v5~g#N@!itipgDxT[ISgr`!#ub5} @^:t,qg3@tTZw|
#!encrypt#!75#!~aH]8Vol]!T+`yw>HEp]{oHx:t/V,[1c,w8iwp(%ZcbuI-`@ON_Z>Ys-~cSV<Rgr>l40nu]Q)^
#!encrypt#!1#!
#!encrypt#!24#!N%Ti<^6\+j81{o%/`r035<h
#!encrypt#!27#!

M*OZn:P\Yp>E.s,p#Zc]p-6V
#!encrypt#!4#!N%Ti#!encrypt#!6#!+I8jJC#!encrypt#!3#!NTT#!encrypt#!3#!{t|#!encrypt#!7#!NM&7BX>#!encrypt#!5#!Nt+x$#!encrypt#!1#!
#!encrypt#!73#!-T_Zn;^^D!LZY3<L&!d:LC&{ct:REUm#-T_Zn;^^D!LZY3<L&!d:LC&{ct:REUm#-T_Zn;^^
#!encrypt#!71#!N%Tip^?\=p?#I#'E9^#/,]gUIQ$v5~g#N@!itipgDxT[ISgr`!#ub5} @^:t,qg3@tTZw|
#!encrypt#!75#!~aH]8Vol]!T+`yw>HEp]{oHx:t/V,[1c,w8iwp(%ZcbuI-`@ON_Z>Ys-~cSV<Rgr>l40nu]Q)^
#!encrypt#!1#!
#!encrypt#!27#!

M*OZn:P\Yp>E.s,p#Zctp-6V
#!encrypt#!4#!N%Ti#!encrypt#!6#!+IKcQI#!encrypt#!3#!NTT#!encrypt#!3#!68=#!encrypt#!7#!NM&?QXh#!encrypt#!5#!Nt,x$#!encrypt#!1#!
#!encrypt#!73#!-T_Zn;^^D!LZY3<L&!d:LC&{ct:REUm#-T_Zn;^^D!LZY3<L&!d:LC&{ct:REUm#-T_Zn;^^
#!encrypt#!71#!N%Tip^?\=p?#I#'E9^#/,7slDQ$v5~g#N@!itipgDxT[ISgr`!#ub5} @^:t,qg3@tTZw|
#!encrypt#!75#!~aH]8Vol]!T+`yw>HEp]{oHx:t/V,[1c,w8iwp(%ZcbuI-`@ON_Z>Ys-~cSV<Rgr>l40nu]Q)^
#!encrypt#!1#!
#!encrypt#!24#!N%Ti<^6\+j81{o%/`r<-a>k
#!encrypt#!27#!

M*OZn:P\Yp>E.s,p#Zcep-6V
#!encrypt#!4#!N%Ti#!encrypt#!15#!uoHkT=d}U.)eE|%#!encrypt#!3#!NTT#!encrypt#!3#!68=#!encrypt#!7#!NM&&JnJ#!encrypt#!8#!Nt0\#K(0#!encrypt#!1#!
#!encrypt#!73#!-T_Zn;^^D!LZY3<L&!d:LC&{ct:REUm#-T_Zn;^^D!LZY3<L&!d:LC&{ct:REUm#-T_Zn;^^
#!encrypt#!80#!N%Tip^?\=p?#I#'E9^#{;f/d wS2"J:0Wl!iDOYgDx"[I?gr`!#ub5Pn@^:t,qgl@tTZw|;g@AgpYu~
#!encrypt#!75#!~aH]8Vol]!T+`yw>HEp]{oHx:t/V,[1c,w8iwp(%ZcbuI-`@ON_Z>Ys-~cSV<Rgr>l40nu]Q)^
#!encrypt#!1#!
#!encrypt#!24#!N%Ti<^6\+j81{o%/`r<u5tU
#!encrypt#!27#!

M*OZn:P\Yp>E.s,p#Zc>p-6V
#!encrypt#!4#!N%Ti#!encrypt#!6#!+Yt&NC#!encrypt#!3#!NTT#!encrypt#!3#!{t|#!encrypt#!7#!NMA%N0V#!encrypt#!5#!N@y"(#!encrypt#!1#!
#!encrypt#!73#!-T_Zn;^^D!LZY3<L&!d:LC&{ct:REUm#-T_Zn;^^D!LZY3<L&!d:LC&{ct:REUm#-T_Zn;^^
#!encrypt#!71#!N%Tip^?\=p?#I#'E9^#/ak=LIQ$v5~g#N@!itipgDxT[ISgr`!#ub5} @^:t,qg3@tTZw|
#!encrypt#!75#!~aH]8Vol]!T+`yw>HEp]{oHx:t/V,[1c,w8iwp(%ZcbuI-`@ON_Z>Ys-~cSV<Rgr>l40nu]Q)^
#!encrypt#!1#!
#!encrypt#!27#!

M*OZn:P\Yp>E.s,p#Zccp-6V
#!encrypt#!4#!N%Ti#!encrypt#!6#!+fu&B`#!encrypt#!3#!NTT#!encrypt#!3#!68=#!encrypt#!7#!NMInreh#!encrypt#!5#!N@-x$#!encrypt#!1#!
#!encrypt#!73#!-T_Zn;^^D!LZY3<L&!d:LC&{ct:REUm#-T_Zn;^^D!LZY3<L&!d:LC&{ct:REUm#-T_Zn;^^
#!encrypt#!71#!N%Tip^?\=p?#I#'E9^#/p>=#XQ$v5~g#N@!itipgDxT[ISgr`!#ub5} @^:t,qg3@tTZw|
#!encrypt#!75#!~aH]8Vol]!T+`yw>HEp]{oHx:t/V,[1c,w8iwp(%ZcbuI-`@ON_Z>Ys-~cSV<Rgr>l40nu]Q)^
#!encrypt#!1#!
#!encrypt#!24#!N%Ti<^6\+j81{o%/`ry+?<k
#!encrypt#!27#!

M*OZn:P\Yp>E.s,p#Z>7p-6V
#!encrypt#!4#!N%Ti#!encrypt#!6#!+IoRQn#!encrypt#!3#!NTT#!encrypt#!3#!68=#!encrypt#!7#!NMtcrC]#!encrypt#!5#!N@,x$#!encrypt#!1#!
#!encrypt#!73#!-T_Zn;^^D!LZY3<L&!d:LC&{ct:REUm#-T_Zn;^^D!LZY3<L&!d:LC&{ct:REUm#-T_Zn;^^
#!encrypt#!71#!N%Tip^?\=p?#I#'E9^#/,eklAQ$v5~g#N@!itipgDxT[ISgr`!#ub5} @^:t,qg3@tTZw|
#!encrypt#!75#!~aH]8Vol]!T+`yw>HEp]{oHx:t/V,[1c,w8iwp(%ZcbuI-`@ON_Z>Ys-~cSV<Rgr>l40nu]Q)^
#!encrypt#!1#!
#!encrypt#!24#!N%Ti<^6\+j81{o%/`rL3?p$
#!encrypt#!27#!

M*OZn:P\Yp>E.s,p#Z>pp-6V
#!encrypt#!4#!N%Ti#!encrypt#!5#!u{Y_`#!encrypt#!3#!NTT#!encrypt#!3#!{t|#!encrypt#!7#!NM&%Bn>#!encrypt#!6#!Nt<]2/#!encrypt#!1#!
#!encrypt#!73#!-T_Zn;^^D!LZY3<L&!d:LC&{ct:REUm#-T_Zn;^^D!LZY3<L&!d:LC&{ct:REUm#-T_Zn;^^
#!encrypt#!70#!N%Tip^?\=p?#I#'E9^#{DH[!]^^@$4mr%|TtSJ%^g >pLvY3&-Dr{xf'0t$bo4Sg6%_ir
#!encrypt#!75#!~aH]8Vol]!T+`yw>HEp]{oHx:t/V,[1c,w8iwp(%ZcbuI-`@ON_Z>Ys-~cSV<Rgr>l40nu]Q)^
#!encrypt#!1#!
#!encrypt#!24#!N%Ti<^6\+j81{o%/`r<1,tg
#!encrypt#!27#!

M*OZn:P\Yp>E.s,p#Z>kp-6V
#!encrypt#!4#!N%Ti#!encrypt#!6#!+IIRmC#!encrypt#!3#!NTT#!encrypt#!3#!{t|#!encrypt#!7#!NMo%|0<#!encrypt#!5#!N@y"(#!encrypt#!1#!
#!encrypt#!73#!-T_Zn;^^D!LZY3<L&!d:LC&{ct:REUm#-T_Zn;^^D!LZY3<L&!d:LC&{ct:REUm#-T_Zn;^^
#!encrypt#!71#!N%Tip^?\=p?#I#'E9^#/,tk~IQ$v5~g#N@!itipgDxT[ISgr`!#ub5} @^:t,qg3@tTZw|
#!encrypt#!75#!~aH]8Vol]!T+`yw>HEp]{oHx:t/V,[1c,w8iwp(%ZcbuI-`@ON_Z>Ys-~cSV<Rgr>l40nu]Q)^
#!encrypt#!1#!
#!encrypt#!22#!N%Ti<^6\+j81{o%/`5z<D
#!encrypt#!27#!

M*OZn:P\Yp>E.s,p#Z>'p-6V
#!encrypt#!4#!N%Ti#!encrypt#!6#!+duOQ|#!encrypt#!3#!NTT#!encrypt#!3#!68=#!encrypt#!7#!NM&jB0h#!encrypt#!5#!N@-x$#!encrypt#!1#!
#!encrypt#!73#!-T_Zn;^^D!LZY3<L&!d:LC&{ct:REUm#-T_Zn;^^D!LZY3<L&!d:LC&{ct:REUm#-T_Zn;^^
#!encrypt#!71#!N%Tip^?\=p?#I#'E9^#/c>0lVQ$v5~g#N@!itipgDxT[ISgr`!#ub5} @^:t,qg3@tTZw|
#!encrypt#!75#!~aH]8Vol]!T+`yw>HEp]{oHx:t/V,[1c,w8iwp(%ZcbuI-`@ON_Z>Ys-~cSV<Rgr>l40nu]Q)^
#!encrypt#!1#!
#!encrypt#!24#!N%Ti<^6\+j81{o%/`r<l,'k
#!encrypt#!27#!

M*OZn:P\Yp>E.s,p#Z><p-6V
#!encrypt#!4#!N%Ti#!encrypt#!4#!+[&%#!encrypt#!3#!NTT#!encrypt#!3#!68=#!encrypt#!7#!NMOcmnK#!encrypt#!5#!N@,x$#!encrypt#!1#!
#!encrypt#!73#!-T_Zn;^^D!LZY3<L&!d:LC&{ct:REUm#-T_Zn;^^D!LZY3<L&!d:LC&{ct:REUm#-T_Zn;^^
#!encrypt#!69#!N%Tip^?\=p?#I#'E9^#/$p$v0T?">Ug:P%3!eV^g(,8\HMxL`bN]t_ $c^/N>7nHNTT&
#!encrypt#!75#!~aH]8Vol]!T+`yw>HEp]{oHx:t/V,[1c,w8iwp(%ZcbuI-`@ON_Z>Ys-~cSV<Rgr>l40nu]Q)^
#!encrypt#!1#!
#!encrypt#!24#!N%Ti<^6\+j81{o%/`r?3#t=
#!encrypt#!27#!

M*OZn:P\Yp>E.s,p#Z>]p-6V
#!encrypt#!4#!N%Ti#!encrypt#!8#!u{Y_`=d #!encrypt#!3#!NTT#!encrypt#!3#!{t|#!encrypt#!5#!NMAR|#!encrypt#!6#!Nt<]2/#!encrypt#!1#!
#!encrypt#!73#!-T_Zn;^^D!LZY3<L&!d:LC&{ct:REUm#-T_Zn;^^D!LZY3<L&!d:LC&{ct:REUm#-T_Zn;^^
#!encrypt#!73#!N%Tip^?\=p?#I#'E9^#{DH[! w|N>Ct:NTT!WVIs9xLp`Hxbe1#:{7N$FL0tE4YAN-}zw;%W
#!encrypt#!75#!~aH]8Vol]!T+`yw>HEp]{oHx:t/V,[1c,w8iwp(%ZcbuI-`@ON_Z>Ys-~cSV<Rgr>l40nu]Q)^
#!encrypt#!1#!
#!encrypt#!22#!N%Ti<^6\+j81{o%/`r0Z 
#!encrypt#!27#!

M*OZn:P\Yp>E.s,p#Z>tp-6V
#!encrypt#!4#!N%Ti#!encrypt#!6#!+f&ja0#!encrypt#!3#!NTT#!encrypt#!3#!{t|#!encrypt#!7#!NMA%N0V#!encrypt#!5#!Nty"(#!encrypt#!1#!
#!encrypt#!73#!-T_Zn;^^D!LZY3<L&!d:LC&{ct:REUm#-T_Zn;^^D!LZY3<L&!d:LC&{ct:REUm#-T_Zn;^^
#!encrypt#!71#!N%Tip^?\=p?#I#'E9^#/ppg-6Q$v5~g#N@!itipgDxT[ISgr`!#ub5} @^:t,qg3@tTZw|
#!encrypt#!75#!~aH]8Vol]!T+`yw>HEp]{oHx:t/V,[1c,w8iwp(%ZcbuI-`@ON_Z>Ys-~cSV<Rgr>l40nu]Q)^
#!encrypt#!1#!
#!encrypt#!24#!N%Ti<^6\+j81{o%/`r01c'-
#!encrypt#!27#!

M*OZn:P\Yp>E.s,p#Z>ep-6V
#!encrypt#!4#!N%Ti#!encrypt#!6#!+It&a|#!encrypt#!3#!NTT#!encrypt#!3#!68=#!encrypt#!7#!NMtRQu)#!encrypt#!5#!Nt-x$#!encrypt#!1#!
#!encrypt#!73#!-T_Zn;^^D!LZY3<L&!d:LC&{ct:REUm#-T_Zn;^^D!LZY3<L&!d:LC&{ct:REUm#-T_Zn;^^
#!encrypt#!71#!N%Tip^?\=p?#I#'E9^#/,k=-VQ$v5~g#N@!itipgDxT[ISgr`!#ub5} @^:t,qg3@tTZw|
#!encrypt#!75#!~aH]8Vol]!T+`yw>HEp]{oHx:t/V,[1c,w8iwp(%ZcbuI-`@ON_Z>Ys-~cSV<Rgr>l40nu]Q)^
#!encrypt#!1#!
#!encrypt#!24#!N%Ti<^6\+j81{o%/`rLZak0
#!encrypt#!27#!

M*OZn:P\Yp>E.s,p#Z>>p-6V
#!encrypt#!4#!N%Ti#!encrypt#!5#!+dbu|#!encrypt#!3#!NTT#!encrypt#!3#!68=#!encrypt#!7#!NM&nruK#!encrypt#!5#!Nt,x$#!encrypt#!1#!
#!encrypt#!73#!-T_Zn;^^D!LZY3<L&!d:LC&{ct:REUm#-T_Zn;^^D!LZY3<L&!d:LC&{ct:REUm#-T_Zn;^^
#!encrypt#!70#!N%Tip^?\=p?#I#'E9^#/c'U7]^^@$4mr%|TtSJ%^g >pLvY3&-Dr{xf'0t$bo4Sg6%_ir
#!encrypt#!75#!~aH]8Vol]!T+`yw>HEp]{oHx:t/V,[1c,w8iwp(%ZcbuI-`@ON_Z>Ys-~cSV<Rgr>l40nu]Q)^
#!encrypt#!1#!
#!encrypt#!24#!N%Ti<^6\+j81{o%/`r<+?k=
#!encrypt#!27#!

M*OZn:P\Yp>E.s,p#Z>cp-6V
#!encrypt#!4#!N%Ti#!encrypt#!5#!+wbRL#!encrypt#!3#!NTT#!encrypt#!3#!68=#!encrypt#!6#!NMOO `#!encrypt#!5#!Nt+x$#!encrypt#!1#!
#!encrypt#!73#!-T_Zn;^^D!LZY3<L&!d:LC&{ct:REUm#-T_Zn;^^D!LZY3<L&!d:LC&{ct:REUm#-T_Zn;^^
#!encrypt#!70#!N%Tip^?\=p?#I#'E9^#/5'kW]^^@$4mr%|TtSJ%^g >pLvY3&-Dr{xf'0t$bo4Sg6%_ir
#!encrypt#!75#!~aH]8Vol]!T+`yw>HEp]{oHx:t/V,[1c,w8iwp(%ZcbuI-`@ON_Z>Ys-~cSV<Rgr>l40nu]Q)^
#!encrypt#!1#!
#!encrypt#!23#!N%Ti<^6\+j81{o%/`r?#$e
#!encrypt#!27#!

M*OZn:P\Yp>E.s,p#Za7p-6V
#!encrypt#!4#!N%Ti#!encrypt#!5#!uoY_`#!encrypt#!3#!NTT#!encrypt#!3#!68=#!encrypt#!6#!NMuOBm#!encrypt#!6#!Nt<]2/#!encrypt#!1#!
#!encrypt#!73#!-T_Zn;^^D!LZY3<L&!d:LC&{ct:REUm#-T_Zn;^^D!LZY3<L&!d:LC&{ct:REUm#-T_Zn;^^
#!encrypt#!70#!N%Tip^?\=p?#I#'E9^#{;H[!]^^@$4mr%|TtSJ%^g >pLvY3&-Dr{xf'0t$bo4Sg6%_ir
#!encrypt#!75#!~aH]8Vol]!T+`yw>HEp]{oHx:t/V,[1c,w8iwp(%ZcbuI-`@ON_Z>Ys-~cSV<Rgr>l40nu]Q)^
#!encrypt#!1#!
#!encrypt#!23#!N%Ti<^6\+j81{o%/`rp#,]
#!encrypt#!27#!

M*OZn:P\Yp>E.s,p#Zapp-6V
#!encrypt#!4#!N%Ti#!encrypt#!6#!+GI?NI#!encrypt#!3#!NTT#!encrypt#!3#!{t|#!encrypt#!7#!NMo%|0<#!encrypt#!5#!Nty"(#!encrypt#!1#!
#!encrypt#!73#!-T_Zn;^^D!LZY3<L&!d:LC&{ct:REUm#-T_Zn;^^D!LZY3<L&!d:LC&{ct:REUm#-T_Zn;^^
#!encrypt#!71#!N%Tip^?\=p?#I#'E9^#/>t-LDQ$v5~g#N@!itipgDxT[ISgr`!#ub5} @^:t,qg3@tTZw|
#!encrypt#!75#!~aH]8Vol]!T+`yw>HEp]{oHx:t/V,[1c,w8iwp(%ZcbuI-`@ON_Z>Ys-~cSV<Rgr>l40nu]Q)^
#!encrypt#!1#!
#!encrypt#!24#!N%Ti<^6\+j81{o%/`rB1 's
#!encrypt#!22#!N%Ti<^6\+j81{o%/`1z<D
#!encrypt#!27#!

M*OZn:P\Yp>E.s,p#Zakp-6V
#!encrypt#!4#!N%Ti#!encrypt#!6#!+IuOam#!encrypt#!3#!NTT#!encrypt#!3#!68=#!encrypt#!7#!NM8jLeJ#!encrypt#!5#!Nt-x$#!encrypt#!1#!
#!encrypt#!73#!-T_Zn;^^D!LZY3<L&!d:LC&{ct:REUm#-T_Zn;^^D!LZY3<L&!d:LC&{ct:REUm#-T_Zn;^^
#!encrypt#!71#!N%Tip^?\=p?#I#'E9^#/,>0-PQ$v5~g#N@!itipgDxT[ISgr`!#ub5} @^:t,qg3@tTZw|
#!encrypt#!75#!~aH]8Vol]!T+`yw>HEp]{oHx:t/V,[1c,w8iwp(%ZcbuI-`@ON_Z>Ys-~cSV<Rgr>l40nu]Q)^
#!encrypt#!1#!
#!encrypt#!24#!N%Ti<^6\+j81{o%/`r|l><U
#!encrypt#!27#!

M*OZn:P\Yp>E.s,p#Za'p-6V
#!encrypt#!4#!N%Ti#!encrypt#!6#!+woRBI#!encrypt#!3#!NTT#!encrypt#!3#!68=#!encrypt#!7#!NM&cmuV#!encrypt#!5#!Nt,x$#!encrypt#!1#!
#!encrypt#!73#!-T_Zn;^^D!LZY3<L&!d:LC&{ct:REUm#-T_Zn;^^D!LZY3<L&!d:LC&{ct:REUm#-T_Zn;^^
#!encrypt#!71#!N%Tip^?\=p?#I#'E9^#/5ek#DQ$v5~g#N@!itipgDxT[ISgr`!#ub5} @^:t,qg3@tTZw|
#!encrypt#!75#!~aH]8Vol]!T+`yw>HEp]{oHx:t/V,[1c,w8iwp(%ZcbuI-`@ON_Z>Ys-~cSV<Rgr>l40nu]Q)^
#!encrypt#!1#!
#!encrypt#!24#!N%Ti<^6\+j81{o%/`r<3#k-
#!encrypt#!27#!

M*OZn:P\Yp>E.s,p#Za<p-6V
#!encrypt#!4#!N%Ti#!encrypt#!6#!+GKONe#!encrypt#!3#!NTT#!encrypt#!3#!68=#!encrypt#!7#!NMu%BCJ#!encrypt#!5#!Nt+x$#!encrypt#!1#!
#!encrypt#!73#!-T_Zn;^^D!LZY3<L&!d:LC&{ct:REUm#-T_Zn;^^D!LZY3<L&!d:LC&{ct:REUm#-T_Zn;^^
#!encrypt#!71#!N%Tip^?\=p?#I#'E9^#/>70L\Q$v5~g#N@!itipgDxT[ISgr`!#ub5} @^:t,qg3@tTZw|
#!encrypt#!75#!~aH]8Vol]!T+`yw>HEp]{oHx:t/V,[1c,w8iwp(%ZcbuI-`@ON_Z>Ys-~cSV<Rgr>l40nu]Q)^
#!encrypt#!1#!
#!encrypt#!24#!N%Ti<^6\+j81{o%/`rp1,pU
#!encrypt#!27#!

M*OZn:P\Yp>E.s,p#Za]p-6V
#!encrypt#!4#!N%Ti#!encrypt#!8#!uoY_`=d #!encrypt#!3#!NTT#!encrypt#!3#!68=#!encrypt#!7#!NM8&meP#!encrypt#!6#!Nt<]2/#!encrypt#!1#!
#!encrypt#!73#!-T_Zn;^^D!LZY3<L&!d:LC&{ct:REUm#-T_Zn;^^D!LZY3<L&!d:LC&{ct:REUm#-T_Zn;^^
#!encrypt#!73#!N%Tip^?\=p?#I#'E9^#{;H[! w|N>Ct:NTT!WVIs9xLp`Hxbe1#:{7N$FL0tE4YAN-}zw;%W
#!encrypt#!75#!~aH]8Vol]!T+`yw>HEp]{oHx:t/V,[1c,w8iwp(%ZcbuI-`@ON_Z>Ys-~cSV<Rgr>l40nu]Q)^
#!encrypt#!1#!
#!encrypt#!24#!N%Ti<^6\+j81{o%/`r|u#<6
#!encrypt#!23#!N%Ti<^6\+j81{o%/`1Je3w
#!encrypt#!27#!

M*OZn:P\Yp>E.s,p#Zatp-6V
#!encrypt#!4#!N%Ti#!encrypt#!6#!+wo7|X#!encrypt#!3#!NTT#!encrypt#!3#!{t|#!encrypt#!7#!NMuuLmd#!encrypt#!5#!Nt,x$#!encrypt#!1#!
#!encrypt#!73#!-T_Zn;^^D!LZY3<L&!d:LC&{ct:REUm#-T_Zn;^^D!LZY3<L&!d:LC&{ct:REUm#-T_Zn;^^
#!encrypt#!71#!N%Tip^?\=p?#I#'E9^#/5e67yQ$v5~g#N@!itipgDxT[ISgr`!#ub5} @^:t,qg3@tTZw|
#!encrypt#!75#!~aH]8Vol]!T+`yw>HEp]{oHx:t/V,[1c,w8iwp(%ZcbuI-`@ON_Z>Ys-~cSV<Rgr>l40nu]Q)^
#!encrypt#!1#!
#!encrypt#!27#!

M*OZn:P\Yp>E.s,p#Zaep-6V
#!encrypt#!4#!N%Ti#!encrypt#!6#!+Ib%Ln#!encrypt#!3#!NTT#!encrypt#!2#!k1#!encrypt#!5#!Nt-x$#!encrypt#!8#!Nt0\#K(0#!encrypt#!5#!Nt+x$#!encrypt#!1#!
#!encrypt#!73#!-T_Zn;^^D!LZY3<L&!d:LC&{ct:REUm#-T_Zn;^^D!LZY3<L&!d:LC&{ct:REUm#-T_Zn;^^
#!encrypt#!71#!N%Tip^?\=p?#I#'E9^#/,'$WAQ$v5~g#N@!itipgDxT[ISgr`!#ub5} @^:t,qg3@tTZw|
#!encrypt#!75#!~aH]8Vol]!T+`yw>HEp]{oHx:t/V,[1c,w8iwp(%ZcbuI-`@ON_Z>Ys-~cSV<Rgr>l40nu]Q)^
#!encrypt#!1#!
#!encrypt#!27#!

M*OZn:P\Yp>E.s,p#Za>p-6V
#!encrypt#!4#!N%Ti#!encrypt#!11#!uoHkTCDf.<?#!encrypt#!3#!NTT#!encrypt#!3#!68=#!encrypt#!7#!NMu%N`<#!encrypt#!7#!NM&O|m>#!encrypt#!1#!
#!encrypt#!73#!-T_Zn;^^D!LZY3<L&!d:LC&{ct:REUm#-T_Zn;^^D!LZY3<L&!d:LC&{ct:REUm#-T_Zn;^^
#!encrypt#!76#!N%Tip^?\=p?#I#'E9^#{;f/dI`g!d&)r~r:inVYjgC"/I3x>4-{WO5&$VQ$ gug#N;!i5opgDxT
#!encrypt#!75#!~aH]8Vol]!T+`yw>HEp]{oHx:t/V,[1c,w8iwp(%ZcbuI-`@ON_Z>Ys-~cSV<Rgr>l40nu]Q)^
#!encrypt#!1#!
#!encrypt#!24#!N%Ti<^6\+j81{o%/`rp1ces
#!encrypt#!24#!N%Ti<^6\+j81{o%/`r<# ]g
#!encrypt#!27#!

M*OZn:P\Yp>E.s,p#Zacp-6V
#!encrypt#!4#!N%Ti#!encrypt#!6#!+wbjme#!encrypt#!3#!NTT#!encrypt#!3#!{t|#!encrypt#!7#!NMuuLmd#!encrypt#!5#!Nt-x$#!encrypt#!1#!
#!encrypt#!73#!-T_Zn;^^D!LZY3<L&!d:LC&{ct:REUm#-T_Zn;^^D!LZY3<L&!d:LC&{ct:REUm#-T_Zn;^^
#!encrypt#!71#!N%Tip^?\=p?#I#'E9^#/5'g~\Q$v5~g#N@!itipgDxT[ISgr`!#ub5} @^:t,qg3@tTZw|
#!encrypt#!75#!~aH]8Vol]!T+`yw>HEp]{oHx:t/V,[1c,w8iwp(%ZcbuI-`@ON_Z>Ys-~cSV<Rgr>l40nu]Q)^
#!encrypt#!1#!
#!encrypt#!27#!

M*OZn:P\Yp>E.s,p#Z 7p-6V
#!encrypt#!4#!N%Ti#!encrypt#!6#!+f8&mm#!encrypt#!3#!NTT#!encrypt#!2#!k1#!encrypt#!5#!Nt,x$#!encrypt#!5#!Nt+x$#!encrypt#!1#!
#!encrypt#!73#!-T_Zn;^^D!LZY3<L&!d:LC&{ct:REUm#-T_Zn;^^D!LZY3<L&!d:LC&{ct:REUm#-T_Zn;^^
#!encrypt#!71#!N%Tip^?\=p?#I#'E9^#/p]=~PQ$v5~g#N@!itipgDxT[ISgr`!#ub5} @^:t,qg3@tTZw|
#!encrypt#!75#!~aH]8Vol]!T+`yw>HEp]{oHx:t/V,[1c,w8iwp(%ZcbuI-`@ON_Z>Ys-~cSV<Rgr>l40nu]Q)^
#!encrypt#!1#!
#!encrypt#!27#!

M*OZn:P\Yp>E.s,p#Z pp-6V
#!encrypt#!4#!N%Ti#!encrypt#!6#!+YuOQC#!encrypt#!3#!NTT#!encrypt#!2#!k1#!encrypt#!7#!NMt?r0V#!encrypt#!8#!Nt0\#K(0#!encrypt#!1#!
#!encrypt#!73#!-T_Zn;^^D!LZY3<L&!d:LC&{ct:REUm#-T_Zn;^^D!LZY3<L&!d:LC&{ct:REUm#-T_Zn;^^
#!encrypt#!71#!N%Tip^?\=p?#I#'E9^#/a>0lIQ$v5~g#N@!itipgDxT[ISgr`!#ub5} @^:t,qg3@tTZw|
#!encrypt#!75#!~aH]8Vol]!T+`yw>HEp]{oHx:t/V,[1c,w8iwp(%ZcbuI-`@ON_Z>Ys-~cSV<Rgr>l40nu]Q)^
#!encrypt#!1#!
#!encrypt#!27#!

M*OZn:P\Yp>E.s,p#Z kp-6V
#!encrypt#!4#!N%Ti#!encrypt#!11#!uoHkTCDfd<?#!encrypt#!3#!NTT#!encrypt#!3#!68=#!encrypt#!7#!NMuOQ0P#!encrypt#!7#!NMIcmnh#!encrypt#!1#!
#!encrypt#!73#!-T_Zn;^^D!LZY3<L&!d:LC&{ct:REUm#-T_Zn;^^D!LZY3<L&!d:LC&{ct:REUm#-T_Zn;^^
#!encrypt#!76#!N%Tip^?\=p?#I#'E9^#{;f/dI`ghd&)r~r:inVYjgC"/I3x>4-{WO5&$VQ$ gug#N;!i5opgDxT
#!encrypt#!75#!~aH]8Vol]!T+`yw>HEp]{oHx:t/V,[1c,w8iwp(%ZcbuI-`@ON_Z>Ys-~cSV<Rgr>l40nu]Q)^
#!encrypt#!1#!
#!encrypt#!24#!N%Ti<^6\+j81{o%/`rp#a'6
#!encrypt#!24#!N%Ti<^6\+j81{o%/`ry3#tk
#!encrypt#!27#!

M*OZn:P\Yp>E.s,p#Z 'p-6V
#!encrypt#!4#!N%Ti#!encrypt#!6#!+f87NC#!encrypt#!3#!NTT#!encrypt#!3#!68=#!encrypt#!7#!NMuuLmd#!encrypt#!5#!Nt+x$#!encrypt#!1#!
#!encrypt#!73#!-T_Zn;^^D!LZY3<L&!d:LC&{ct:REUm#-T_Zn;^^D!LZY3<L&!d:LC&{ct:REUm#-T_Zn;^^
#!encrypt#!72#!N%Ti2P[\=x&vw{$J`.iE{NH;21O7:Y)rL{f${~A@_xGxIX7xW?z2Vw4s0_#7IXxeQ)TkV~'
#!encrypt#!75#!~aH]8Vol]!T+`yw>HEp]{oHx:t/V,[1c,w8iwp(%ZcbuI-`@ON_Z>Ys-~cSV<Rgr>l40nu]Q)^
#!encrypt#!1#!
#!encrypt#!27#!

M*OZn:P\Yp>E.s,p#Z <p-6V
#!encrypt#!4#!N%Ti#!encrypt#!6#!+.K%me#!encrypt#!3#!NTT#!encrypt#!3#!68=#!encrypt#!7#!NMt?Neh#!encrypt#!5#!Nt,x$#!encrypt#!1#!
#!encrypt#!73#!-T_Zn;^^D!LZY3<L&!d:LC&{ct:REUm#-T_Zn;^^D!LZY3<L&!d:LC&{ct:REUm#-T_Zn;^^
#!encrypt#!72#!N%Ti2P[\=x&_`T;O`.iE{NH;21O7:Y)rL{f${~A@_xGxIX7xW?z2Vw4s0_#7IXxeQ)TkV~'
#!encrypt#!75#!~aH]8Vol]!T+`yw>HEp]{oHx:t/V,[1c,w8iwp(%ZcbuI-`@ON_Z>Ys-~cSV<Rgr>l40nu]Q)^
#!encrypt#!1#!
#!encrypt#!24#!N%Ti<^6\+j81{o%/`rL-c<k
#!encrypt#!27#!

M*OZn:P\Yp>E.s,p#Z ]p-6V
#!encrypt#!4#!N%Ti#!encrypt#!5#!+w8Or#!encrypt#!3#!NTT#!encrypt#!3#!68=#!encrypt#!7#!NMo&|0P#!encrypt#!8#!Nt0\#K(0#!encrypt#!1#!
#!encrypt#!73#!-T_Zn;^^D!LZY3<L&!d:LC&{ct:REUm#-T_Zn;^^D!LZY3<L&!d:LC&{ct:REUm#-T_Zn;^^
#!encrypt#!71#!N%Ti2P[\=x&gw=~3]}h]W42eskqK\qgK>lep$KG5gX;pUoXmQXg$3w|$%'q:`gL?d%M\$k
#!encrypt#!75#!~aH]8Vol]!T+`yw>HEp]{oHx:t/V,[1c,w8iwp(%ZcbuI-`@ON_Z>Ys-~cSV<Rgr>l40nu]Q)^
#!encrypt#!1#!
#!encrypt#!24#!N%Ti<^6\+j81{o%/`rBu '6
#!encrypt#!27#!

M*OZn:P\Yp>E.s,p#Z tp-6V
#!encrypt#!4#!N%Ti#!encrypt#!10#!uoHkTwnl:<#!encrypt#!3#!NTT#!encrypt#!3#!{t|#!encrypt#!7#!Nx4*<c|#!encrypt#!6#!NMu?m|#!encrypt#!1#!
#!encrypt#!73#!-T_Zn;^^D!LZY3<L&!d:LC&{ct:REUm#-T_Zn;^^D!LZY3<L&!d:LC&{ct:REUm#-T_Zn;^^
#!encrypt#!75#!N%Tip^?\=p?#I#'E9^#{;f/d5k#$dqg,\@TZwi;g;4gpYu~1`Iuc{C7y]^-e94mr!|TaGJ%^g 
#!encrypt#!75#!~aH]8Vol]!T+`yw>HEp]{oHx:t/V,[1c,w8iwp(%ZcbuI-`@ON_Z>Ys-~cSV<Rgr>l40nu]Q)^
#!encrypt#!1#!
#!encrypt#!23#!N%Ti<^6\+j81{o%/`rp-#7
#!encrypt#!27#!

M*OZn:P\Yp>E.s,p#Z ep-6V
#!encrypt#!4#!N%Ti#!encrypt#!6#!+G8u e#!encrypt#!3#!NTT#!encrypt#!3#!68=#!encrypt#!7#!NM&7BX>#!encrypt#!5#!Nt+x$#!encrypt#!1#!
#!encrypt#!73#!-T_Zn;^^D!LZY3<L&!d:LC&{ct:REUm#-T_Zn;^^D!LZY3<L&!d:LC&{ct:REUm#-T_Zn;^^
#!encrypt#!71#!N%Tip^?\=p?#I#'E9^#/>]UM\Q$v5~g#N@!itipgDxT[ISgr`!#ub5} @^:t,qg3@tTZw|
#!encrypt#!75#!~aH]8Vol]!T+`yw>HEp]{oHx:t/V,[1c,w8iwp(%ZcbuI-`@ON_Z>Ys-~cSV<Rgr>l40nu]Q)^
#!encrypt#!1#!
#!encrypt#!24#!N%Ti<^6\+j81{o%/`r<t,>g
#!encrypt#!27#!

M*OZn:P\Yp>E.s,p#Z >p-6V
#!encrypt#!4#!N%Ti#!encrypt#!6#!+G8jre#!encrypt#!3#!NTT#!encrypt#!3#!68=#!encrypt#!7#!NM8? IP#!encrypt#!5#!Nt,x$#!encrypt#!1#!
#!encrypt#!73#!-T_Zn;^^D!LZY3<L&!d:LC&{ct:REUm#-T_Zn;^^D!LZY3<L&!d:LC&{ct:REUm#-T_Zn;^^
#!encrypt#!71#!N%Tip^?\=p?#I#'E9^#/>]gy\Q$v5~g#N@!itipgDxT[ISgr`!#ub5} @^:t,qg3@tTZw|
#!encrypt#!75#!~aH]8Vol]!T+`yw>HEp]{oHx:t/V,[1c,w8iwp(%ZcbuI-`@ON_Z>Ys-~cSV<Rgr>l40nu]Q)^
#!encrypt#!1#!
#!encrypt#!24#!N%Ti<^6\+j81{o%/`r|-$c6
#!encrypt#!27#!

M*OZn:P\Yp>E.s,p#Z cp-6V
#!encrypt#!4#!N%Ti#!encrypt#!6#!+YOON0#!encrypt#!3#!NTT#!encrypt#!3#!68=#!encrypt#!7#!NM8?Q|P#!encrypt#!8#!Nt0\#K(0#!encrypt#!1#!
#!encrypt#!73#!-T_Zn;^^D!LZY3<L&!d:LC&{ct:REUm#-T_Zn;^^D!LZY3<L&!d:LC&{ct:REUm#-T_Zn;^^
#!encrypt#!71#!N%Tip^?\=p?#I#'E9^#/a<0L6Q$v5~g#N@!itipgDxT[ISgr`!#ub5} @^:t,qg3@tTZw|
#!encrypt#!75#!~aH]8Vol]!T+`yw>HEp]{oHx:t/V,[1c,w8iwp(%ZcbuI-`@ON_Z>Ys-~cSV<Rgr>l40nu]Q)^
#!encrypt#!1#!
#!encrypt#!24#!N%Ti<^6\+j81{o%/`r|-a76
#!encrypt#!27#!

M*OZn:P\Yp>E.s,p#Z57p-6V
#!encrypt#!4#!N%Ti#!encrypt#!10#!uoHkTwnlJ<#!encrypt#!3#!NTT#!encrypt#!3#!{t|#!encrypt#!7#!Nx4*<c|#!encrypt#!7#!NMI7me)#!encrypt#!1#!
#!encrypt#!73#!-T_Zn;^^D!LZY3<L&!d:LC&{ct:REUm#-T_Zn;^^D!LZY3<L&!d:LC&{ct:REUm#-T_Zn;^^
#!encrypt#!75#!N%Tip^?\=p?#I#'E9^#{;f/d5k##dqg,\@TZwi;g;4gpYu~1`Iuc{C7y]^-e94mr!|TaGJ%^g 
#!encrypt#!75#!~aH]8Vol]!T+`yw>HEp]{oHx:t/V,[1c,w8iwp(%ZcbuI-`@ON_Z>Ys-~cSV<Rgr>l40nu]Q)^
#!encrypt#!1#!
#!encrypt#!27#!

M*OZn:P\Yp>E.s,p#Z5pp-6V
#!encrypt#!4#!N%Ti#!encrypt#!6#!+w8RmI#!encrypt#!3#!NTT#!encrypt#!2#!k1#!encrypt#!8#!Nx4*mgC%#!encrypt#!7#!Nx4*<c|#!encrypt#!5#!N@,x$#!encrypt#!5#!N@-x$#!encrypt#!1#!
#!encrypt#!73#!-T_Zn;^^D!LZY3<L&!d:LC&{ct:REUm#-T_Zn;^^D!LZY3<L&!d:LC&{ct:REUm#-T_Zn;^^
#!encrypt#!71#!N%Tip^?\=p?#I#'E9^#/5]k~DQ$v5~g#N@!itipgDxT[ISgr`!#ub5} @^:t,qg3@tTZw|
#!encrypt#!75#!~aH]8Vol]!T+`yw>HEp]{oHx:t/V,[1c,w8iwp(%ZcbuI-`@ON_Z>Ys-~cSV<Rgr>l40nu]Q)^
#!encrypt#!1#!
#!encrypt#!22#!N%Ti<^6\+j81{o%/`5G6N
#!encrypt#!22#!N%Ti<^6\+j81{o%/`5Y6N
#!encrypt#!27#!

M*OZn:P\Yp>E.s,p#Z5kp-6V
#!encrypt#!4#!N%Ti#!encrypt#!7#!u{HkTCD#!encrypt#!3#!NTT#!encrypt#!3#!68=#!encrypt#!7#!NMtu `K#!encrypt#!7#!NMu?B0J#!encrypt#!1#!
#!encrypt#!73#!-T_Zn;^^D!LZY3<L&!d:LC&{ct:REUm#-T_Zn;^^D!LZY3<L&!d:LC&{ct:REUm#-T_Zn;^^
#!encrypt#!79#!N%Tip^?\=p?#I#'E9^#{Df/dI`ytTA>r-%:)w1YLg!8v5u@4x-d]$p=L]^-e94mrx|TaGJ%^g89i2}
#!encrypt#!75#!~aH]8Vol]!T+`yw>HEp]{oHx:t/V,[1c,w8iwp(%ZcbuI-`@ON_Z>Ys-~cSV<Rgr>l40nu]Q)^
#!encrypt#!1#!
#!encrypt#!24#!N%Ti<^6\+j81{o%/`rp-,'U
#!encrypt#!27#!

M*OZn:P\Yp>E.s,p#Z5'p-6V
#!encrypt#!4#!N%Ti#!encrypt#!5#!+GKR|#!encrypt#!3#!NTT#!encrypt#!3#!68=#!encrypt#!7#!NMtu `K#!encrypt#!5#!Nt+x$#!encrypt#!1#!
#!encrypt#!73#!-T_Zn;^^D!LZY3<L&!d:LC&{ct:REUm#-T_Zn;^^D!LZY3<L&!d:LC&{ct:REUm#-T_Zn;^^
#!encrypt#!71#!N%Ti2P[\=x&I`-j3]}h]W42eskqK\qgK>lep$KG5gX;pUoXmQXg$3w|$%'q:`gL?d%M\$k
#!encrypt#!75#!~aH]8Vol]!T+`yw>HEp]{oHx:t/V,[1c,w8iwp(%ZcbuI-`@ON_Z>Ys-~cSV<Rgr>l40nu]Q)^
#!encrypt#!1#!
#!encrypt#!24#!N%Ti<^6\+j81{o%/`rL%$e=
#!encrypt#!27#!

M*OZn:P\Yp>E.s,p#Z5<p-6V
#!encrypt#!4#!N%Ti#!encrypt#!6#!+fujLm#!encrypt#!3#!NTT#!encrypt#!3#!68=#!encrypt#!6#!NM8&B`#!encrypt#!5#!Nt,x$#!encrypt#!1#!
#!encrypt#!73#!-T_Zn;^^D!LZY3<L&!d:LC&{ct:REUm#-T_Zn;^^D!LZY3<L&!d:LC&{ct:REUm#-T_Zn;^^
#!encrypt#!72#!N%Ti2P[\=x&vx}`5`.iE{NH;21O7:Y)rL{f${~A@_xGxIX7xW?z2Vw4s0_#7IXxeQ)TkV~'
#!encrypt#!75#!~aH]8Vol]!T+`yw>HEp]{oHx:t/V,[1c,w8iwp(%ZcbuI-`@ON_Z>Ys-~cSV<Rgr>l40nu]Q)^
#!encrypt#!1#!
#!encrypt#!23#!N%Ti<^6\+j81{o%/`r|u,e
#!encrypt#!27#!

M*OZn:P\Yp>E.s,p#Z5]p-6V
#!encrypt#!4#!N%Ti#!encrypt#!6#!+EuRN0#!encrypt#!3#!NTT#!encrypt#!3#!68=#!encrypt#!7#!NMtcQmV#!encrypt#!8#!Nt0\#K(0#!encrypt#!1#!
#!encrypt#!73#!-T_Zn;^^D!LZY3<L&!d:LC&{ct:REUm#-T_Zn;^^D!LZY3<L&!d:LC&{ct:REUm#-T_Zn;^^
#!encrypt#!72#!N%Ti2P[\=x&Fx-$P`.iE{NH;21O7:Y)rL{f${~A@_xGxIX7xW?z2Vw4s0_#7IXxeQ)TkV~'
#!encrypt#!75#!~aH]8Vol]!T+`yw>HEp]{oHx:t/V,[1c,w8iwp(%ZcbuI-`@ON_Z>Ys-~cSV<Rgr>l40nu]Q)^
#!encrypt#!1#!
#!encrypt#!24#!N%Ti<^6\+j81{o%/`rL3a]-
#!encrypt#!27#!

M*OZn:P\Yp>E.s,p#Z5tp-6V
#!encrypt#!4#!N%Ti#!encrypt#!10#!u{HkTwnl:<#!encrypt#!3#!NTT#!encrypt#!3#!{t|#!encrypt#!7#!Nx4*<c|#!encrypt#!7#!NMbcBe)#!encrypt#!1#!
#!encrypt#!73#!-T_Zn;^^D!LZY3<L&!d:LC&{ct:REUm#-T_Zn;^^D!LZY3<L&!d:LC&{ct:REUm#-T_Zn;^^
#!encrypt#!75#!N%Tip^?\=p?#I#'E9^#{Df/d5k#$dqg,\@TZwi;g;4gpYu~1`Iuc{C7y]^-e94mr!|TaGJ%^g 
#!encrypt#!75#!~aH]8Vol]!T+`yw>HEp]{oHx:t/V,[1c,w8iwp(%ZcbuI-`@ON_Z>Ys-~cSV<Rgr>l40nu]Q)^
#!encrypt#!1#!
#!encrypt#!24#!N%Ti<^6\+j81{o%/`r)3,<0
#!encrypt#!27#!

M*OZn:P\Yp>E.s,p#Z5ep-6V
#!encrypt#!4#!N%Ti#!encrypt#!5#!+dt&m#!encrypt#!3#!NTT#!encrypt#!3#!68=#!encrypt#!7#!NMoO|n<#!encrypt#!5#!Nt+x$#!encrypt#!1#!
#!encrypt#!73#!-T_Zn;^^D!LZY3<L&!d:LC&{ct:REUm#-T_Zn;^^D!LZY3<L&!d:LC&{ct:REUm#-T_Zn;^^
#!encrypt#!70#!N%Tip^?\=p?#I#'E9^#/ck=~]^^@$4mr%|TtSJ%^g >pLvY3&-Dr{xf'0t$bo4Sg6%_ir
#!encrypt#!75#!~aH]8Vol]!T+`yw>HEp]{oHx:t/V,[1c,w8iwp(%ZcbuI-`@ON_Z>Ys-~cSV<Rgr>l40nu]Q)^
#!encrypt#!1#!
#!encrypt#!24#!N%Ti<^6\+j81{o%/`rB# ts
#!encrypt#!22#!N%Ti<^6\+j81{o%/`1Z6N
#!encrypt#!27#!

M*OZn:P\Yp>E.s,p#Z5>p-6V
#!encrypt#!4#!N%Ti#!encrypt#!6#!+IInr`#!encrypt#!3#!NTT#!encrypt#!3#!68=#!encrypt#!6#!NMOnr0#!encrypt#!5#!Nt,x$#!encrypt#!1#!
#!encrypt#!73#!-T_Zn;^^D!LZY3<L&!d:LC&{ct:REUm#-T_Zn;^^D!LZY3<L&!d:LC&{ct:REUm#-T_Zn;^^
#!encrypt#!71#!N%Tip^?\=p?#I#'E9^#/,thyXQ$v5~g#N@!itipgDxT[ISgr`!#ub5} @^:t,qg3@tTZw|
#!encrypt#!75#!~aH]8Vol]!T+`yw>HEp]{oHx:t/V,[1c,w8iwp(%ZcbuI-`@ON_Z>Ys-~cSV<Rgr>l40nu]Q)^
#!encrypt#!1#!
#!encrypt#!23#!N%Ti<^6\+j81{o%/`r?+?'
#!encrypt#!22#!N%Ti<^6\+j81{o%/`1G6N
#!encrypt#!27#!

M*OZn:P\Yp>E.s,p#Z5cp-6V
#!encrypt#!4#!N%Ti#!encrypt#!6#!+.t7LC#!encrypt#!3#!NTT#!encrypt#!3#!68=#!encrypt#!7#!NM&ja|]#!encrypt#!8#!Nt0\#K(0#!encrypt#!1#!
#!encrypt#!73#!-T_Zn;^^D!LZY3<L&!d:LC&{ct:REUm#-T_Zn;^^D!LZY3<L&!d:LC&{ct:REUm#-T_Zn;^^
#!encrypt#!71#!N%Tip^?\=p?#I#'E9^#/ k6WIQ$v5~g#N@!itipgDxT[ISgr`!#ub5} @^:t,qg3@tTZw|
#!encrypt#!75#!~aH]8Vol]!T+`yw>HEp]{oHx:t/V,[1c,w8iwp(%ZcbuI-`@ON_Z>Ys-~cSV<Rgr>l40nu]Q)^
#!encrypt#!1#!
#!encrypt#!24#!N%Ti<^6\+j81{o%/`r<lp7$
#!encrypt#!27#!

M*OZn:P\Yp>E.s,p#Z$7p-6V
#!encrypt#!4#!N%Ti#!encrypt#!10#!u{HkTwnlJ<#!encrypt#!3#!NTT#!encrypt#!3#!{t|#!encrypt#!7#!Nx4*<c|#!encrypt#!7#!NMonNmh#!encrypt#!1#!
#!encrypt#!73#!-T_Zn;^^D!LZY3<L&!d:LC&{ct:REUm#-T_Zn;^^D!LZY3<L&!d:LC&{ct:REUm#-T_Zn;^^
#!encrypt#!75#!N%Tip^?\=p?#I#'E9^#{Df/d5k##dqg,\@TZwi;g;4gpYu~1`Iuc{C7y]^-e94mr!|TaGJ%^g 
#!encrypt#!75#!~aH]8Vol]!T+`yw>HEp]{oHx:t/V,[1c,w8iwp(%ZcbuI-`@ON_Z>Ys-~cSV<Rgr>l40nu]Q)^
#!encrypt#!1#!
#!encrypt#!24#!N%Ti<^6\+j81{o%/`rB+c]k
#!encrypt#!27#!

M*OZn:P\Yp>E.s,p#Z$pp-6V
#!encrypt#!4#!N%Ti#!encrypt#!8#!uoHkT=d}#!encrypt#!3#!NTT#!encrypt#!3#!68=#!encrypt#!7#!NMI7me)#!encrypt#!6#!NMuuNX#!encrypt#!1#!
#!encrypt#!73#!-T_Zn;^^D!LZY3<L&!d:LC&{ct:REUm#-T_Zn;^^D!LZY3<L&!d:LC&{ct:REUm#-T_Zn;^^
#!encrypt#!73#!N%Tip^?\=p?#I#'E9^#{;f/d wSN>Ct:NTT!WVIs9xLp`Hxbe1#:{7N$FL0tE4YAN-}zw;%W
#!encrypt#!75#!~aH]8Vol]!T+`yw>HEp]{oHx:t/V,[1c,w8iwp(%ZcbuI-`@ON_Z>Ys-~cSV<Rgr>l40nu]Q)^
#!encrypt#!1#!
#!encrypt#!24#!N%Ti<^6\+j81{o%/`ryt#<0
#!encrypt#!23#!N%Ti<^6\+j81{o%/`rp%c>
#!encrypt#!27#!

M*OZn:P\Yp>E.s,p#Z$kp-6V
#!encrypt#!4#!N%Ti#!encrypt#!6#!+fI?an#!encrypt#!3#!NTT#!encrypt#!2#!k1#!encrypt#!8#!Nx4*mgC%#!encrypt#!7#!Nx4*<c|#!encrypt#!7#!NMt?r0V#!encrypt#!8#!Nt0\#K(0#!encrypt#!5#!Nt-x$#!encrypt#!1#!
#!encrypt#!73#!-T_Zn;^^D!LZY3<L&!d:LC&{ct:REUm#-T_Zn;^^D!LZY3<L&!d:LC&{ct:REUm#-T_Zn;^^
#!encrypt#!71#!N%Tip^?\=p?#I#'E9^#/pt--AQ$v5~g#N@!itipgDxT[ISgr`!#ub5} @^:t,qg3@tTZw|
#!encrypt#!75#!~aH]8Vol]!T+`yw>HEp]{oHx:t/V,[1c,w8iwp(%ZcbuI-`@ON_Z>Ys-~cSV<Rgr>l40nu]Q)^
#!encrypt#!1#!
#!encrypt#!25#!N%Ti<^6\+j81{o%/`x8^#HM(
#!encrypt#!24#!N%Ti<^6\+j81{o%/`x8^U1Y
#!encrypt#!24#!N%Ti<^6\+j81{o%/`rL-?'-
#!encrypt#!22#!N%Ti<^6\+j81{o%/`1Y6N
#!encrypt#!27#!

M*OZn:P\Yp>E.s,p#Z$'p-6V
#!encrypt#!4#!N%Ti#!encrypt#!7#!uoHkTCD#!encrypt#!3#!NTT#!encrypt#!3#!68=#!encrypt#!7#!NMuuLmd#!encrypt#!7#!NMtjLu>#!encrypt#!1#!
#!encrypt#!73#!-T_Zn;^^D!LZY3<L&!d:LC&{ct:REUm#-T_Zn;^^D!LZY3<L&!d:LC&{ct:REUm#-T_Zn;^^
#!encrypt#!79#!N%Tip^?\=p?#I#'E9^#{;f/dI`ytTA>r-%:)w1YLg!8v5u@4x-d]$p=L]^-e94mrx|TaGJ%^g89i2}
#!encrypt#!75#!~aH]8Vol]!T+`yw>HEp]{oHx:t/V,[1c,w8iwp(%ZcbuI-`@ON_Z>Ys-~cSV<Rgr>l40nu]Q)^
#!encrypt#!1#!
#!encrypt#!24#!N%Ti<^6\+j81{o%/`rp%>]h
#!encrypt#!24#!N%Ti<^6\+j81{o%/`rLl>kg
#!encrypt#!27#!

M*OZn:P\Yp>E.s,p#Z$<p-6V
#!encrypt#!4#!N%Ti#!encrypt#!6#!+GoOBm#!encrypt#!3#!NTT#!encrypt#!5#!{tF`G#!encrypt#!10#!Nb LagC%ln#!encrypt#!2#!N+#!encrypt#!9#! #`fw|%U(#!encrypt#!5#!N+mk$#!encrypt#!1#!
#!encrypt#!73#!-T_Zn;^^D!LZY3<L&!d:LC&{ct:REUm#-T_Zn;^^D!LZY3<L&!d:LC&{ct:REUm#-T_Zn;^^
#!encrypt#!71#!N%Tip^?\=p?#I#'E9^#/>e0#PQ$v5~g#N(!itipgDxT[ISgr`!#ub5} @^:t,qg3@tTZw|
#!encrypt#!75#!~aH]8Vol]!T+`yw>HEp]{oHx:t/V,[1c,w8iwp(%ZcbuI-`@ON_Z>Ys-~cSV<Rgr>l40nu]Q)^
#!encrypt#!1#!
#!encrypt#!27#!

M*OZn:P\Yp>E.s,p#Z$]p-6V
#!encrypt#!4#!N%Ti#!encrypt#!6#!+.&?mn#!encrypt#!3#!NTT#!encrypt#!11#!@qFqqojsF>*#!encrypt#!7#!NM8%mCV#!encrypt#!12#!N+M\$dA0%#mR#!encrypt#!5#!N;2&B#!encrypt#!1#!
#!encrypt#!73#!-T_Zn;^^D!LZY3<L&!d:LC&{ct:REUm#-T_Zn;^^D!LZY3<L&!d:LC&{ct:REUm#-T_Zn;^^
#!encrypt#!71#!N%Tip^?\=p?#I#'E9^#/ p-~AQ$v5~g#N@!itipgDxT[ISgr`!#ub5} @^:t,qg3@tTZw|
#!encrypt#!75#!~aH]8Vol]!T+`yw>HEp]{oHx:t/V,[1c,w8iwp(%ZcbuI-`@ON_Z>Ys-~cSV<Rgr>l40nu]Q)^
#!encrypt#!1#!
#!encrypt#!24#!N%Ti<^6\+j81{o%/`r|1#p-
#!encrypt#!27#!

M*OZn:P\Yp>E.s,p#Z$tp-6V
#!encrypt#!4#!N%Ti#!encrypt#!6#!+[b?N`#!encrypt#!3#!NTT#!encrypt#!3#!68=#!encrypt#!7#!NMoRL0>#!encrypt#!10#!Nb LagC%ln#!encrypt#!1#!
#!encrypt#!73#!-T_Zn;^^D!LZY3<L&!d:LC&{ct:REUm#-T_Zn;^^D!LZY3<L&!d:LC&{ct:REUm#-T_Zn;^^
#!encrypt#!71#!N%Tip^?\=p?#I#'E9^#/$'-LXQ$v5~g#N@!itipgDxT[ISgr`!#ub5} @^:t,qg3@tTZw|
#!encrypt#!75#!~aH]8Vol]!T+`yw>HEp]{oHx:t/V,[1c,w8iwp(%ZcbuI-`@ON_Z>Ys-~cSV<Rgr>l40nu]Q)^
#!encrypt#!1#!
#!encrypt#!24#!N%Ti<^6\+j81{o%/`rBZ>'g
#!encrypt#!27#!

M*OZn:P\Yp>E.s,p#Z$ep-6V
#!encrypt#!4#!N%Ti#!encrypt#!10#!qoYnq2A0+h#!encrypt#!3#!NTT#!encrypt#!14#!)(>q64%AP.;lUR#!encrypt#!7#!NMAOLe]#!encrypt#!6#!NamPBC#!encrypt#!1#!
#!encrypt#!73#!-T_Zn;^^D!LZY3<L&!d:LC&{ct:REUm#-T_Zn;^^D!LZY3<L&!d:LC&{ct:REUm#-T_Zn;^^
#!encrypt#!75#!N%Tip^?\=p?#I#'E9^#4;Hh`LA;7xqg,\@TZwi;g;4gpYu~1`Iuc{C7y]^-e94mr!|TaGJ%^g 
#!encrypt#!75#!~aH]8Vol]!T+`yw>HEp]{oHx:t/V,[1c,w8iwp(%ZcbuI-`@ON_Z>Ys-~cSV<Rgr>l40nu]Q)^
#!encrypt#!1#!
#!encrypt#!24#!N%Ti<^6\+j81{o%/`r0#><$
#!encrypt#!27#!

M*OZn:P\Yp>E.s,p#Z$>p-6V
#!encrypt#!4#!N%Ti#!encrypt#!10#!qoYpq2A0+h#!encrypt#!3#!NTT#!encrypt#!3#!{t|#!encrypt#!7#!NXy#<=n#!encrypt#!11#!NamPa=L#x/:#!encrypt#!1#!
#!encrypt#!73#!-T_Zn;^^D!LZY3<L&!d:LC&{ct:REUm#-T_Zn;^^D!LZY3<L&!d:LC&{ct:REUm#-T_Zn;^^
#!encrypt#!75#!N%Tip^?\=p?#I#'E9^#4;HI`LA;7xqg,\@TZwi;g;4gpYu~1`Iuc{C7y]^-e94mr!|TaGJ%^g 
#!encrypt#!75#!~aH]8Vol]!T+`yw>HEp]{oHx:t/V,[1c,w8iwp(%ZcbuI-`@ON_Z>Ys-~cSV<Rgr>l40nu]Q)^
#!encrypt#!1#!
#!encrypt#!27#!

M*OZn:P\Yp>E.s,p#Z$cp-6V
#!encrypt#!4#!N%Ti#!encrypt#!6#!qoY.ZZ#!encrypt#!3#!NTT#!encrypt#!3#!68=#!encrypt#!6#!NamPB|#!encrypt#!6#!NamPBC#!encrypt#!1#!
#!encrypt#!73#!-T_Zn;^^D!LZY3<L&!d:LC&{ct:REUm#-T_Zn;^^D!LZY3<L&!d:LC&{ct:REUm#-T_Zn;^^
#!encrypt#!71#!N%Tip^?\=p?#I#'E9^#4;HQ;sQ$v5~g#N@!itipgDxT[ISgr`!#ub5} @^:t,qg3@tTZw|
#!encrypt#!75#!~aH]8Vol]!T+`yw>HEp]{oHx:t/V,[1c,w8iwp(%ZcbuI-`@ON_Z>Ys-~cSV<Rgr>l40nu]Q)^
#!encrypt#!1#!
#!encrypt#!27#!

M*OZn:P\Yp>E.s,p#+?7p-6V
#!encrypt#!4#!N%Ti#!encrypt#!6#!+YAcL|#!encrypt#!3#!NTT#!encrypt#!13#!)(>q64%A+\R(=#!encrypt#!7#!NamPq%+#!encrypt#!10#!Nb LagC%ln#!encrypt#!1#!
#!encrypt#!73#!-T_Zn;^^D!LZY3<L&!d:LC&{ct:REUm#-T_Zn;^^D!LZY3<L&!d:LC&{ct:REUm#-T_Zn;^^
#!encrypt#!71#!N%Tip^?\=p?#I#'E9^#/acsWVQ$v5~g#N@!itipgDxT[ISgr`!#ub5} @^:t,qg3@tTZw|
#!encrypt#!75#!~aH]8Vol]!T+`yw>HEp]{oHx:t/V,[1c,w8iwp(%ZcbuI-`@ON_Z>Ys-~cSV<Rgr>l40nu]Q)^
#!encrypt#!1#!
#!encrypt#!27#!

M*OZn:P\Yp>E.s,p#+?pp-6V
#!encrypt#!4#!N%Ti#!encrypt#!6#!+.u&mn#!encrypt#!3#!NTT#!encrypt#!5#!{tF`G#!encrypt#!7#!NMIuJmK#!encrypt#!2#!N+#!encrypt#!9#! #`fw|%U(#!encrypt#!5#!N+mk$#!encrypt#!1#!
#!encrypt#!73#!-T_Zn;^^D!LZY3<L&!d:LC&{ct:REUm#-T_Zn;^^D!LZY3<L&!d:LC&{ct:REUm#-T_Zn;^^
#!encrypt#!71#!N%Tip^?\=p?#I#'E9^#/ >=~AQ$v5~g#N(!itipgDxT[ISgr`!#ub5} @^:t,qg3@tTZw|
#!encrypt#!75#!~aH]8Vol]!T+`yw>HEp]{oHx:t/V,[1c,w8iwp(%ZcbuI-`@ON_Z>Ys-~cSV<Rgr>l40nu]Q)^
#!encrypt#!1#!
#!encrypt#!24#!N%Ti<^6\+j81{o%/`ry%5]=
#!encrypt#!27#!

M*OZn:P\Yp>E.s,p#+?kp-6V
#!encrypt#!4#!N%Ti#!encrypt#!6#!+[&jrI#!encrypt#!3#!NTT#!encrypt#!11#!@qFqqojsF>*#!encrypt#!7#!NMocr0>#!encrypt#!12#!N+M\$dA0%#mR#!encrypt#!5#!N;2&B#!encrypt#!1#!
#!encrypt#!73#!-T_Zn;^^D!LZY3<L&!d:LC&{ct:REUm#-T_Zn;^^D!LZY3<L&!d:LC&{ct:REUm#-T_Zn;^^
#!encrypt#!71#!N%Tip^?\=p?#I#'E9^#/$pgyDQ$v5~g#N@!itipgDxT[ISgr`!#ub5} @^:t,qg3@tTZw|
#!encrypt#!75#!~aH]8Vol]!T+`yw>HEp]{oHx:t/V,[1c,w8iwp(%ZcbuI-`@ON_Z>Ys-~cSV<Rgr>l40nu]Q)^
#!encrypt#!1#!
#!encrypt#!24#!N%Ti<^6\+j81{o%/`rB3?'g
#!encrypt#!27#!

M*OZn:P\Yp>E.s,p#+?'p-6V
#!encrypt#!4#!N%Ti#!encrypt#!6#!+I8RmX#!encrypt#!3#!NTT#!encrypt#!3#!68=#!encrypt#!7#!NMARQ|J#!encrypt#!6#!NamPBC#!encrypt#!1#!
#!encrypt#!73#!-T_Zn;^^D!LZY3<L&!d:LC&{ct:REUm#-T_Zn;^^D!LZY3<L&!d:LC&{ct:REUm#-T_Zn;^^
#!encrypt#!71#!N%Tip^?\=p?#I#'E9^#/,]k~yQ$v5~g#N@!itipgDxT[ISgr`!#ub5} @^:t,qg3@tTZw|
#!encrypt#!75#!~aH]8Vol]!T+`yw>HEp]{oHx:t/V,[1c,w8iwp(%ZcbuI-`@ON_Z>Ys-~cSV<Rgr>l40nu]Q)^
#!encrypt#!1#!
#!encrypt#!24#!N%Ti<^6\+j81{o%/`r0Za7U
#!encrypt#!27#!

M*OZn:P\Yp>E.s,p#+?<p-6V
#!encrypt#!4#!N%Ti#!encrypt#!6#!+Eo?|n#!encrypt#!3#!NTT#!encrypt#!3#!68=#!encrypt#!7#!NM&?B0<#!encrypt#!6#!NamPB|#!encrypt#!1#!
#!encrypt#!73#!-T_Zn;^^D!LZY3<L&!d:LC&{ct:REUm#-T_Zn;^^D!LZY3<L&!d:LC&{ct:REUm#-T_Zn;^^
#!encrypt#!71#!N%Tip^?\=p?#I#'E9^#/#e-7AQ$v5~g#N@!itipgDxT[ISgr`!#ub5} @^:t,qg3@tTZw|
#!encrypt#!75#!~aH]8Vol]!T+`yw>HEp]{oHx:t/V,[1c,w8iwp(%ZcbuI-`@ON_Z>Ys-~cSV<Rgr>l40nu]Q)^
#!encrypt#!1#!
#!encrypt#!24#!N%Ti<^6\+j81{o%/`r<-,'s
#!encrypt#!27#!

M*OZn:P\Yp>E.s,p#+?]p-6V
#!encrypt#!4#!N%Ti#!encrypt#!10#!qoYnqdMFmj#!encrypt#!3#!NTT#!encrypt#!6#!=(k9G3#!encrypt#!7#!NMb%L`>#!encrypt#!2#!N+#!encrypt#!4#! #T?#!encrypt#!1#!
#!encrypt#!73#!-T_Zn;^^D!LZY3<L&!d:LC&{ct:REUm#-T_Zn;^^D!LZY3<L&!d:LC&{ct:REUm#-T_Zn;^^
#!encrypt#!75#!N%Tip^?\=p?#I#'E9^#4;Hh`('OJ:qg,\@TZwi;g;4gpYu~1`Iuc{C7y]^-e94mr!|TaGJ%^g 
#!encrypt#!75#!~aH]8Vol]!T+`yw>HEp]{oHx:t/V,[1c,w8iwp(%ZcbuI-`@ON_Z>Ys-~cSV<Rgr>l40nu]Q)^
#!encrypt#!1#!
#!encrypt#!24#!N%Ti<^6\+j81{o%/`r)1>eg
#!encrypt#!27#!

M*OZn:P\Yp>E.s,p#+?tp-6V
#!encrypt#!4#!N%Ti#!encrypt#!6#!+YARmC#!encrypt#!3#!NTT#!encrypt#!3#!{t|#!encrypt#!7#!NXy#<=n#!encrypt#!9#!NamPqfGy%#!encrypt#!1#!
#!encrypt#!73#!-T_Zn;^^D!LZY3<L&!d:LC&{ct:REUm#-T_Zn;^^D!LZY3<L&!d:LC&{ct:REUm#-T_Zn;^^
#!encrypt#!71#!N%Tip^?\=p?#I#'E9^#/ack~IQ$v5~g#N@!itipgDxT[ISgr`!#ub5} @^:t,qg3@tTZw|
#!encrypt#!75#!~aH]8Vol]!T+`yw>HEp]{oHx:t/V,[1c,w8iwp(%ZcbuI-`@ON_Z>Ys-~cSV<Rgr>l40nu]Q)^
#!encrypt#!1#!
#!encrypt#!27#!

M*OZn:P\Yp>E.s,p#+?ep-6V
#!encrypt#!4#!N%Ti#!encrypt#!5#!+IO%a#!encrypt#!7#!NTTmgEQ#!encrypt#!7#!NMIuB0h#!encrypt#!4#!N+0g#!encrypt#!4#!N;2R#!encrypt#!1#!
#!encrypt#!73#!-T_Zn;^^D!LZY3<L&!d:LC&{ct:REUm#-T_Zn;^^D!LZY3<L&!d:LC&{ct:REUm#-T_Zn;^^
#!encrypt#!70#!N%Tip^?\=p?#I#'E9^#/,<$-]^^@$4mr%|TtSJ%^g >pLvY3&-Dr{xf'0t$bo4Sg6%_ir
#!encrypt#!75#!~aH]8Vol]!T+`yw>HEp]{oHx:t/V,[1c,w8iwp(%ZcbuI-`@ON_Z>Ys-~cSV<Rgr>l40nu]Q)^
#!encrypt#!1#!
#!encrypt#!27#!

M*OZn:P\Yp>E.s,p#+?>p-6V
#!encrypt#!4#!N%Ti#!encrypt#!6#!+YtOm0#!encrypt#!3#!NTT#!encrypt#!3#!68=#!encrypt#!6#!NM&7|u#!encrypt#!7#!NMIuB0h#!encrypt#!1#!
#!encrypt#!73#!-T_Zn;^^D!LZY3<L&!d:LC&{ct:REUm#-T_Zn;^^D!LZY3<L&!d:LC&{ct:REUm#-T_Zn;^^
#!encrypt#!71#!N%Tip^?\=p?#I#'E9^#/ak0~6Q$v5~g#N@!itipgDxT[ISgr`!#ub5} @^:t,qg3@tTZw|
#!encrypt#!75#!~aH]8Vol]!T+`yw>HEp]{oHx:t/V,[1c,w8iwp(%ZcbuI-`@ON_Z>Ys-~cSV<Rgr>l40nu]Q)^
#!encrypt#!1#!
#!encrypt#!24#!N%Ti<^6\+j81{o%/`ry%,'k
#!encrypt#!27#!

M*OZn:P\Yp>E.s,p#+?cp-6V
#!encrypt#!4#!N%Ti#!encrypt#!6#!+wt?Ln#!encrypt#!3#!NTT#!encrypt#!11#!@qFqqojsF>*#!encrypt#!6#!NM&7|u#!encrypt#!11#!N+y#TKB\U;b#!encrypt#!4#!N;2R#!encrypt#!1#!
#!encrypt#!73#!-T_Zn;^^D!LZY3<L&!d:LC&{ct:REUm#-T_Zn;^^D!LZY3<L&!d:LC&{ct:REUm#-T_Zn;^^
#!encrypt#!71#!N%Tip^?\=p?#I#'E9^#/5k-WAQ$v5~g#N@!itipgDxT[ISgr`!#ub5} @^:t,qg3@tTZw|
#!encrypt#!75#!~aH]8Vol]!T+`yw>HEp]{oHx:t/V,[1c,w8iwp(%ZcbuI-`@ON_Z>Ys-~cSV<Rgr>l40nu]Q)^
#!encrypt#!1#!
#!encrypt#!23#!N%Ti<^6\+j81{o%/`r<t k
#!encrypt#!27#!

M*OZn:P\Yp>E.s,p#+,7p-6V
#!encrypt#!4#!N%Ti#!encrypt#!6#!+fuuLC#!encrypt#!3#!NTT#!encrypt#!3#!68=#!encrypt#!7#!NMInm0)#!encrypt#!7#!NMunLm>#!encrypt#!1#!
#!encrypt#!73#!-T_Zn;^^D!LZY3<L&!d:LC&{ct:REUm#-T_Zn;^^D!LZY3<L&!d:LC&{ct:REUm#-T_Zn;^^
#!encrypt#!71#!N%Tip^?\=p?#I#'E9^#/p>UWIQ$v5~g#N@!itipgDxT[ISgr`!#ub5} @^:t,qg3@tTZw|
#!encrypt#!75#!~aH]8Vol]!T+`yw>HEp]{oHx:t/V,[1c,w8iwp(%ZcbuI-`@ON_Z>Ys-~cSV<Rgr>l40nu]Q)^
#!encrypt#!1#!
#!encrypt#!24#!N%Ti<^6\+j81{o%/`ry+#'0
#!encrypt#!24#!N%Ti<^6\+j81{o%/`rp+>]g
#!encrypt#!27#!

M*OZn:P\Yp>E.s,p#+,pp-6V
#!encrypt#!4#!N%Ti#!encrypt#!6#!+wo&aI#!encrypt#!3#!NTT#!encrypt#!5#!{tF`G#!encrypt#!7#!NMtc mh#!encrypt#!2#!N+#!encrypt#!9#! #`fw|%U(#!encrypt#!5#!N+mk$#!encrypt#!1#!
#!encrypt#!73#!-T_Zn;^^D!LZY3<L&!d:LC&{ct:REUm#-T_Zn;^^D!LZY3<L&!d:LC&{ct:REUm#-T_Zn;^^
#!encrypt#!71#!N%Tip^?\=p?#I#'E9^#/5e=-DQ$v5~g#N(!itipgDxT[ISgr`!#ub5} @^:t,qg3@tTZw|
#!encrypt#!75#!~aH]8Vol]!T+`yw>HEp]{oHx:t/V,[1c,w8iwp(%ZcbuI-`@ON_Z>Ys-~cSV<Rgr>l40nu]Q)^
#!encrypt#!1#!
#!encrypt#!27#!

M*OZn:P\Yp>E.s,p#+,kp-6V
#!encrypt#!4#!N%Ti#!encrypt#!6#!+fon n#!encrypt#!3#!NTT#!encrypt#!11#!@qFqqojsF>*#!encrypt#!7#!NMu%ruJ#!encrypt#!12#!N+M\$dA0%#mR#!encrypt#!4#!NIKR#!encrypt#!1#!
#!encrypt#!73#!-T_Zn;^^D!LZY3<L&!d:LC&{ct:REUm#-T_Zn;^^D!LZY3<L&!d:LC&{ct:REUm#-T_Zn;^^
#!encrypt#!71#!N%Tip^?\=p?#I#'E9^#/pehMAQ$v5~g#N@!itipgDxT[ISgr`!#ub5} @^:t,qg3@tTZw|
#!encrypt#!75#!~aH]8Vol]!T+`yw>HEp]{oHx:t/V,[1c,w8iwp(%ZcbuI-`@ON_Z>Ys-~cSV<Rgr>l40nu]Q)^
#!encrypt#!1#!
#!encrypt#!24#!N%Ti<^6\+j81{o%/`rp1?kU
#!encrypt#!27#!

M*OZn:P\Yp>E.s,p#+,'p-6V
#!encrypt#!4#!N%Ti#!encrypt#!6#!+IbumC#!encrypt#!3#!NTT#!encrypt#!2#!k1#!encrypt#!7#!NMt%aI>#!encrypt#!7#!NMtc mh#!encrypt#!1#!
#!encrypt#!73#!-T_Zn;^^D!LZY3<L&!d:LC&{ct:REUm#-T_Zn;^^D!LZY3<L&!d:LC&{ct:REUm#-T_Zn;^^
#!encrypt#!71#!N%Tip^?\=p?#I#'E9^#/,'U~IQ$v5~g#N@!itipgDxT[ISgr`!#ub5} @^:t,qg3@tTZw|
#!encrypt#!75#!~aH]8Vol]!T+`yw>HEp]{oHx:t/V,[1c,w8iwp(%ZcbuI-`@ON_Z>Ys-~cSV<Rgr>l40nu]Q)^
#!encrypt#!1#!
#!encrypt#!24#!N%Ti<^6\+j81{o%/`rL1pcg
#!encrypt#!24#!N%Ti<^6\+j81{o%/`rL3$]k
#!encrypt#!27#!

M*OZn:P\Yp>E.s,p#+,<p-6V
#!encrypt#!4#!N%Ti#!encrypt#!6#!+IKnau#!encrypt#!3#!NTT#!encrypt#!3#!{t|#!encrypt#!7#!NM&O 0h#!encrypt#!9#!NamPqfGy%#!encrypt#!1#!
#!encrypt#!73#!-T_Zn;^^D!LZY3<L&!d:LC&{ct:REUm#-T_Zn;^^D!LZY3<L&!d:LC&{ct:REUm#-T_Zn;^^
#!encrypt#!71#!N%Tip^?\=p?#I#'E9^#/,7h-;Q$v5~g#N@!itipgDxT[ISgr`!#ub5} @^:t,qg3@tTZw|
#!encrypt#!75#!~aH]8Vol]!T+`yw>HEp]{oHx:t/V,[1c,w8iwp(%ZcbuI-`@ON_Z>Ys-~cSV<Rgr>l40nu]Q)^
#!encrypt#!1#!
#!encrypt#!24#!N%Ti<^6\+j81{o%/`r<#$'k
#!encrypt#!27#!

M*OZn:P\Yp>E.s,p#+,]p-6V
#!encrypt#!4#!N%Ti#!encrypt#!6#!+f87Lm#!encrypt#!3#!NTT#!encrypt#!5#!{tF`G#!encrypt#!7#!NM&&aud#!encrypt#!2#!N+#!encrypt#!9#! #`fw|%U(#!encrypt#!1#!
#!encrypt#!73#!-T_Zn;^^D!LZY3<L&!d:LC&{ct:REUm#-T_Zn;^^D!LZY3<L&!d:LC&{ct:REUm#-T_Zn;^^
#!encrypt#!71#!N%Tip^?\=p?#I#'E9^#/p]6WPQ$v5~g#N(!itipgDxT[ISgr`!#ub5} @^:t,qg3@tTZw|
#!encrypt#!75#!~aH]8Vol]!T+`yw>HEp]{oHx:t/V,[1c,w8iwp(%ZcbuI-`@ON_Z>Ys-~cSV<Rgr>l40nu]Q)^
#!encrypt#!1#!
#!encrypt#!27#!

M*OZn:P\Yp>E.s,p#+,tp-6V
#!encrypt#!4#!N%Ti#!encrypt#!6#!+[IcNC#!encrypt#!3#!NTT#!encrypt#!11#!@qFqqojsF>*#!encrypt#!7#!NMt?NmV#!encrypt#!11#!N+y#TKB\U;b#!encrypt#!6#!N;2&rC#!encrypt#!1#!
#!encrypt#!73#!-T_Zn;^^D!LZY3<L&!d:LC&{ct:REUm#-T_Zn;^^D!LZY3<L&!d:LC&{ct:REUm#-T_Zn;^^
#!encrypt#!71#!N%Tip^?\=p?#I#'E9^#/$tsLIQ$v5~g#N@!itipgDxT[ISgr`!#ub5} @^:t,qg3@tTZw|
#!encrypt#!75#!~aH]8Vol]!T+`yw>HEp]{oHx:t/V,[1c,w8iwp(%ZcbuI-`@ON_Z>Ys-~cSV<Rgr>l40nu]Q)^
#!encrypt#!1#!
#!encrypt#!24#!N%Ti<^6\+j81{o%/`rL-c]-
#!encrypt#!27#!

M*OZn:P\Yp>E.s,p#+,ep-6V
#!encrypt#!4#!N%Ti#!encrypt#!6#!+YucaI#!encrypt#!3#!NTT#!encrypt#!16#!)(>q64%AP.?#}c\*#!encrypt#!7#!NM&&aud#!encrypt#!7#!NMAjJeh#!encrypt#!5#!N+mk$#!encrypt#!1#!
#!encrypt#!73#!-T_Zn;^^D!LZY3<L&!d:LC&{ct:REUm#-T_Zn;^^D!LZY3<L&!d:LC&{ct:REUm#-T_Zn;^^
#!encrypt#!71#!N%Tip^?\=p?#I#'E9^#/a>s-DQ$v5~g#N@!itipgDxT[ISgr`!#ub5} @^:t,qg3@tTZw|
#!encrypt#!75#!~aH]8Vol]!T+`yw>HEp]{oHx:t/V,[1c,w8iwp(%ZcbuI-`@ON_Z>Ys-~cSV<Rgr>l40nu]Q)^
#!encrypt#!1#!
#!encrypt#!24#!N%Ti<^6\+j81{o%/`r<upkh
#!encrypt#!24#!N%Ti<^6\+j81{o%/`r0l5<k
#!encrypt#!27#!

M*OZn:P\Yp>E.s,p#+,>p-6V
#!encrypt#!4#!N%Ti#!encrypt#!8#!qoYpqZn0#!encrypt#!3#!NTT#!encrypt#!4#!{1}G#!encrypt#!7#!NMIcJuJ#!encrypt#!2#!N+#!encrypt#!6#!a#T&4X#!encrypt#!1#!
#!encrypt#!73#!-T_Zn;^^D!LZY3<L&!d:LC&{ct:REUm#-T_Zn;^^D!LZY3<L&!d:LC&{ct:REUm#-T_Zn;^^
#!encrypt#!73#!N%Tip^?\=p?#I#'E9^#4;HI`sk;N>Ct:NTT!WVIs9xLp`Hxbe1#:{7N$FL0tE4YAN-}zw;%W
#!encrypt#!75#!~aH]8Vol]!T+`yw>HEp]{oHx:t/V,[1c,w8iwp(%ZcbuI-`@ON_Z>Ys-~cSV<Rgr>l40nu]Q)^
#!encrypt#!1#!
#!encrypt#!24#!N%Ti<^6\+j81{o%/`ry35kU
#!encrypt#!27#!

M*OZn:P\Yp>E.s,p#+,cp-6V
#!encrypt#!4#!N%Ti#!encrypt#!10#!qoYIq2A0+h#!encrypt#!3#!NTT#!encrypt#!3#!{t|#!encrypt#!7#!NXy#<=7#!encrypt#!11#!NamPa=L#x/:#!encrypt#!1#!
#!encrypt#!73#!-T_Zn;^^D!LZY3<L&!d:LC&{ct:REUm#-T_Zn;^^D!LZY3<L&!d:LC&{ct:REUm#-T_Zn;^^
#!encrypt#!75#!N%Tip^?\=p?#I#'E9^#4;Ht`LA;7xqg,\@TZwi;g;4gpYu~1`Iuc{C7y]^-e94mr!|TaGJ%^g 
#!encrypt#!75#!~aH]8Vol]!T+`yw>HEp]{oHx:t/V,[1c,w8iwp(%ZcbuI-`@ON_Z>Ys-~cSV<Rgr>l40nu]Q)^
#!encrypt#!1#!
#!encrypt#!28#!N%Ti<^6\+j81{o%/`XcLp:"Arr\
#!encrypt#!27#!

M*OZn:P\Yp>E.s,p#+p7p-6V
#!encrypt#!4#!N%Ti#!encrypt#!6#!+.KnQC#!encrypt#!7#!NTTmgEQ#!encrypt#!10#!Nb LagC%ln#!encrypt#!4#!N+0g#!encrypt#!2#!NG#!encrypt#!1#!
#!encrypt#!73#!-T_Zn;^^D!LZY3<L&!d:LC&{ct:REUm#-T_Zn;^^D!LZY3<L&!d:LC&{ct:REUm#-T_Zn;^^
#!encrypt#!71#!N%Tip^?\=p?#I#'E9^#/ 7hlIQ$v5~g#N@!itipgDxT[ISgr`!#ub5} @^:t,qg3@tTZw|
#!encrypt#!75#!~aH]8Vol]!T+`yw>HEp]{oHx:t/V,[1c,w8iwp(%ZcbuI-`@ON_Z>Ys-~cSV<Rgr>l40nu]Q)^
#!encrypt#!1#!
#!encrypt#!27#!N%Ti<^6\+j81{o%/`q;hpHM(ZB
#!encrypt#!27#!

M*OZn:P\Yp>E.s,p#+ppp-6V
#!encrypt#!4#!N%Ti#!encrypt#!6#!+YIcJe#!encrypt#!7#!NTTmgEQ#!encrypt#!9#!Nb L<c|%k#!encrypt#!4#!N+0g#!encrypt#!3#!N+&#!encrypt#!1#!
#!encrypt#!73#!-T_Zn;^^D!LZY3<L&!d:LC&{ct:REUm#-T_Zn;^^D!LZY3<L&!d:LC&{ct:REUm#-T_Zn;^^
#!encrypt#!71#!N%Tip^?\=p?#I#'E9^#/atsU\Q$v5~g#N@!itipgDxT[ISgr`!#ub5} @^:t,qg3@tTZw|
#!encrypt#!75#!~aH]8Vol]!T+`yw>HEp]{oHx:t/V,[1c,w8iwp(%ZcbuI-`@ON_Z>Ys-~cSV<Rgr>l40nu]Q)^
#!encrypt#!1#!
#!encrypt#!27#!

M*OZn:P\Yp>E.s,p#+pkp-6V
#!encrypt#!4#!N%Ti#!encrypt#!6#!+fIO|u#!encrypt#!3#!NTT#!encrypt#!3#!68=#!encrypt#!7#!NMo&anh#!encrypt#!7#!NMIjJXP#!encrypt#!1#!
#!encrypt#!73#!-T_Zn;^^D!LZY3<L&!d:LC&{ct:REUm#-T_Zn;^^D!LZY3<L&!d:LC&{ct:REUm#-T_Zn;^^
#!encrypt#!71#!N%Tip^?\=p?#I#'E9^#/pt07;Q$v5~g#N@!itipgDxT[ISgr`!#ub5} @^:t,qg3@tTZw|
#!encrypt#!75#!~aH]8Vol]!T+`yw>HEp]{oHx:t/V,[1c,w8iwp(%ZcbuI-`@ON_Z>Ys-~cSV<Rgr>l40nu]Q)^
#!encrypt#!1#!
#!encrypt#!24#!N%Ti<^6\+j81{o%/`rBuptk
#!encrypt#!24#!N%Ti<^6\+j81{o%/`ryl5>6
#!encrypt#!27#!

M*OZn:P\Yp>E.s,p#+p'p-6V
#!encrypt#!4#!N%Ti#!encrypt#!6#!+IAcJe#!encrypt#!3#!NTT#!encrypt#!3#!{t|#!encrypt#!9#!Nb L<c|%k#!encrypt#!7#!NMtjm`d#!encrypt#!1#!
#!encrypt#!73#!-T_Zn;^^D!LZY3<L&!d:LC&{ct:REUm#-T_Zn;^^D!LZY3<L&!d:LC&{ct:REUm#-T_Zn;^^
#!encrypt#!71#!N%Tip^?\=p?#I#'E9^#/,csU\Q$v5~g#N@!itipgDxT[ISgr`!#ub5} @^:t,qg3@tTZw|
#!encrypt#!75#!~aH]8Vol]!T+`yw>HEp]{oHx:t/V,[1c,w8iwp(%ZcbuI-`@ON_Z>Ys-~cSV<Rgr>l40nu]Q)^
#!encrypt#!1#!
#!encrypt#!26#!N%Ti<^6\+j81{o%/`q;hU1Y(|
#!encrypt#!24#!N%Ti<^6\+j81{o%/`rLl#eh
#!encrypt#!27#!

M*OZn:P\Yp>E.s,p#+p<p-6V
#!encrypt#!4#!N%Ti#!encrypt#!6#!+.bcLI#!encrypt#!3#!NTT#!encrypt#!3#!68=#!encrypt#!7#!NM&uJXP#!encrypt#!6#!NamPBC#!encrypt#!1#!
#!encrypt#!73#!-T_Zn;^^D!LZY3<L&!d:LC&{ct:REUm#-T_Zn;^^D!LZY3<L&!d:LC&{ct:REUm#-T_Zn;^^
#!encrypt#!71#!N%Tip^?\=p?#I#'E9^#/ 'sWDQ$v5~g#N@!itipgDxT[ISgr`!#ub5} @^:t,qg3@tTZw|
#!encrypt#!75#!~aH]8Vol]!T+`yw>HEp]{oHx:t/V,[1c,w8iwp(%ZcbuI-`@ON_Z>Ys-~cSV<Rgr>l40nu]Q)^
#!encrypt#!1#!
#!encrypt#!24#!N%Ti<^6\+j81{o%/`r<%5>6
#!encrypt#!27#!

M*OZn:P\Yp>E.s,p#+p]p-6V
#!encrypt#!4#!N%Ti#!encrypt#!6#!+GKuNC#!encrypt#!3#!NTT#!encrypt#!12#!@qFqqNld\Ai/#!encrypt#!6#!NamPBC#!encrypt#!7#!NMoOJmJ#!encrypt#!17#!N+qkK%o#xjYeGaXAt#!encrypt#!9#!N+M\$dA0%#!encrypt#!1#!
#!encrypt#!73#!-T_Zn;^^D!LZY3<L&!d:LC&{ct:REUm#-T_Zn;^^D!LZY3<L&!d:LC&{ct:REUm#-T_Zn;^^
#!encrypt#!71#!N%Tip^?\=p?#I#'E9^#/>7ULIQ$v5~g#N(!itipgDxT[ISgr`!#ub5} @^:t,qg3@tTZw|
#!encrypt#!75#!~aH]8Vol]!T+`yw>HEp]{oHx:t/V,[1c,w8iwp(%ZcbuI-`@ON_Z>Ys-~cSV<Rgr>l40nu]Q)^
#!encrypt#!1#!
#!encrypt#!27#!

M*OZn:P\Yp>E.s,p#+ptp-6V
#!encrypt#!4#!N%Ti#!encrypt#!6#!+ItcBI#!encrypt#!3#!NTT#!encrypt#!11#!@qFqqojsF>*#!encrypt#!7#!NM8& eh#!encrypt#!11#!N+y#TKB\U;b#!encrypt#!6#!N;2&rC#!encrypt#!1#!
#!encrypt#!73#!-T_Zn;^^D!LZY3<L&!d:LC&{ct:REUm#-T_Zn;^^D!LZY3<L&!d:LC&{ct:REUm#-T_Zn;^^
#!encrypt#!71#!N%Tip^?\=p?#I#'E9^#/,ks#DQ$v5~g#N@!itipgDxT[ISgr`!#ub5} @^:t,qg3@tTZw|
#!encrypt#!75#!~aH]8Vol]!T+`yw>HEp]{oHx:t/V,[1c,w8iwp(%ZcbuI-`@ON_Z>Ys-~cSV<Rgr>l40nu]Q)^
#!encrypt#!1#!
#!encrypt#!24#!N%Ti<^6\+j81{o%/`r|u$<k
#!encrypt#!27#!

M*OZn:P\Yp>E.s,p#+pep-6V
#!encrypt#!4#!N%Ti#!encrypt#!6#!+Eb7 0#!encrypt#!3#!NTT#!encrypt#!16#!)(>q64%AP.?#}c\*#!encrypt#!6#!NamPBC#!encrypt#!7#!NM&nJCJ#!encrypt#!1#!
#!encrypt#!73#!-T_Zn;^^D!LZY3<L&!d:LC&{ct:REUm#-T_Zn;^^D!LZY3<L&!d:LC&{ct:REUm#-T_Zn;^^
#!encrypt#!71#!N%Tip^?\=p?#I#'E9^#/#'6M6Q$v5~g#N@!itipgDxT[ISgr`!#ub5} @^:t,qg3@tTZw|
#!encrypt#!75#!~aH]8Vol]!T+`yw>HEp]{oHx:t/V,[1c,w8iwp(%ZcbuI-`@ON_Z>Ys-~cSV<Rgr>l40nu]Q)^
#!encrypt#!1#!
#!encrypt#!24#!N%Ti<^6\+j81{o%/`r<+5pU
#!encrypt#!27#!

M*OZn:P\Yp>E.s,p#+p>p-6V
#!encrypt#!4#!N%Ti#!encrypt#!8#!qoYnqdM]#!encrypt#!3#!NTT#!encrypt#!16#!)(>q64%AP.?#}c\*#!encrypt#!7#!NMoOJmJ#!encrypt#!7#!NMbONI)#!encrypt#!2#!N+#!encrypt#!4#!QSTn#!encrypt#!1#!
#!encrypt#!73#!-T_Zn;^^D!LZY3<L&!d:LC&{ct:REUm#-T_Zn;^^D!LZY3<L&!d:LC&{ct:REUm#-T_Zn;^^
#!encrypt#!73#!N%Tip^?\=p?#I#'E9^#4;Hh`('<N>Ct:NTT!WVIs9xLp`Hxbe1#:{7N$FL0tE4YAN-}zw;%W
#!encrypt#!75#!~aH]8Vol]!T+`yw>HEp]{oHx:t/V,[1c,w8iwp(%ZcbuI-`@ON_Z>Ys-~cSV<Rgr>l40nu]Q)^
#!encrypt#!1#!
#!encrypt#!24#!N%Ti<^6\+j81{o%/`rB#5]U
#!encrypt#!24#!N%Ti<^6\+j81{o%/`r)#cc0
#!encrypt#!27#!

M*OZn:P\Yp>E.s,p#+pcp-6V
#!encrypt#!4#!N%Ti#!encrypt#!6#!+Y8%Q`#!encrypt#!3#!NTT#!encrypt#!5#!{tF`G#!encrypt#!7#!NamPqw*#!encrypt#!2#!N+#!encrypt#!9#! #`fw|%U(#!encrypt#!5#!N+mk$#!encrypt#!1#!
#!encrypt#!73#!-T_Zn;^^D!LZY3<L&!d:LC&{ct:REUm#-T_Zn;^^D!LZY3<L&!d:LC&{ct:REUm#-T_Zn;^^
#!encrypt#!71#!N%Tip^?\=p?#I#'E9^#/a]$lXQ$v5~g#N(!itipgDxT[ISgr`!#ub5} @^:t,qg3@tTZw|
#!encrypt#!75#!~aH]8Vol]!T+`yw>HEp]{oHx:t/V,[1c,w8iwp(%ZcbuI-`@ON_Z>Ys-~cSV<Rgr>l40nu]Q)^
#!encrypt#!1#!
#!encrypt#!27#!

M*OZn:P\Yp>E.s,p#+#7p-6V
#!encrypt#!4#!N%Ti#!encrypt#!6#!+It&Qn#!encrypt#!3#!NTT#!encrypt#!11#!@qFqqojsF>*#!encrypt#!7#!NMI?|n]#!encrypt#!12#!N+M\$dA0%#mR#!encrypt#!4#!N;2R#!encrypt#!1#!
#!encrypt#!73#!-T_Zn;^^D!LZY3<L&!d:LC&{ct:REUm#-T_Zn;^^D!LZY3<L&!d:LC&{ct:REUm#-T_Zn;^^
#!encrypt#!71#!N%Tip^?\=p?#I#'E9^#/,k=lAQ$v5~g#N@!itipgDxT[ISgr`!#ub5} @^:t,qg3@tTZw|
#!encrypt#!75#!~aH]8Vol]!T+`yw>HEp]{oHx:t/V,[1c,w8iwp(%ZcbuI-`@ON_Z>Ys-~cSV<Rgr>l40nu]Q)^
#!encrypt#!1#!
#!encrypt#!24#!N%Ti<^6\+j81{o%/`ry- t$
#!encrypt#!27#!

M*OZn:P\Yp>E.s,p#+#pp-6V
#!encrypt#!4#!N%Ti#!encrypt#!6#!+YO&au#!encrypt#!3#!NTT#!encrypt#!3#!{t|#!encrypt#!7#!NM&nrn>#!encrypt#!6#!NamPB|#!encrypt#!1#!
#!encrypt#!73#!-T_Zn;^^D!LZY3<L&!d:LC&{ct:REUm#-T_Zn;^^D!LZY3<L&!d:LC&{ct:REUm#-T_Zn;^^
#!encrypt#!71#!N%Tip^?\=p?#I#'E9^#/a<=-;Q$v5~g#N@!itipgDxT[ISgr`!#ub5} @^:t,qg3@tTZw|
#!encrypt#!75#!~aH]8Vol]!T+`yw>HEp]{oHx:t/V,[1c,w8iwp(%ZcbuI-`@ON_Z>Ys-~cSV<Rgr>l40nu]Q)^
#!encrypt#!1#!
#!encrypt#!24#!N%Ti<^6\+j81{o%/`r<+?tg
#!encrypt#!27#!

M*OZn:P\Yp>E.s,p#+#kp-6V
#!encrypt#!4#!N%Ti#!encrypt#!6#!+EK& I#!encrypt#!3#!NTT#!encrypt#!12#!@qFqqNld\Ai/#!encrypt#!7#!NMI7rud#!encrypt#!9#!NamPqfGy%#!encrypt#!17#!N+qkK%o#xjYeGaXAt#!encrypt#!9#!N+M\$dA0%#!encrypt#!1#!
#!encrypt#!73#!-T_Zn;^^D!LZY3<L&!d:LC&{ct:REUm#-T_Zn;^^D!LZY3<L&!d:LC&{ct:REUm#-T_Zn;^^
#!encrypt#!71#!N%Tip^?\=p?#I#'E9^#/#7=MDQ$v5~g#N(!itipgDxT[ISgr`!#ub5} @^:t,qg3@tTZw|
#!encrypt#!75#!~aH]8Vol]!T+`yw>HEp]{oHx:t/V,[1c,w8iwp(%ZcbuI-`@ON_Z>Ys-~cSV<Rgr>l40nu]Q)^
#!encrypt#!1#!
#!encrypt#!24#!N%Ti<^6\+j81{o%/`ryt?kh
#!encrypt#!27#!

M*OZn:P\Yp>E.s,p#+#'p-6V
#!encrypt#!4#!N%Ti#!encrypt#!6#!+dbuLX#!encrypt#!3#!NTT#!encrypt#!11#!@qFqqojsF>*#!encrypt#!7#!NMb&rIJ#!encrypt#!12#!N+M\$dA0%#mR#!encrypt#!4#!NIKR#!encrypt#!1#!
#!encrypt#!73#!-T_Zn;^^D!LZY3<L&!d:LC&{ct:REUm#-T_Zn;^^D!LZY3<L&!d:LC&{ct:REUm#-T_Zn;^^
#!encrypt#!71#!N%Tip^?\=p?#I#'E9^#/c'UWyQ$v5~g#N@!itipgDxT[ISgr`!#ub5} @^:t,qg3@tTZw|
#!encrypt#!75#!~aH]8Vol]!T+`yw>HEp]{oHx:t/V,[1c,w8iwp(%ZcbuI-`@ON_Z>Ys-~cSV<Rgr>l40nu]Q)^
#!encrypt#!1#!
#!encrypt#!24#!N%Ti<^6\+j81{o%/`r)u?cU
#!encrypt#!27#!

M*OZn:P\Yp>E.s,p#+#<p-6V
#!encrypt#!4#!N%Ti#!encrypt#!7#!qoY.#PB#!encrypt#!3#!NTT#!encrypt#!3#!{t|#!encrypt#!7#!NMOO m<#!encrypt#!9#!NamPqfGy%#!encrypt#!1#!
#!encrypt#!73#!-T_Zn;^^D!LZY3<L&!d:LC&{ct:REUm#-T_Zn;^^D!LZY3<L&!d:LC&{ct:REUm#-T_Zn;^^
#!encrypt#!72#!N%Tip^?\=p?#I#'E9^#4;HQRGHytTA>r-%:)w1YLg!8 5u@4x-d]?#7_#W$R>[)rS( inVK
#!encrypt#!75#!~aH]8Vol]!T+`yw>HEp]{oHx:t/V,[1c,w8iwp(%ZcbuI-`@ON_Z>Ys-~cSV<Rgr>l40nu]Q)^
#!encrypt#!1#!
#!encrypt#!24#!N%Ti<^6\+j81{o%/`r?#$]s
#!encrypt#!26#!N%Ti<^6\+j81{o%/`XcLrO/N2
#!encrypt#!27#!

M*OZn:P\Yp>E.s,p#+#]p-6V
#!encrypt#!4#!N%Ti#!encrypt#!10#!uamPqd_\_S#!encrypt#!3#!NTT#!encrypt#!15#!)(>q64%A%.a1z1%#!encrypt#!7#!NXy#<=7#!encrypt#!6#!NamPB|#!encrypt#!1#!
#!encrypt#!73#!-T_Zn;^^D!LZY3<L&!d:LC&{ct:REUm#-T_Zn;^^D!LZY3<L&!d:LC&{ct:REUm#-T_Zn;^^
#!encrypt#!75#!N%Tip^?\=p?#I#'E9^#{Fni`(P+L%qg,\@TZwi;g;4gpYu~1`Iuc{C7y]^-e94mr!|TaGJ%^g 
#!encrypt#!75#!~aH]8Vol]!T+`yw>HEp]{oHx:t/V,[1c,w8iwp(%ZcbuI-`@ON_Z>Ys-~cSV<Rgr>l40nu]Q)^
#!encrypt#!1#!
#!encrypt#!27#!

M*OZn:P\Yp>E.s,p#+#tp-6V
#!encrypt#!4#!N%Ti#!encrypt#!6#!t([J6o#!encrypt#!2#!N~#!encrypt#!1#!A#!encrypt#!9#!NDO?ZC7 +#!encrypt#!1#!/#!encrypt#!8#!NXm"`dh #!encrypt#!2#!Nn#!encrypt#!2#!NV#!encrypt#!2#!Nq#!encrypt#!1#!/#!encrypt#!7#!N+Hk<^6#!encrypt#!9#!NDO?ZC7 +#!encrypt#!2#!N*#!encrypt#!8#!No4;$KD\#!encrypt#!1#!l#!encrypt#!10#!N{M~x=o@_.#!encrypt#!1#!A#!encrypt#!2#!N&#!encrypt#!1#!/#!encrypt#!11#!NoY_7?_[Z.Y#!encrypt#!1#!A#!encrypt#!2#!NV#!encrypt#!1#!/#!encrypt#!11#!NoY_7?_[Z.Y#!encrypt#!1#!A#!encrypt#!2#!Nq#!encrypt#!1#!/#!encrypt#!11#!N{J\?d*>1/,#!encrypt#!1#!A#!encrypt#!2#!Nj#!encrypt#!1#!/#!encrypt#!3#!N_
#!encrypt#!2#!		#!encrypt#!8#!iaYf3V^g#!encrypt#!1#!A#!encrypt#!8#!>le_&=o@#!encrypt#!10#!AXm"`dh Ox#!encrypt#!11#!?)y+7=o@_.U#!encrypt#!3#!NvT#!encrypt#!1#!p#!encrypt#!1#!/#!encrypt#!1#!
#!encrypt#!2#!		#!encrypt#!4#!i%_i#!encrypt#!5#!iaYf3#!encrypt#!1#!
#!encrypt#!2#!		#!encrypt#!5#!yATZw#!encrypt#!5#!iaYf3#!encrypt#!1#!
#!encrypt#!2#!		#!encrypt#!4#! %_i#!encrypt#!1#!A#!encrypt#!4#!o3fp#!encrypt#!9#!AXm"`dh <#!encrypt#!3#!NvT#!encrypt#!5#!iaYf3#!encrypt#!1#!/#!encrypt#!1#!
#!encrypt#!2#!		#!encrypt#!5#!o)TZw#!encrypt#!4#!o3fp#!encrypt#!3#!Aq/#!encrypt#!1#!
#!encrypt#!2#!		#!encrypt#!5#!oBTZw#!encrypt#!4#!o3fp#!encrypt#!3#!AV/#!encrypt#!1#!
#!encrypt#!2#!		#!encrypt#!5#!>)TZw#!encrypt#!5#!>le_&#!encrypt#!3#!Aq/#!encrypt#!1#!
#!encrypt#!2#!		#!encrypt#!5#!>BTZw#!encrypt#!5#!>le_&#!encrypt#!3#!AV/#!encrypt#!1#!
#!encrypt#!2#!		#!encrypt#!4#!C%_i#!encrypt#!7#!Qoq./^o#!encrypt#!10#!Ao4;$KD\Ox#!encrypt#!9#!p7K&r|KW<#!encrypt#!1#!
#!encrypt#!2#!		#!encrypt#!5#!CATZw#!encrypt#!3#!)HL#!encrypt#!1#!A#!encrypt#!1#!C#!encrypt#!4#!NePi#!encrypt#!1#!i#!encrypt#!1#!/#!encrypt#!1#!
#!encrypt#!2#!		#!encrypt#!5#!COTZw#!encrypt#!3#!)HL#!encrypt#!1#!A#!encrypt#!1#!A#!encrypt#!1#!C#!encrypt#!4#!NePi#!encrypt#!1#!o#!encrypt#!1#!/#!encrypt#!3#!NiT#!encrypt#!1#!A#!encrypt#!1#!A#!encrypt#!1#!C#!encrypt#!4#!NePi#!encrypt#!1#!i#!encrypt#!1#!/#!encrypt#!3#!NvT#!encrypt#!2#!CA#!encrypt#!1#!/#!encrypt#!1#!/#!encrypt#!1#!
#!encrypt#!2#!		#!encrypt#!5#!C}TZw#!encrypt#!3#!)HL#!encrypt#!1#!A#!encrypt#!1#!A#!encrypt#!1#!C#!encrypt#!4#!NePi#!encrypt#!1#!4#!encrypt#!1#!/#!encrypt#!3#!NiT#!encrypt#!1#!A#!encrypt#!1#!A#!encrypt#!1#!C#!encrypt#!4#!NePi#!encrypt#!1#!i#!encrypt#!1#!/#!encrypt#!3#!NvT#!encrypt#!2#!CA#!encrypt#!1#!/#!encrypt#!1#!/#!encrypt#!1#!
#!encrypt#!2#!		#!encrypt#!6#!Cc,inV#!encrypt#!7#!Qoq.(^+#!encrypt#!10#!AXm"`dh Ox#!encrypt#!12#!>BpXT~+F+j>p#!encrypt#!3#!)|T#!encrypt#!9#!07K&r|KW<#!encrypt#!1#!
#!encrypt#!2#!		#!encrypt#!6#!CcginV#!encrypt#!7#!Qoq.(P+#!encrypt#!10#!AXm"`dh Ox#!encrypt#!12#!>BpXT~+F+j>p#!encrypt#!3#!)|T#!encrypt#!9#!07K&r|KW<#!encrypt#!1#!
#!encrypt#!2#!		#!encrypt#!6#!Cc4inV#!encrypt#!59#!~ZD.eURf@rg6lC'An"M2V0N$TN#KK1iK.lY\#^@jgJaT5uZl{&#qb54v0cp#!encrypt#!1#!
#!encrypt#!2#!		#!encrypt#!6#!Cc0inV#!encrypt#!59#!~ZD.eURf@rg6lC'An"M2E0N$TN#KK1iK.lY\#^@jgJaT5uZl{&#qb54v0cp#!encrypt#!1#!
#!encrypt#!2#!		#!encrypt#!6#!CcqinV#!encrypt#!59#!~ZD.eURf@rg6lC'An"M2^0N$TN#KK1iK.lY\#^@jgJaT5uZl{&#qb54v0cp#!encrypt#!1#!
#!encrypt#!3#!	9
#!encrypt#!1#!
#!encrypt#!4#!N%Ti#!encrypt#!6#!t([J6o#!encrypt#!2#!N~#!encrypt#!1#!A#!encrypt#!9#!NDO?ZCa +#!encrypt#!1#!/#!encrypt#!12#!NXm"`dh UhVe#!encrypt#!2#!Nn#!encrypt#!2#!NV#!encrypt#!2#!Nq#!encrypt#!1#!/#!encrypt#!7#!N+Hk<^6#!encrypt#!9#!NDO?ZCa +#!encrypt#!2#!N*#!encrypt#!8#!No4;$KD\#!encrypt#!1#!l#!encrypt#!10#!N{M~x=o@_.#!encrypt#!1#!A#!encrypt#!2#!N&#!encrypt#!1#!/#!encrypt#!11#!NoY_7?_[Z.Y#!encrypt#!1#!A#!encrypt#!2#!NV#!encrypt#!1#!/#!encrypt#!11#!NoY_7?_[Z.Y#!encrypt#!1#!A#!encrypt#!2#!Nq#!encrypt#!1#!/#!encrypt#!11#!N{J\?d*>1/,#!encrypt#!1#!A#!encrypt#!2#!Nj#!encrypt#!1#!/#!encrypt#!3#!N_
#!encrypt#!2#!		#!encrypt#!8#!iaYf3V^g#!encrypt#!1#!A#!encrypt#!8#!>le_&=o@#!encrypt#!14#!AXm"`dh UhVe5u#!encrypt#!11#!?)y+7=o@_.U#!encrypt#!3#!NvT#!encrypt#!1#!p#!encrypt#!1#!/#!encrypt#!1#!
#!encrypt#!2#!		#!encrypt#!4#!i%_i#!encrypt#!5#!iaYf3#!encrypt#!1#!
#!encrypt#!2#!		#!encrypt#!5#!yATZw#!encrypt#!5#!iaYf3#!encrypt#!1#!
#!encrypt#!2#!		#!encrypt#!4#! %_i#!encrypt#!1#!A#!encrypt#!4#!o3fp#!encrypt#!13#!AXm"`dh UhVeC#!encrypt#!3#!NvT#!encrypt#!5#!iaYf3#!encrypt#!1#!/#!encrypt#!1#!
#!encrypt#!2#!		#!encrypt#!5#!o)TZw#!encrypt#!4#!o3fp#!encrypt#!3#!Aq/#!encrypt#!1#!
#!encrypt#!2#!		#!encrypt#!5#!oBTZw#!encrypt#!4#!o3fp#!encrypt#!3#!AV/#!encrypt#!1#!
#!encrypt#!2#!		#!encrypt#!5#!>)TZw#!encrypt#!5#!>le_&#!encrypt#!3#!Aq/#!encrypt#!1#!
#!encrypt#!2#!		#!encrypt#!5#!>BTZw#!encrypt#!5#!>le_&#!encrypt#!3#!AV/#!encrypt#!1#!
#!encrypt#!2#!		#!encrypt#!4#!C%_i#!encrypt#!7#!Qoq./^o#!encrypt#!10#!Ao4;$KD\Ox#!encrypt#!9#!p7K&r|KW<#!encrypt#!1#!
#!encrypt#!2#!		#!encrypt#!5#!CATZw#!encrypt#!3#!)HL#!encrypt#!1#!A#!encrypt#!1#!C#!encrypt#!4#!NePi#!encrypt#!1#!i#!encrypt#!1#!/#!encrypt#!1#!
#!encrypt#!2#!		#!encrypt#!5#!COTZw#!encrypt#!3#!)HL#!encrypt#!1#!A#!encrypt#!1#!A#!encrypt#!1#!C#!encrypt#!4#!NePi#!encrypt#!1#!o#!encrypt#!1#!/#!encrypt#!3#!NiT#!encrypt#!1#!A#!encrypt#!1#!A#!encrypt#!1#!C#!encrypt#!4#!NePi#!encrypt#!1#!i#!encrypt#!1#!/#!encrypt#!3#!NvT#!encrypt#!2#!CA#!encrypt#!1#!/#!encrypt#!1#!/#!encrypt#!1#!
#!encrypt#!2#!		#!encrypt#!5#!C}TZw#!encrypt#!3#!)HL#!encrypt#!1#!A#!encrypt#!1#!A#!encrypt#!1#!C#!encrypt#!4#!NePi#!encrypt#!1#!4#!encrypt#!1#!/#!encrypt#!3#!NiT#!encrypt#!1#!A#!encrypt#!1#!A#!encrypt#!1#!C#!encrypt#!4#!NePi#!encrypt#!1#!i#!encrypt#!1#!/#!encrypt#!3#!NvT#!encrypt#!2#!CA#!encrypt#!1#!/#!encrypt#!1#!/#!encrypt#!1#!
#!encrypt#!2#!		#!encrypt#!6#!Cc,inV#!encrypt#!7#!Qoq.(^+#!encrypt#!14#!AXm"`dh UhVe5u#!encrypt#!12#!>BpXT~+F+j>p#!encrypt#!3#!)|T#!encrypt#!9#!07K&r|KW<#!encrypt#!1#!
#!encrypt#!2#!		#!encrypt#!6#!CcginV#!encrypt#!7#!Qoq.(P+#!encrypt#!14#!AXm"`dh UhVe5u#!encrypt#!12#!>BpXT~+F+j>p#!encrypt#!3#!)|T#!encrypt#!9#!07K&r|KW<#!encrypt#!1#!
#!encrypt#!2#!		#!encrypt#!6#!Cc4inV#!encrypt#!59#!~ZD.eURf@rg6lC'An"M2V0N$TN#KK1iK.lY\#^@jgJaT5uZl{&#qb54v0cp#!encrypt#!1#!
#!encrypt#!2#!		#!encrypt#!6#!Cc0inV#!encrypt#!59#!~ZD.eURf@rg6lC'An"M2E0N$TN#KK1iK.lY\#^@jgJaT5uZl{&#qb54v0cp#!encrypt#!1#!
#!encrypt#!2#!		#!encrypt#!6#!CcqinV#!encrypt#!59#!~ZD.eURf@rg6lC'An"M2^0N$TN#KK1iK.lY\#^@jgJaT5uZl{&#qb54v0cp#!encrypt#!1#!
#!encrypt#!3#!	9
#!encrypt#!1#!
#!encrypt#!4#!N%Ti#!encrypt#!6#!t([J6o#!encrypt#!2#!N~#!encrypt#!1#!A#!encrypt#!9#!NDO?ZC6 +#!encrypt#!1#!/#!encrypt#!12#!NXm"`dh U_Ve#!encrypt#!2#!Nn#!encrypt#!2#!NV#!encrypt#!2#!Nq#!encrypt#!1#!/#!encrypt#!7#!N+Hk<^6#!encrypt#!9#!NDO?ZC6 +#!encrypt#!2#!N*#!encrypt#!8#!No4;$KD\#!encrypt#!1#!l#!encrypt#!10#!N{M~x=o@_.#!encrypt#!1#!A#!encrypt#!2#!N&#!encrypt#!1#!/#!encrypt#!11#!NoY_7?_[Z.Y#!encrypt#!1#!A#!encrypt#!2#!NV#!encrypt#!1#!/#!encrypt#!11#!NoY_7?_[Z.Y#!encrypt#!1#!A#!encrypt#!2#!Nq#!encrypt#!1#!/#!encrypt#!11#!N{J\?d*>1/,#!encrypt#!1#!A#!encrypt#!2#!Nj#!encrypt#!1#!/#!encrypt#!3#!N_
#!encrypt#!2#!		#!encrypt#!8#!iaYf3V^g#!encrypt#!1#!A#!encrypt#!8#!>le_&=o@#!encrypt#!14#!AXm"`dh U_Ve5u#!encrypt#!11#!?)y+7=o@_.U#!encrypt#!3#!NvT#!encrypt#!1#!p#!encrypt#!1#!/#!encrypt#!1#!
#!encrypt#!2#!		#!encrypt#!4#!i%_i#!encrypt#!5#!iaYf3#!encrypt#!1#!
#!encrypt#!2#!		#!encrypt#!5#!yATZw#!encrypt#!5#!iaYf3#!encrypt#!1#!
#!encrypt#!2#!		#!encrypt#!4#! %_i#!encrypt#!1#!A#!encrypt#!4#!o3fp#!encrypt#!13#!AXm"`dh U_VeC#!encrypt#!3#!NvT#!encrypt#!5#!iaYf3#!encrypt#!1#!/#!encrypt#!1#!
#!encrypt#!2#!		#!encrypt#!5#!o)TZw#!encrypt#!4#!o3fp#!encrypt#!3#!Aq/#!encrypt#!1#!
#!encrypt#!2#!		#!encrypt#!5#!oBTZw#!encrypt#!4#!o3fp#!encrypt#!3#!AV/#!encrypt#!1#!
#!encrypt#!2#!		#!encrypt#!5#!>)TZw#!encrypt#!5#!>le_&#!encrypt#!3#!Aq/#!encrypt#!1#!
#!encrypt#!2#!		#!encrypt#!5#!>BTZw#!encrypt#!5#!>le_&#!encrypt#!3#!AV/#!encrypt#!1#!
#!encrypt#!2#!		#!encrypt#!4#!C%_i#!encrypt#!7#!Qoq./^o#!encrypt#!10#!Ao4;$KD\Ox#!encrypt#!9#!p7K&r|KW<#!encrypt#!1#!
#!encrypt#!2#!		#!encrypt#!5#!CATZw#!encrypt#!3#!)HL#!encrypt#!1#!A#!encrypt#!1#!C#!encrypt#!4#!NePi#!encrypt#!1#!i#!encrypt#!1#!/#!encrypt#!1#!
#!encrypt#!2#!		#!encrypt#!5#!COTZw#!encrypt#!3#!)HL#!encrypt#!1#!A#!encrypt#!1#!A#!encrypt#!1#!C#!encrypt#!4#!NePi#!encrypt#!1#!o#!encrypt#!1#!/#!encrypt#!3#!NiT#!encrypt#!1#!A#!encrypt#!1#!A#!encrypt#!1#!C#!encrypt#!4#!NePi#!encrypt#!1#!i#!encrypt#!1#!/#!encrypt#!3#!NvT#!encrypt#!2#!CA#!encrypt#!1#!/#!encrypt#!1#!/#!encrypt#!1#!
#!encrypt#!2#!		#!encrypt#!5#!C}TZw#!encrypt#!3#!)HL#!encrypt#!1#!A#!encrypt#!1#!A#!encrypt#!1#!C#!encrypt#!4#!NePi#!encrypt#!1#!4#!encrypt#!1#!/#!encrypt#!3#!NiT#!encrypt#!1#!A#!encrypt#!1#!A#!encrypt#!1#!C#!encrypt#!4#!NePi#!encrypt#!1#!i#!encrypt#!1#!/#!encrypt#!3#!NvT#!encrypt#!2#!CA#!encrypt#!1#!/#!encrypt#!1#!/#!encrypt#!1#!
#!encrypt#!2#!		#!encrypt#!6#!Cc,inV#!encrypt#!7#!Qoq.(^+#!encrypt#!14#!AXm"`dh U_Ve5u#!encrypt#!12#!>BpXT~+F+j>p#!encrypt#!3#!)|T#!encrypt#!9#!07K&r|KW<#!encrypt#!1#!
#!encrypt#!2#!		#!encrypt#!6#!CcginV#!encrypt#!7#!Qoq.(P+#!encrypt#!14#!AXm"`dh U_Ve5u#!encrypt#!12#!>BpXT~+F+j>p#!encrypt#!3#!)|T#!encrypt#!9#!07K&r|KW<#!encrypt#!1#!
#!encrypt#!2#!		#!encrypt#!6#!Cc4inV#!encrypt#!59#!~ZD.eURf@rg6lC'An"M2V0N$TN#KK1iK.lY\#^@jgJaT5uZl{&#qb54v0cp#!encrypt#!1#!
#!encrypt#!2#!		#!encrypt#!6#!Cc0inV#!encrypt#!59#!~ZD.eURf@rg6lC'An"M2E0N$TN#KK1iK.lY\#^@jgJaT5uZl{&#qb54v0cp#!encrypt#!1#!
#!encrypt#!2#!		#!encrypt#!6#!CcqinV#!encrypt#!59#!~ZD.eURf@rg6lC'An"M2^0N$TN#KK1iK.lY\#^@jgJaT5uZl{&#qb54v0cp#!encrypt#!1#!
#!encrypt#!3#!	9
#!encrypt#!1#!
#!encrypt#!4#!N%Ti#!encrypt#!6#!t([J6o#!encrypt#!2#!N~#!encrypt#!1#!A#!encrypt#!9#!NDO?ZC? +#!encrypt#!1#!/#!encrypt#!16#!NXm"`d_]J#Yn9<y #!encrypt#!2#!Nn#!encrypt#!2#!NV#!encrypt#!2#!Nq#!encrypt#!1#!/#!encrypt#!7#!N+Hk<^6#!encrypt#!9#!NDO?ZC? +#!encrypt#!2#!N*#!encrypt#!8#!No4;$KD\#!encrypt#!1#!l#!encrypt#!10#!N{M~x=o@_.#!encrypt#!1#!A#!encrypt#!2#!N&#!encrypt#!1#!/#!encrypt#!11#!NoY_7?_[Z.Y#!encrypt#!1#!A#!encrypt#!2#!NV#!encrypt#!1#!/#!encrypt#!11#!NoY_7?_[Z.Y#!encrypt#!1#!A#!encrypt#!2#!Nq#!encrypt#!1#!/#!encrypt#!11#!N{J\?d*>1/,#!encrypt#!1#!A#!encrypt#!2#!Nj#!encrypt#!1#!/#!encrypt#!3#!N_
#!encrypt#!2#!		#!encrypt#!8#!iaYf3V^g#!encrypt#!1#!A#!encrypt#!8#!>le_&=o@#!encrypt#!18#!AXm"`d_]J#Yn9<y 4-#!encrypt#!11#!?)y+7=o@_.U#!encrypt#!3#!NvT#!encrypt#!1#!p#!encrypt#!1#!/#!encrypt#!1#!
#!encrypt#!2#!		#!encrypt#!4#!i%_i#!encrypt#!5#!iaYf3#!encrypt#!1#!
#!encrypt#!2#!		#!encrypt#!5#!yATZw#!encrypt#!5#!iaYf3#!encrypt#!1#!
#!encrypt#!2#!		#!encrypt#!4#! %_i#!encrypt#!1#!A#!encrypt#!4#!o3fp#!encrypt#!17#!AXm"`d_]J#Yn9<y 8#!encrypt#!3#!NvT#!encrypt#!5#!iaYf3#!encrypt#!1#!/#!encrypt#!1#!
#!encrypt#!2#!		#!encrypt#!5#!o)TZw#!encrypt#!4#!o3fp#!encrypt#!3#!Aq/#!encrypt#!1#!
#!encrypt#!2#!		#!encrypt#!5#!oBTZw#!encrypt#!4#!o3fp#!encrypt#!3#!AV/#!encrypt#!1#!
#!encrypt#!2#!		#!encrypt#!5#!>)TZw#!encrypt#!5#!>le_&#!encrypt#!3#!Aq/#!encrypt#!1#!
#!encrypt#!2#!		#!encrypt#!5#!>BTZw#!encrypt#!5#!>le_&#!encrypt#!3#!AV/#!encrypt#!1#!
#!encrypt#!2#!		#!encrypt#!4#!C%_i#!encrypt#!7#!Qoq./^o#!encrypt#!10#!Ao4;$KD\Ox#!encrypt#!9#!p7K&r|KW<#!encrypt#!1#!
#!encrypt#!2#!		#!encrypt#!5#!CATZw#!encrypt#!3#!)HL#!encrypt#!1#!A#!encrypt#!1#!C#!encrypt#!4#!NePi#!encrypt#!1#!i#!encrypt#!1#!/#!encrypt#!1#!
#!encrypt#!2#!		#!encrypt#!5#!COTZw#!encrypt#!3#!)HL#!encrypt#!1#!A#!encrypt#!1#!A#!encrypt#!1#!C#!encrypt#!4#!NePi#!encrypt#!1#!o#!encrypt#!1#!/#!encrypt#!3#!NiT#!encrypt#!1#!A#!encrypt#!1#!A#!encrypt#!1#!C#!encrypt#!4#!NePi#!encrypt#!1#!i#!encrypt#!1#!/#!encrypt#!3#!NvT#!encrypt#!2#!CA#!encrypt#!1#!/#!encrypt#!1#!/#!encrypt#!1#!
#!encrypt#!2#!		#!encrypt#!5#!C}TZw#!encrypt#!3#!)HL#!encrypt#!1#!A#!encrypt#!1#!A#!encrypt#!1#!C#!encrypt#!4#!NePi#!encrypt#!1#!4#!encrypt#!1#!/#!encrypt#!3#!NiT#!encrypt#!1#!A#!encrypt#!1#!A#!encrypt#!1#!C#!encrypt#!4#!NePi#!encrypt#!1#!i#!encrypt#!1#!/#!encrypt#!3#!NvT#!encrypt#!2#!CA#!encrypt#!1#!/#!encrypt#!1#!/#!encrypt#!1#!
#!encrypt#!2#!		#!encrypt#!6#!Cc,inV#!encrypt#!7#!Qoq.(^+#!encrypt#!18#!AXm"`d_]J#Yn9<y 4-#!encrypt#!12#!>BpXT~+F+j>p#!encrypt#!3#!)|T#!encrypt#!9#!07K&r|KW<#!encrypt#!1#!
#!encrypt#!2#!		#!encrypt#!6#!CcginV#!encrypt#!7#!Qoq.(P+#!encrypt#!18#!AXm"`d_]J#Yn9<y 4-#!encrypt#!12#!>BpXT~+F+j>p#!encrypt#!3#!)|T#!encrypt#!9#!07K&r|KW<#!encrypt#!1#!
#!encrypt#!2#!		#!encrypt#!6#!Cc4inV#!encrypt#!59#!~ZD.eURf@rg6lC'An"M2V0N$TN#KK1iK.lY\#^@jgJaT5uZl{&#qb54v0cp#!encrypt#!1#!
#!encrypt#!2#!		#!encrypt#!6#!Cc0inV#!encrypt#!59#!~ZD.eURf@rg6lC'An"M2E0N$TN#KK1iK.lY\#^@jgJaT5uZl{&#qb54v0cp#!encrypt#!1#!
#!encrypt#!2#!		#!encrypt#!6#!CcqinV#!encrypt#!59#!~ZD.eURf@rg6lC'An"M2^0N$TN#KK1iK.lY\#^@jgJaT5uZl{&#qb54v0cp#!encrypt#!1#!
#!encrypt#!3#!	9
#!encrypt#!1#!
#!encrypt#!4#!N%Ti#!encrypt#!6#!t([J6o#!encrypt#!2#!N~#!encrypt#!1#!A#!encrypt#!9#!NDO?Zu7 +#!encrypt#!1#!/#!encrypt#!9#!NXm"`d_<W#!encrypt#!2#!Nn#!encrypt#!2#!NV#!encrypt#!2#!Nq#!encrypt#!1#!/#!encrypt#!7#!N+Hk<^6#!encrypt#!9#!NDO?Zu7 +#!encrypt#!2#!N*#!encrypt#!8#!No4;$KD\#!encrypt#!1#!l#!encrypt#!10#!N{M~x=o@_.#!encrypt#!1#!A#!encrypt#!2#!N&#!encrypt#!1#!/#!encrypt#!11#!NoY_7?_[Z.Y#!encrypt#!1#!A#!encrypt#!2#!NV#!encrypt#!1#!/#!encrypt#!11#!NoY_7?_[Z.Y#!encrypt#!1#!A#!encrypt#!2#!Nq#!encrypt#!1#!/#!encrypt#!11#!N{J\?d*>1/,#!encrypt#!1#!A#!encrypt#!2#!Nj#!encrypt#!1#!/#!encrypt#!3#!N_
#!encrypt#!2#!		#!encrypt#!8#!iaYf3V^g#!encrypt#!1#!A#!encrypt#!8#!>le_&=o@#!encrypt#!11#!AXm"`d_<W,8#!encrypt#!11#!?)y+7=o@_.U#!encrypt#!3#!NvT#!encrypt#!1#!p#!encrypt#!1#!/#!encrypt#!1#!
#!encrypt#!2#!		#!encrypt#!4#!i%_i#!encrypt#!5#!iaYf3#!encrypt#!1#!
#!encrypt#!2#!		#!encrypt#!5#!yATZw#!encrypt#!5#!iaYf3#!encrypt#!1#!
#!encrypt#!2#!		#!encrypt#!4#! %_i#!encrypt#!1#!A#!encrypt#!4#!o3fp#!encrypt#!10#!AXm"`d_<WQ#!encrypt#!3#!NvT#!encrypt#!5#!iaYf3#!encrypt#!1#!/#!encrypt#!1#!
#!encrypt#!2#!		#!encrypt#!5#!o)TZw#!encrypt#!4#!o3fp#!encrypt#!3#!Aq/#!encrypt#!1#!
#!encrypt#!2#!		#!encrypt#!5#!oBTZw#!encrypt#!4#!o3fp#!encrypt#!3#!AV/#!encrypt#!1#!
#!encrypt#!2#!		#!encrypt#!5#!>)TZw#!encrypt#!5#!>le_&#!encrypt#!3#!Aq/#!encrypt#!1#!
#!encrypt#!2#!		#!encrypt#!5#!>BTZw#!encrypt#!5#!>le_&#!encrypt#!3#!AV/#!encrypt#!1#!
#!encrypt#!2#!		#!encrypt#!4#!C%_i#!encrypt#!7#!Qoq./^o#!encrypt#!10#!Ao4;$KD\Ox#!encrypt#!9#!p7K&r|KW<#!encrypt#!1#!
#!encrypt#!2#!		#!encrypt#!5#!CATZw#!encrypt#!3#!)HL#!encrypt#!1#!A#!encrypt#!1#!C#!encrypt#!4#!NePi#!encrypt#!1#!i#!encrypt#!1#!/#!encrypt#!1#!
#!encrypt#!2#!		#!encrypt#!5#!COTZw#!encrypt#!3#!)HL#!encrypt#!1#!A#!encrypt#!1#!A#!encrypt#!1#!C#!encrypt#!4#!NePi#!encrypt#!1#!o#!encrypt#!1#!/#!encrypt#!3#!NiT#!encrypt#!1#!A#!encrypt#!1#!A#!encrypt#!1#!C#!encrypt#!4#!NePi#!encrypt#!1#!i#!encrypt#!1#!/#!encrypt#!3#!NvT#!encrypt#!2#!CA#!encrypt#!1#!/#!encrypt#!1#!/#!encrypt#!1#!
#!encrypt#!2#!		#!encrypt#!5#!C}TZw#!encrypt#!3#!)HL#!encrypt#!1#!A#!encrypt#!1#!A#!encrypt#!1#!C#!encrypt#!4#!NePi#!encrypt#!1#!4#!encrypt#!1#!/#!encrypt#!3#!NiT#!encrypt#!1#!A#!encrypt#!1#!A#!encrypt#!1#!C#!encrypt#!4#!NePi#!encrypt#!1#!i#!encrypt#!1#!/#!encrypt#!3#!NvT#!encrypt#!2#!CA#!encrypt#!1#!/#!encrypt#!1#!/#!encrypt#!1#!
#!encrypt#!2#!		#!encrypt#!6#!Cc,inV#!encrypt#!7#!Qoq.(^+#!encrypt#!11#!AXm"`d_<W,8#!encrypt#!12#!>BpXT~+F+j>p#!encrypt#!3#!)|T#!encrypt#!9#!07K&r|KW<#!encrypt#!1#!
#!encrypt#!2#!		#!encrypt#!6#!CcginV#!encrypt#!7#!Qoq.(P+#!encrypt#!11#!AXm"`d_<W,8#!encrypt#!12#!>BpXT~+F+j>p#!encrypt#!3#!)|T#!encrypt#!9#!07K&r|KW<#!encrypt#!1#!
#!encrypt#!2#!		#!encrypt#!6#!Cc4inV#!encrypt#!59#!~ZD.eURf@rg6lC'An"M2V0N$TN#KK1iK.lY\#^@jgJaT5uZl{&#qb54v0cp#!encrypt#!1#!
#!encrypt#!2#!		#!encrypt#!6#!Cc0inV#!encrypt#!59#!~ZD.eURf@rg6lC'An"M2E0N$TN#KK1iK.lY\#^@jgJaT5uZl{&#qb54v0cp#!encrypt#!1#!
#!encrypt#!2#!		#!encrypt#!6#!CcqinV#!encrypt#!59#!~ZD.eURf@rg6lC'An"M2^0N$TN#KK1iK.lY\#^@jgJaT5uZl{&#qb54v0cp#!encrypt#!1#!
#!encrypt#!3#!	9
#!encrypt#!1#!
#!encrypt#!4#!N%Ti#!encrypt#!6#!t([J6o#!encrypt#!2#!N~#!encrypt#!1#!A#!encrypt#!9#!NDO?Zu? +#!encrypt#!1#!/#!encrypt#!16#!NXm"`d_<W#Yn9<y #!encrypt#!2#!Nn#!encrypt#!2#!NV#!encrypt#!2#!Nq#!encrypt#!1#!/#!encrypt#!7#!N+Hk<^6#!encrypt#!9#!NDO?Zu? +#!encrypt#!2#!N*#!encrypt#!8#!No4;$KD\#!encrypt#!1#!l#!encrypt#!10#!N{M~x=o@_.#!encrypt#!1#!A#!encrypt#!2#!N&#!encrypt#!1#!/#!encrypt#!11#!NoY_7?_[Z.Y#!encrypt#!1#!A#!encrypt#!2#!NV#!encrypt#!1#!/#!encrypt#!11#!NoY_7?_[Z.Y#!encrypt#!1#!A#!encrypt#!2#!Nq#!encrypt#!1#!/#!encrypt#!11#!N{J\?d*>1/,#!encrypt#!1#!A#!encrypt#!2#!Nj#!encrypt#!1#!/#!encrypt#!3#!N_
#!encrypt#!2#!		#!encrypt#!8#!iaYf3V^g#!encrypt#!1#!A#!encrypt#!8#!>le_&=o@#!encrypt#!18#!AXm"`d_<W#Yn9<y 4-#!encrypt#!11#!?)y+7=o@_.U#!encrypt#!3#!NvT#!encrypt#!1#!p#!encrypt#!1#!/#!encrypt#!1#!
#!encrypt#!2#!		#!encrypt#!4#!i%_i#!encrypt#!5#!iaYf3#!encrypt#!1#!
#!encrypt#!2#!		#!encrypt#!5#!yATZw#!encrypt#!5#!iaYf3#!encrypt#!1#!
#!encrypt#!2#!		#!encrypt#!4#! %_i#!encrypt#!1#!A#!encrypt#!4#!o3fp#!encrypt#!17#!AXm"`d_<W#Yn9<y 8#!encrypt#!3#!NvT#!encrypt#!5#!iaYf3#!encrypt#!1#!/#!encrypt#!1#!
#!encrypt#!2#!		#!encrypt#!5#!o)TZw#!encrypt#!4#!o3fp#!encrypt#!3#!Aq/#!encrypt#!1#!
#!encrypt#!2#!		#!encrypt#!5#!oBTZw#!encrypt#!4#!o3fp#!encrypt#!3#!AV/#!encrypt#!1#!
#!encrypt#!2#!		#!encrypt#!5#!>)TZw#!encrypt#!5#!>le_&#!encrypt#!3#!Aq/#!encrypt#!1#!
#!encrypt#!2#!		#!encrypt#!5#!>BTZw#!encrypt#!5#!>le_&#!encrypt#!3#!AV/#!encrypt#!1#!
#!encrypt#!2#!		#!encrypt#!4#!C%_i#!encrypt#!7#!Qoq./^o#!encrypt#!10#!Ao4;$KD\Ox#!encrypt#!9#!p7K&r|KW<#!encrypt#!1#!
#!encrypt#!2#!		#!encrypt#!5#!CATZw#!encrypt#!3#!)HL#!encrypt#!1#!A#!encrypt#!1#!C#!encrypt#!4#!NePi#!encrypt#!1#!i#!encrypt#!1#!/#!encrypt#!1#!
#!encrypt#!2#!		#!encrypt#!5#!COTZw#!encrypt#!3#!)HL#!encrypt#!1#!A#!encrypt#!1#!A#!encrypt#!1#!C#!encrypt#!4#!NePi#!encrypt#!1#!o#!encrypt#!1#!/#!encrypt#!3#!NiT#!encrypt#!1#!A#!encrypt#!1#!A#!encrypt#!1#!C#!encrypt#!4#!NePi#!encrypt#!1#!i#!encrypt#!1#!/#!encrypt#!3#!NvT#!encrypt#!2#!CA#!encrypt#!1#!/#!encrypt#!1#!/#!encrypt#!1#!
#!encrypt#!2#!		#!encrypt#!5#!C}TZw#!encrypt#!3#!)HL#!encrypt#!1#!A#!encrypt#!1#!A#!encrypt#!1#!C#!encrypt#!4#!NePi#!encrypt#!1#!4#!encrypt#!1#!/#!encrypt#!3#!NiT#!encrypt#!1#!A#!encrypt#!1#!A#!encrypt#!1#!C#!encrypt#!4#!NePi#!encrypt#!1#!i#!encrypt#!1#!/#!encrypt#!3#!NvT#!encrypt#!2#!CA#!encrypt#!1#!/#!encrypt#!1#!/#!encrypt#!1#!
#!encrypt#!2#!		#!encrypt#!6#!Cc,inV#!encrypt#!7#!Qoq.(^+#!encrypt#!18#!AXm"`d_<W#Yn9<y 4-#!encrypt#!12#!>BpXT~+F+j>p#!encrypt#!3#!)|T#!encrypt#!9#!07K&r|KW<#!encrypt#!1#!
#!encrypt#!2#!		#!encrypt#!6#!CcginV#!encrypt#!7#!Qoq.(P+#!encrypt#!18#!AXm"`d_<W#Yn9<y 4-#!encrypt#!12#!>BpXT~+F+j>p#!encrypt#!3#!)|T#!encrypt#!9#!07K&r|KW<#!encrypt#!1#!
#!encrypt#!2#!		#!encrypt#!6#!Cc4inV#!encrypt#!59#!~ZD.eURf@rg6lC'An"M2V0N$TN#KK1iK.lY\#^@jgJaT5uZl{&#qb54v0cp#!encrypt#!1#!
#!encrypt#!2#!		#!encrypt#!6#!Cc0inV#!encrypt#!59#!~ZD.eURf@rg6lC'An"M2E0N$TN#KK1iK.lY\#^@jgJaT5uZl{&#qb54v0cp#!encrypt#!1#!
#!encrypt#!2#!		#!encrypt#!6#!CcqinV#!encrypt#!59#!~ZD.eURf@rg6lC'An"M2^0N$TN#KK1iK.lY\#^@jgJaT5uZl{&#qb54v0cp#!encrypt#!1#!
#!encrypt#!3#!	9
#!encrypt#!1#!
#!encrypt#!4#!N%Ti#!encrypt#!6#!t([J6o#!encrypt#!2#!N~#!encrypt#!1#!A#!encrypt#!9#!NDO?Zwnl:#!encrypt#!1#!/#!encrypt#!11#!NXm"`doFyvV#!encrypt#!2#!Nn#!encrypt#!2#!NV#!encrypt#!2#!Nq#!encrypt#!1#!/#!encrypt#!7#!N+Hk<^6#!encrypt#!9#!NDO?Zwnl:#!encrypt#!10#!N{M~x=o@_.#!encrypt#!1#!A#!encrypt#!2#!N&#!encrypt#!1#!/#!encrypt#!11#!NoY_7?_[Z.Y#!encrypt#!1#!A#!encrypt#!2#!NV#!encrypt#!1#!/#!encrypt#!11#!NoY_7?_[Z.Y#!encrypt#!1#!A#!encrypt#!2#!Nq#!encrypt#!1#!/#!encrypt#!11#!N{J\?d*>1/,#!encrypt#!1#!A#!encrypt#!2#!Nj#!encrypt#!1#!/#!encrypt#!3#!N_
#!encrypt#!2#!		#!encrypt#!8#!iaYf3V^g#!encrypt#!1#!A#!encrypt#!8#!>le_&=o@#!encrypt#!13#!AXm"`doFyvV[I#!encrypt#!11#!?)y+7=o@_.U#!encrypt#!3#!NvT#!encrypt#!1#!p#!encrypt#!1#!/#!encrypt#!1#!
#!encrypt#!2#!		#!encrypt#!4#!i%_i#!encrypt#!5#!iaYf3#!encrypt#!1#!
#!encrypt#!2#!		#!encrypt#!5#!yATZw#!encrypt#!5#!iaYf3#!encrypt#!1#!
#!encrypt#!2#!		#!encrypt#!4#! %_i#!encrypt#!1#!A#!encrypt#!4#!o3fp#!encrypt#!12#!AXm"`doFyvVQ#!encrypt#!3#!NvT#!encrypt#!5#!iaYf3#!encrypt#!1#!/#!encrypt#!1#!
#!encrypt#!2#!		#!encrypt#!5#!o)TZw#!encrypt#!4#!o3fp#!encrypt#!3#!Aq/#!encrypt#!1#!
#!encrypt#!2#!		#!encrypt#!5#!oBTZw#!encrypt#!4#!o3fp#!encrypt#!3#!AV/#!encrypt#!1#!
#!encrypt#!2#!		#!encrypt#!5#!>)TZw#!encrypt#!5#!>le_&#!encrypt#!3#!Aq/#!encrypt#!1#!
#!encrypt#!2#!		#!encrypt#!5#!>BTZw#!encrypt#!5#!>le_&#!encrypt#!3#!AV/#!encrypt#!1#!
#!encrypt#!3#!	9
#!encrypt#!1#!
#!encrypt#!4#!N%Ti#!encrypt#!6#!t([J6o#!encrypt#!2#!N~#!encrypt#!1#!A#!encrypt#!9#!NDO?ZwnlJ#!encrypt#!1#!/#!encrypt#!11#!NXm"`doFyDV#!encrypt#!2#!Nn#!encrypt#!2#!NV#!encrypt#!2#!Nq#!encrypt#!1#!/#!encrypt#!7#!N+Hk<^6#!encrypt#!9#!NDO?ZwnlJ#!encrypt#!10#!N{M~x=o@_.#!encrypt#!1#!A#!encrypt#!2#!N&#!encrypt#!1#!/#!encrypt#!11#!NoY_7?_[Z.Y#!encrypt#!1#!A#!encrypt#!2#!NV#!encrypt#!1#!/#!encrypt#!11#!NoY_7?_[Z.Y#!encrypt#!1#!A#!encrypt#!2#!Nq#!encrypt#!1#!/#!encrypt#!11#!N{J\?d*>1/,#!encrypt#!1#!A#!encrypt#!2#!Nj#!encrypt#!1#!/#!encrypt#!3#!N_
#!encrypt#!2#!		#!encrypt#!8#!iaYf3V^g#!encrypt#!1#!A#!encrypt#!8#!>le_&=o@#!encrypt#!13#!AXm"`doFyDV[I#!encrypt#!11#!?)y+7=o@_.U#!encrypt#!3#!NvT#!encrypt#!1#!p#!encrypt#!1#!/#!encrypt#!1#!
#!encrypt#!2#!		#!encrypt#!4#!i%_i#!encrypt#!5#!iaYf3#!encrypt#!1#!
#!encrypt#!2#!		#!encrypt#!5#!yATZw#!encrypt#!5#!iaYf3#!encrypt#!1#!
#!encrypt#!2#!		#!encrypt#!4#! %_i#!encrypt#!1#!A#!encrypt#!4#!o3fp#!encrypt#!12#!AXm"`doFyDVQ#!encrypt#!3#!NvT#!encrypt#!5#!iaYf3#!encrypt#!1#!/#!encrypt#!1#!
#!encrypt#!2#!		#!encrypt#!5#!o)TZw#!encrypt#!4#!o3fp#!encrypt#!3#!Aq/#!encrypt#!1#!
#!encrypt#!2#!		#!encrypt#!5#!oBTZw#!encrypt#!4#!o3fp#!encrypt#!3#!AV/#!encrypt#!1#!
#!encrypt#!2#!		#!encrypt#!5#!>)TZw#!encrypt#!5#!>le_&#!encrypt#!3#!Aq/#!encrypt#!1#!
#!encrypt#!2#!		#!encrypt#!5#!>BTZw#!encrypt#!5#!>le_&#!encrypt#!3#!AV/#!encrypt#!1#!
#!encrypt#!3#!	9
#!encrypt#!1#!
#!encrypt#!4#!N%Ti#!encrypt#!6#!t([J6o#!encrypt#!2#!N~#!encrypt#!1#!A#!encrypt#!9#!NDO?(C7 +#!encrypt#!1#!/#!encrypt#!8#!NXh"`dh #!encrypt#!2#!Nn#!encrypt#!2#!NV#!encrypt#!2#!Nq#!encrypt#!1#!/#!encrypt#!7#!N+Hk<^6#!encrypt#!9#!NDO?(C7 +#!encrypt#!2#!N*#!encrypt#!8#!N{4;$KD\#!encrypt#!1#!l#!encrypt#!10#!N{M~x=o@_.#!encrypt#!1#!A#!encrypt#!2#!N&#!encrypt#!1#!/#!encrypt#!11#!N{Y_7?_[Z.Y#!encrypt#!1#!A#!encrypt#!2#!NV#!encrypt#!1#!/#!encrypt#!11#!N{Y_7?_[Z.Y#!encrypt#!1#!A#!encrypt#!2#!Nq#!encrypt#!1#!/#!encrypt#!11#!No<]2/_[Z.Y#!encrypt#!1#!A#!encrypt#!2#!Nj#!encrypt#!1#!/#!encrypt#!3#!N_
#!encrypt#!2#!		#!encrypt#!8#!iaYf3V^g#!encrypt#!1#!A#!encrypt#!8#!>le_&=o@#!encrypt#!10#!AXh"`dh Ox#!encrypt#!11#!>)y+7=o@_.U#!encrypt#!3#!NvT#!encrypt#!1#!p#!encrypt#!1#!/#!encrypt#!1#!
#!encrypt#!2#!		#!encrypt#!4#!i%_i#!encrypt#!5#!iaYf3#!encrypt#!1#!
#!encrypt#!2#!		#!encrypt#!5#!yATZw#!encrypt#!5#!iaYf3#!encrypt#!1#!
#!encrypt#!2#!		#!encrypt#!4#! %_i#!encrypt#!1#!A#!encrypt#!4#!o3fp#!encrypt#!9#!AXh"`dh <#!encrypt#!3#!NvT#!encrypt#!5#!iaYf3#!encrypt#!1#!/#!encrypt#!1#!
#!encrypt#!2#!		#!encrypt#!5#!o)TZw#!encrypt#!4#!o3fp#!encrypt#!3#!Aq/#!encrypt#!1#!
#!encrypt#!2#!		#!encrypt#!5#!oBTZw#!encrypt#!4#!o3fp#!encrypt#!3#!AV/#!encrypt#!1#!
#!encrypt#!2#!		#!encrypt#!5#!>)TZw#!encrypt#!5#!>le_&#!encrypt#!3#!Aq/#!encrypt#!1#!
#!encrypt#!2#!		#!encrypt#!5#!>BTZw#!encrypt#!5#!>le_&#!encrypt#!3#!AV/#!encrypt#!1#!
#!encrypt#!2#!		#!encrypt#!4#!C%_i#!encrypt#!7#!Qoq./^o#!encrypt#!10#!A{4;$KD\Ox#!encrypt#!9#!p7K&r|KW<#!encrypt#!1#!
#!encrypt#!2#!		#!encrypt#!5#!CATZw#!encrypt#!3#!)HL#!encrypt#!1#!A#!encrypt#!1#!C#!encrypt#!4#!NePi#!encrypt#!1#!i#!encrypt#!1#!/#!encrypt#!1#!
#!encrypt#!2#!		#!encrypt#!5#!COTZw#!encrypt#!3#!)HL#!encrypt#!1#!A#!encrypt#!1#!A#!encrypt#!1#!C#!encrypt#!4#!NePi#!encrypt#!1#!o#!encrypt#!1#!/#!encrypt#!3#!NiT#!encrypt#!1#!A#!encrypt#!1#!A#!encrypt#!1#!C#!encrypt#!4#!NePi#!encrypt#!1#!i#!encrypt#!1#!/#!encrypt#!3#!NvT#!encrypt#!2#!CA#!encrypt#!1#!/#!encrypt#!1#!/#!encrypt#!1#!
#!encrypt#!2#!		#!encrypt#!5#!C}TZw#!encrypt#!3#!)HL#!encrypt#!1#!A#!encrypt#!1#!A#!encrypt#!1#!C#!encrypt#!4#!NePi#!encrypt#!1#!4#!encrypt#!1#!/#!encrypt#!3#!NiT#!encrypt#!1#!A#!encrypt#!1#!A#!encrypt#!1#!C#!encrypt#!4#!NePi#!encrypt#!1#!i#!encrypt#!1#!/#!encrypt#!3#!NvT#!encrypt#!2#!CA#!encrypt#!1#!/#!encrypt#!1#!/#!encrypt#!1#!
#!encrypt#!2#!		#!encrypt#!6#!Cc,inV#!encrypt#!7#!Qoq.(^+#!encrypt#!10#!AXh"`dh Ox#!encrypt#!12#!?Af~2=o@_.>p#!encrypt#!3#!)|T#!encrypt#!9#!07K&r|KW<#!encrypt#!1#!
#!encrypt#!2#!		#!encrypt#!6#!CcginV#!encrypt#!7#!Qoq.(P+#!encrypt#!10#!AXh"`dh Ox#!encrypt#!12#!?Af~2=o@_.>p#!encrypt#!3#!)|T#!encrypt#!9#!07K&r|KW<#!encrypt#!1#!
#!encrypt#!2#!		#!encrypt#!6#!Cc4inV#!encrypt#!59#!~ZD.eURf@rg6lC'An"M2V0N$TN#KK1iK.lY\#^@jgJaT5uZl{&#qb54v0cp#!encrypt#!1#!
#!encrypt#!2#!		#!encrypt#!6#!Cc0inV#!encrypt#!59#!~ZD.eURf@rg6lC'An"M2E0N$TN#KK1iK.lY\#^@jgJaT5uZl{&#qb54v0cp#!encrypt#!1#!
#!encrypt#!2#!		#!encrypt#!6#!CcqinV#!encrypt#!59#!~ZD.eURf@rg6lC'An"M2^0N$TN#KK1iK.lY\#^@jgJaT5uZl{&#qb54v0cp#!encrypt#!1#!
#!encrypt#!3#!	9
#!encrypt#!1#!
#!encrypt#!4#!N%Ti#!encrypt#!6#!t([J6o#!encrypt#!2#!N~#!encrypt#!1#!A#!encrypt#!9#!NDO?(Ca +#!encrypt#!1#!/#!encrypt#!12#!NXh"`dh UhVe#!encrypt#!2#!Nn#!encrypt#!2#!NV#!encrypt#!2#!Nq#!encrypt#!1#!/#!encrypt#!7#!N+Hk<^6#!encrypt#!9#!NDO?(Ca +#!encrypt#!2#!N*#!encrypt#!8#!N{4;$KD\#!encrypt#!1#!l#!encrypt#!10#!N{M~x=o@_.#!encrypt#!1#!A#!encrypt#!2#!N&#!encrypt#!1#!/#!encrypt#!11#!N{Y_7?_[Z.Y#!encrypt#!1#!A#!encrypt#!2#!NV#!encrypt#!1#!/#!encrypt#!11#!N{Y_7?_[Z.Y#!encrypt#!1#!A#!encrypt#!2#!Nq#!encrypt#!1#!/#!encrypt#!11#!No<]2/_[Z.Y#!encrypt#!1#!A#!encrypt#!2#!Nj#!encrypt#!1#!/#!encrypt#!3#!N_
#!encrypt#!2#!		#!encrypt#!8#!iaYf3V^g#!encrypt#!1#!A#!encrypt#!8#!>le_&=o@#!encrypt#!14#!AXh"`dh UhVe5u#!encrypt#!11#!>)y+7=o@_.U#!encrypt#!3#!NvT#!encrypt#!1#!p#!encrypt#!1#!/#!encrypt#!1#!
#!encrypt#!2#!		#!encrypt#!4#!i%_i#!encrypt#!5#!iaYf3#!encrypt#!1#!
#!encrypt#!2#!		#!encrypt#!5#!yATZw#!encrypt#!5#!iaYf3#!encrypt#!1#!
#!encrypt#!2#!		#!encrypt#!4#! %_i#!encrypt#!1#!A#!encrypt#!4#!o3fp#!encrypt#!13#!AXh"`dh UhVeC#!encrypt#!3#!NvT#!encrypt#!5#!iaYf3#!encrypt#!1#!/#!encrypt#!1#!
#!encrypt#!2#!		#!encrypt#!5#!o)TZw#!encrypt#!4#!o3fp#!encrypt#!3#!Aq/#!encrypt#!1#!
#!encrypt#!2#!		#!encrypt#!5#!oBTZw#!encrypt#!4#!o3fp#!encrypt#!3#!AV/#!encrypt#!1#!
#!encrypt#!2#!		#!encrypt#!5#!>)TZw#!encrypt#!5#!>le_&#!encrypt#!3#!Aq/#!encrypt#!1#!
#!encrypt#!2#!		#!encrypt#!5#!>BTZw#!encrypt#!5#!>le_&#!encrypt#!3#!AV/#!encrypt#!1#!
#!encrypt#!2#!		#!encrypt#!4#!C%_i#!encrypt#!7#!Qoq./^o#!encrypt#!10#!A{4;$KD\Ox#!encrypt#!9#!p7K&r|KW<#!encrypt#!1#!
#!encrypt#!2#!		#!encrypt#!5#!CATZw#!encrypt#!3#!)HL#!encrypt#!1#!A#!encrypt#!1#!C#!encrypt#!4#!NePi#!encrypt#!1#!i#!encrypt#!1#!/#!encrypt#!1#!
#!encrypt#!2#!		#!encrypt#!5#!COTZw#!encrypt#!3#!)HL#!encrypt#!1#!A#!encrypt#!1#!A#!encrypt#!1#!C#!encrypt#!4#!NePi#!encrypt#!1#!o#!encrypt#!1#!/#!encrypt#!3#!NiT#!encrypt#!1#!A#!encrypt#!1#!A#!encrypt#!1#!C#!encrypt#!4#!NePi#!encrypt#!1#!i#!encrypt#!1#!/#!encrypt#!3#!NvT#!encrypt#!2#!CA#!encrypt#!1#!/#!encrypt#!1#!/#!encrypt#!1#!
#!encrypt#!2#!		#!encrypt#!5#!C}TZw#!encrypt#!3#!)HL#!encrypt#!1#!A#!encrypt#!1#!A#!encrypt#!1#!C#!encrypt#!4#!NePi#!encrypt#!1#!4#!encrypt#!1#!/#!encrypt#!3#!NiT#!encrypt#!1#!A#!encrypt#!1#!A#!encrypt#!1#!C#!encrypt#!4#!NePi#!encrypt#!1#!i#!encrypt#!1#!/#!encrypt#!3#!NvT#!encrypt#!2#!CA#!encrypt#!1#!/#!encrypt#!1#!/#!encrypt#!1#!
#!encrypt#!2#!		#!encrypt#!6#!Cc,inV#!encrypt#!7#!Qoq.(^+#!encrypt#!14#!AXh"`dh UhVe5u#!encrypt#!12#!?Af~2=o@_.>p#!encrypt#!3#!)|T#!encrypt#!9#!07K&r|KW<#!encrypt#!1#!
#!encrypt#!2#!		#!encrypt#!6#!CcginV#!encrypt#!7#!Qoq.(P+#!encrypt#!14#!AXh"`dh UhVe5u#!encrypt#!12#!?Af~2=o@_.>p#!encrypt#!3#!)|T#!encrypt#!9#!07K&r|KW<#!encrypt#!1#!
#!encrypt#!2#!		#!encrypt#!6#!Cc4inV#!encrypt#!59#!~ZD.eURf@rg6lC'An"M2V0N$TN#KK1iK.lY\#^@jgJaT5uZl{&#qb54v0cp#!encrypt#!1#!
#!encrypt#!2#!		#!encrypt#!6#!Cc0inV#!encrypt#!59#!~ZD.eURf@rg6lC'An"M2E0N$TN#KK1iK.lY\#^@jgJaT5uZl{&#qb54v0cp#!encrypt#!1#!
#!encrypt#!2#!		#!encrypt#!6#!CcqinV#!encrypt#!59#!~ZD.eURf@rg6lC'An"M2^0N$TN#KK1iK.lY\#^@jgJaT5uZl{&#qb54v0cp#!encrypt#!1#!
#!encrypt#!3#!	9
#!encrypt#!1#!
#!encrypt#!4#!N%Ti#!encrypt#!6#!t([J6o#!encrypt#!2#!N~#!encrypt#!1#!A#!encrypt#!9#!NDO?(C6 +#!encrypt#!1#!/#!encrypt#!12#!NXh"`dh U_Ve#!encrypt#!2#!Nn#!encrypt#!2#!NV#!encrypt#!2#!Nq#!encrypt#!1#!/#!encrypt#!7#!N+Hk<^6#!encrypt#!9#!NDO?(C6 +#!encrypt#!2#!N*#!encrypt#!8#!N{4;$KD\#!encrypt#!1#!l#!encrypt#!10#!N{M~x=o@_.#!encrypt#!1#!A#!encrypt#!2#!N&#!encrypt#!1#!/#!encrypt#!11#!N{Y_7?_[Z.Y#!encrypt#!1#!A#!encrypt#!2#!NV#!encrypt#!1#!/#!encrypt#!11#!N{Y_7?_[Z.Y#!encrypt#!1#!A#!encrypt#!2#!Nq#!encrypt#!1#!/#!encrypt#!11#!No<]2/_[Z.Y#!encrypt#!1#!A#!encrypt#!2#!Nj#!encrypt#!1#!/#!encrypt#!3#!N_
#!encrypt#!2#!		#!encrypt#!8#!iaYf3V^g#!encrypt#!1#!A#!encrypt#!8#!>le_&=o@#!encrypt#!14#!AXh"`dh U_Ve5u#!encrypt#!11#!>)y+7=o@_.U#!encrypt#!3#!NvT#!encrypt#!1#!p#!encrypt#!1#!/#!encrypt#!1#!
#!encrypt#!2#!		#!encrypt#!4#!i%_i#!encrypt#!5#!iaYf3#!encrypt#!1#!
#!encrypt#!2#!		#!encrypt#!5#!yATZw#!encrypt#!5#!iaYf3#!encrypt#!1#!
#!encrypt#!2#!		#!encrypt#!4#! %_i#!encrypt#!1#!A#!encrypt#!4#!o3fp#!encrypt#!13#!AXh"`dh U_VeC#!encrypt#!3#!NvT#!encrypt#!5#!iaYf3#!encrypt#!1#!/#!encrypt#!1#!
#!encrypt#!2#!		#!encrypt#!5#!o)TZw#!encrypt#!4#!o3fp#!encrypt#!3#!Aq/#!encrypt#!1#!
#!encrypt#!2#!		#!encrypt#!5#!oBTZw#!encrypt#!4#!o3fp#!encrypt#!3#!AV/#!encrypt#!1#!
#!encrypt#!2#!		#!encrypt#!5#!>)TZw#!encrypt#!5#!>le_&#!encrypt#!3#!Aq/#!encrypt#!1#!
#!encrypt#!2#!		#!encrypt#!5#!>BTZw#!encrypt#!5#!>le_&#!encrypt#!3#!AV/#!encrypt#!1#!
#!encrypt#!2#!		#!encrypt#!4#!C%_i#!encrypt#!7#!Qoq./^o#!encrypt#!10#!A{4;$KD\Ox#!encrypt#!9#!p7K&r|KW<#!encrypt#!1#!
#!encrypt#!2#!		#!encrypt#!5#!CATZw#!encrypt#!3#!)HL#!encrypt#!1#!A#!encrypt#!1#!C#!encrypt#!4#!NePi#!encrypt#!1#!i#!encrypt#!1#!/#!encrypt#!1#!
#!encrypt#!2#!		#!encrypt#!5#!COTZw#!encrypt#!3#!)HL#!encrypt#!1#!A#!encrypt#!1#!A#!encrypt#!1#!C#!encrypt#!4#!NePi#!encrypt#!1#!o#!encrypt#!1#!/#!encrypt#!3#!NiT#!encrypt#!1#!A#!encrypt#!1#!A#!encrypt#!1#!C#!encrypt#!4#!NePi#!encrypt#!1#!i#!encrypt#!1#!/#!encrypt#!3#!NvT#!encrypt#!2#!CA#!encrypt#!1#!/#!encrypt#!1#!/#!encrypt#!1#!
#!encrypt#!2#!		#!encrypt#!5#!C}TZw#!encrypt#!3#!)HL#!encrypt#!1#!A#!encrypt#!1#!A#!encrypt#!1#!C#!encrypt#!4#!NePi#!encrypt#!1#!4#!encrypt#!1#!/#!encrypt#!3#!NiT#!encrypt#!1#!A#!encrypt#!1#!A#!encrypt#!1#!C#!encrypt#!4#!NePi#!encrypt#!1#!i#!encrypt#!1#!/#!encrypt#!3#!NvT#!encrypt#!2#!CA#!encrypt#!1#!/#!encrypt#!1#!/#!encrypt#!1#!
#!encrypt#!2#!		#!encrypt#!6#!Cc,inV#!encrypt#!7#!Qoq.(^+#!encrypt#!14#!AXh"`dh U_Ve5u#!encrypt#!12#!?Af~2=o@_.>p#!encrypt#!3#!)|T#!encrypt#!9#!07K&r|KW<#!encrypt#!1#!
#!encrypt#!2#!		#!encrypt#!6#!CcginV#!encrypt#!7#!Qoq.(P+#!encrypt#!14#!AXh"`dh U_Ve5u#!encrypt#!12#!?Af~2=o@_.>p#!encrypt#!3#!)|T#!encrypt#!9#!07K&r|KW<#!encrypt#!1#!
#!encrypt#!2#!		#!encrypt#!6#!Cc4inV#!encrypt#!59#!~ZD.eURf@rg6lC'An"M2V0N$TN#KK1iK.lY\#^@jgJaT5uZl{&#qb54v0cp#!encrypt#!1#!
#!encrypt#!2#!		#!encrypt#!6#!Cc0inV#!encrypt#!59#!~ZD.eURf@rg6lC'An"M2E0N$TN#KK1iK.lY\#^@jgJaT5uZl{&#qb54v0cp#!encrypt#!1#!
#!encrypt#!2#!		#!encrypt#!6#!CcqinV#!encrypt#!59#!~ZD.eURf@rg6lC'An"M2^0N$TN#KK1iK.lY\#^@jgJaT5uZl{&#qb54v0cp#!encrypt#!1#!
#!encrypt#!3#!	9
#!encrypt#!1#!
#!encrypt#!4#!N%Ti#!encrypt#!6#!t([J6o#!encrypt#!2#!N~#!encrypt#!1#!A#!encrypt#!9#!NDO?(u7 +#!encrypt#!1#!/#!encrypt#!8#!NXh"`dd #!encrypt#!2#!Nn#!encrypt#!2#!NV#!encrypt#!2#!Nq#!encrypt#!1#!/#!encrypt#!7#!N+Hk<^6#!encrypt#!9#!NDO?(u7 +#!encrypt#!2#!N*#!encrypt#!8#!N{4;$KD\#!encrypt#!1#!l#!encrypt#!10#!N{M~x=o@_.#!encrypt#!1#!A#!encrypt#!2#!N&#!encrypt#!1#!/#!encrypt#!11#!N{Y_7?_[Z.Y#!encrypt#!1#!A#!encrypt#!2#!NV#!encrypt#!1#!/#!encrypt#!11#!N{Y_7?_[Z.Y#!encrypt#!1#!A#!encrypt#!2#!Nq#!encrypt#!1#!/#!encrypt#!11#!No<]2/_[Z.Y#!encrypt#!1#!A#!encrypt#!2#!Nj#!encrypt#!1#!/#!encrypt#!3#!N_
#!encrypt#!2#!		#!encrypt#!8#!iaYf3V^g#!encrypt#!1#!A#!encrypt#!8#!>le_&=o@#!encrypt#!10#!AXh"`dd Ox#!encrypt#!11#!>)y+7=o@_.U#!encrypt#!3#!NvT#!encrypt#!1#!p#!encrypt#!1#!/#!encrypt#!1#!
#!encrypt#!2#!		#!encrypt#!4#!i%_i#!encrypt#!5#!iaYf3#!encrypt#!1#!
#!encrypt#!2#!		#!encrypt#!5#!yATZw#!encrypt#!5#!iaYf3#!encrypt#!1#!
#!encrypt#!2#!		#!encrypt#!4#! %_i#!encrypt#!1#!A#!encrypt#!4#!o3fp#!encrypt#!9#!AXh"`dd <#!encrypt#!3#!NvT#!encrypt#!5#!iaYf3#!encrypt#!1#!/#!encrypt#!1#!
#!encrypt#!2#!		#!encrypt#!5#!o)TZw#!encrypt#!4#!o3fp#!encrypt#!3#!Aq/#!encrypt#!1#!
#!encrypt#!2#!		#!encrypt#!5#!oBTZw#!encrypt#!4#!o3fp#!encrypt#!3#!AV/#!encrypt#!1#!
#!encrypt#!2#!		#!encrypt#!5#!>)TZw#!encrypt#!5#!>le_&#!encrypt#!3#!Aq/#!encrypt#!1#!
#!encrypt#!2#!		#!encrypt#!5#!>BTZw#!encrypt#!5#!>le_&#!encrypt#!3#!AV/#!encrypt#!1#!
#!encrypt#!2#!		#!encrypt#!4#!C%_i#!encrypt#!7#!Qoq./^o#!encrypt#!10#!A{4;$KD\Ox#!encrypt#!9#!p7K&r|KW<#!encrypt#!1#!
#!encrypt#!2#!		#!encrypt#!5#!CATZw#!encrypt#!3#!)HL#!encrypt#!1#!A#!encrypt#!1#!C#!encrypt#!4#!NePi#!encrypt#!1#!i#!encrypt#!1#!/#!encrypt#!1#!
#!encrypt#!2#!		#!encrypt#!5#!COTZw#!encrypt#!3#!)HL#!encrypt#!1#!A#!encrypt#!1#!A#!encrypt#!1#!C#!encrypt#!4#!NePi#!encrypt#!1#!o#!encrypt#!1#!/#!encrypt#!3#!NiT#!encrypt#!1#!A#!encrypt#!1#!A#!encrypt#!1#!C#!encrypt#!4#!NePi#!encrypt#!1#!i#!encrypt#!1#!/#!encrypt#!3#!NvT#!encrypt#!2#!CA#!encrypt#!1#!/#!encrypt#!1#!/#!encrypt#!1#!
#!encrypt#!2#!		#!encrypt#!5#!C}TZw#!encrypt#!3#!)HL#!encrypt#!1#!A#!encrypt#!1#!A#!encrypt#!1#!C#!encrypt#!4#!NePi#!encrypt#!1#!4#!encrypt#!1#!/#!encrypt#!3#!NiT#!encrypt#!1#!A#!encrypt#!1#!A#!encrypt#!1#!C#!encrypt#!4#!NePi#!encrypt#!1#!i#!encrypt#!1#!/#!encrypt#!3#!NvT#!encrypt#!2#!CA#!encrypt#!1#!/#!encrypt#!1#!/#!encrypt#!1#!
#!encrypt#!2#!		#!encrypt#!6#!Cc,inV#!encrypt#!7#!Qoq.(^+#!encrypt#!10#!AXh"`dd Ox#!encrypt#!12#!?Af~2=o@_.>p#!encrypt#!3#!)|T#!encrypt#!9#!07K&r|KW<#!encrypt#!1#!
#!encrypt#!2#!		#!encrypt#!6#!CcginV#!encrypt#!7#!Qoq.(P+#!encrypt#!10#!AXh"`dd Ox#!encrypt#!12#!?Af~2=o@_.>p#!encrypt#!3#!)|T#!encrypt#!9#!07K&r|KW<#!encrypt#!1#!
#!encrypt#!2#!		#!encrypt#!6#!Cc4inV#!encrypt#!59#!~ZD.eURf@rg6lC'An"M2V0N$TN#KK1iK.lY\#^@jgJaT5uZl{&#qb54v0cp#!encrypt#!1#!
#!encrypt#!2#!		#!encrypt#!6#!Cc0inV#!encrypt#!59#!~ZD.eURf@rg6lC'An"M2E0N$TN#KK1iK.lY\#^@jgJaT5uZl{&#qb54v0cp#!encrypt#!1#!
#!encrypt#!2#!		#!encrypt#!6#!CcqinV#!encrypt#!59#!~ZD.eURf@rg6lC'An"M2^0N$TN#KK1iK.lY\#^@jgJaT5uZl{&#qb54v0cp#!encrypt#!1#!
#!encrypt#!3#!	9
#!encrypt#!1#!
#!encrypt#!4#!N%Ti#!encrypt#!6#!t([J6o#!encrypt#!2#!N~#!encrypt#!1#!A#!encrypt#!9#!NDO?(wnl:#!encrypt#!1#!/#!encrypt#!11#!NXh"`doFyvV#!encrypt#!2#!Nn#!encrypt#!2#!NV#!encrypt#!2#!Nq#!encrypt#!1#!/#!encrypt#!7#!N+Hk<^6#!encrypt#!9#!NDO?(wnl:#!encrypt#!10#!N{M~x=o@_.#!encrypt#!1#!A#!encrypt#!2#!N&#!encrypt#!1#!/#!encrypt#!11#!N{Y_7?_[Z.Y#!encrypt#!1#!A#!encrypt#!2#!NV#!encrypt#!1#!/#!encrypt#!11#!N{Y_7?_[Z.Y#!encrypt#!1#!A#!encrypt#!2#!Nq#!encrypt#!1#!/#!encrypt#!11#!No<]2/_[Z.Y#!encrypt#!1#!A#!encrypt#!2#!Nj#!encrypt#!1#!/#!encrypt#!3#!N_
#!encrypt#!2#!		#!encrypt#!8#!iaYf3V^g#!encrypt#!1#!A#!encrypt#!8#!>le_&=o@#!encrypt#!13#!AXh"`doFyvV[I#!encrypt#!11#!>)y+7=o@_.U#!encrypt#!3#!NvT#!encrypt#!1#!p#!encrypt#!1#!/#!encrypt#!1#!
#!encrypt#!2#!		#!encrypt#!4#!i%_i#!encrypt#!5#!iaYf3#!encrypt#!1#!
#!encrypt#!2#!		#!encrypt#!5#!yATZw#!encrypt#!5#!iaYf3#!encrypt#!1#!
#!encrypt#!2#!		#!encrypt#!4#! %_i#!encrypt#!1#!A#!encrypt#!4#!o3fp#!encrypt#!12#!AXh"`doFyvVQ#!encrypt#!3#!NvT#!encrypt#!5#!iaYf3#!encrypt#!1#!/#!encrypt#!1#!
#!encrypt#!2#!		#!encrypt#!5#!o)TZw#!encrypt#!4#!o3fp#!encrypt#!3#!Aq/#!encrypt#!1#!
#!encrypt#!2#!		#!encrypt#!5#!oBTZw#!encrypt#!4#!o3fp#!encrypt#!3#!AV/#!encrypt#!1#!
#!encrypt#!2#!		#!encrypt#!5#!>)TZw#!encrypt#!5#!>le_&#!encrypt#!3#!Aq/#!encrypt#!1#!
#!encrypt#!2#!		#!encrypt#!5#!>BTZw#!encrypt#!5#!>le_&#!encrypt#!3#!AV/#!encrypt#!1#!
#!encrypt#!3#!	9
#!encrypt#!1#!
#!encrypt#!4#!N%Ti#!encrypt#!6#!t([J6o#!encrypt#!2#!N~#!encrypt#!1#!A#!encrypt#!9#!NDO?(wnlJ#!encrypt#!1#!/#!encrypt#!11#!NXh"`doFyDV#!encrypt#!2#!Nn#!encrypt#!2#!NV#!encrypt#!2#!Nq#!encrypt#!1#!/#!encrypt#!7#!N+Hk<^6#!encrypt#!9#!NDO?(wnlJ#!encrypt#!10#!N{M~x=o@_.#!encrypt#!1#!A#!encrypt#!2#!N&#!encrypt#!1#!/#!encrypt#!11#!N{Y_7?_[Z.Y#!encrypt#!1#!A#!encrypt#!2#!NV#!encrypt#!1#!/#!encrypt#!11#!N{Y_7?_[Z.Y#!encrypt#!1#!A#!encrypt#!2#!Nq#!encrypt#!1#!/#!encrypt#!11#!No<]2/_[Z.Y#!encrypt#!1#!A#!encrypt#!2#!Nj#!encrypt#!1#!/#!encrypt#!3#!N_
#!encrypt#!2#!		#!encrypt#!8#!iaYf3V^g#!encrypt#!1#!A#!encrypt#!8#!>le_&=o@#!encrypt#!13#!AXh"`doFyDV[I#!encrypt#!11#!>)y+7=o@_.U#!encrypt#!3#!NvT#!encrypt#!1#!p#!encrypt#!1#!/#!encrypt#!1#!
#!encrypt#!2#!		#!encrypt#!4#!i%_i#!encrypt#!5#!iaYf3#!encrypt#!1#!
#!encrypt#!2#!		#!encrypt#!5#!yATZw#!encrypt#!5#!iaYf3#!encrypt#!1#!
#!encrypt#!2#!		#!encrypt#!4#! %_i#!encrypt#!1#!A#!encrypt#!4#!o3fp#!encrypt#!12#!AXh"`doFyDVQ#!encrypt#!3#!NvT#!encrypt#!5#!iaYf3#!encrypt#!1#!/#!encrypt#!1#!
#!encrypt#!2#!		#!encrypt#!5#!o)TZw#!encrypt#!4#!o3fp#!encrypt#!3#!Aq/#!encrypt#!1#!
#!encrypt#!2#!		#!encrypt#!5#!oBTZw#!encrypt#!4#!o3fp#!encrypt#!3#!AV/#!encrypt#!1#!
#!encrypt#!2#!		#!encrypt#!5#!>)TZw#!encrypt#!5#!>le_&#!encrypt#!3#!Aq/#!encrypt#!1#!
#!encrypt#!2#!		#!encrypt#!5#!>BTZw#!encrypt#!5#!>le_&#!encrypt#!3#!AV/#!encrypt#!1#!
#!encrypt#!3#!	9
#!encrypt#!1#!
#!encrypt#!4#!N%Ti#!encrypt#!6#!t([J6o#!encrypt#!2#!N1#!encrypt#!1#!A#!encrypt#!7#!NDO?#}h#!encrypt#!1#!/#!encrypt#!7#!NXe]T}h#!encrypt#!12#!NQff{/hfm\Yh#!encrypt#!1#!A#!encrypt#!5#!N@>==#!encrypt#!1#!/#!encrypt#!12#!NQff{/hfm\Yh#!encrypt#!1#!A#!encrypt#!6#!N~*z_.#!encrypt#!1#!/#!encrypt#!2#!Nn#!encrypt#!5#!N@>==#!encrypt#!6#!N~*z_.#!encrypt#!1#!/#!encrypt#!7#!N+Hk<^6#!encrypt#!7#!NDO?#}h#!encrypt#!3#!N_
#!encrypt#!2#!		#!encrypt#!8#!iaYf3V^g#!encrypt#!1#!A#!encrypt#!8#!>le_&=o@#!encrypt#!9#!AXe]T}hjg#!encrypt#!12#!FlEp2C_[Z.YQ#!encrypt#!3#!NvT#!encrypt#!1#!p#!encrypt#!1#!/#!encrypt#!1#!
#!encrypt#!2#!		#!encrypt#!9#! lm/$f%^g#!encrypt#!1#!A#!encrypt#!9#!>le_&=GC+#!encrypt#!9#!AXe]T}hjg#!encrypt#!12#!FlEp2C_[Z.YQ#!encrypt#!3#!NvT#!encrypt#!1#!p#!encrypt#!1#!/#!encrypt#!1#!
#!encrypt#!2#!		#!encrypt#!4#!i%_i#!encrypt#!5#!iaYf3#!encrypt#!1#!
#!encrypt#!2#!		#!encrypt#!7#!Q4l{w;%#!encrypt#!5#!iaYf3#!encrypt#!1#!
#!encrypt#!2#!		#!encrypt#!4#! %_i#!encrypt#!1#!A#!encrypt#!6#! lm/$f#!encrypt#!3#!N+T#!encrypt#!1#!A#!encrypt#!1#!A#!encrypt#!4#!!7O?#!encrypt#!3#!NiT#!encrypt#!5#!4lmPT#!encrypt#!8#!AXe]T}h~#!encrypt#!1#!/#!encrypt#!3#!NiT#!encrypt#!5#!iaYf3#!encrypt#!1#!/#!encrypt#!1#!/#!encrypt#!1#!
#!encrypt#!2#!		#!encrypt#!7#!Q4l`w;%#!encrypt#!1#!A#!encrypt#!6#! lm/$f#!encrypt#!3#!N+T#!encrypt#!1#!A#!encrypt#!1#!A#!encrypt#!4#!!7O?#!encrypt#!3#!NiT#!encrypt#!5#!4lmPT#!encrypt#!8#!AXe]T}h~#!encrypt#!1#!/#!encrypt#!3#!NiT#!encrypt#!5#!iaYf3#!encrypt#!1#!/#!encrypt#!1#!/#!encrypt#!1#!
#!encrypt#!2#!		#!encrypt#!7#!Cl`{w;%#!encrypt#!5#!iaYf3#!encrypt#!1#!
#!encrypt#!2#!		#!encrypt#!7#!Cl``w;%#!encrypt#!1#! #!encrypt#!1#!
#!encrypt#!3#!	9
#!encrypt#!1#!
#!encrypt#!4#!N%Ti#!encrypt#!6#!t([J6o#!encrypt#!2#!N1#!encrypt#!1#!A#!encrypt#!7#!NDO?#}d#!encrypt#!1#!/#!encrypt#!7#!NXe]T}d#!encrypt#!12#!NQff{/dfm\Yh#!encrypt#!1#!A#!encrypt#!5#!N@>==#!encrypt#!1#!/#!encrypt#!12#!NQff{/dfm\Yh#!encrypt#!1#!A#!encrypt#!6#!N~*z_.#!encrypt#!1#!/#!encrypt#!2#!Nn#!encrypt#!5#!N@>==#!encrypt#!6#!N~*z_.#!encrypt#!1#!/#!encrypt#!7#!N+Hk<^6#!encrypt#!7#!NDO?#}d#!encrypt#!3#!N_
#!encrypt#!2#!		#!encrypt#!8#!iaYf3V^g#!encrypt#!1#!A#!encrypt#!8#!>le_&=o@#!encrypt#!9#!AXe]T}djg#!encrypt#!12#!FlEp2u_[Z.YQ#!encrypt#!3#!NvT#!encrypt#!1#!p#!encrypt#!1#!/#!encrypt#!1#!
#!encrypt#!2#!		#!encrypt#!9#! lm/$f%^g#!encrypt#!1#!A#!encrypt#!9#!>le_&=GC+#!encrypt#!9#!AXe]T}djg#!encrypt#!12#!FlEp2u_[Z.YQ#!encrypt#!3#!NvT#!encrypt#!1#!p#!encrypt#!1#!/#!encrypt#!1#!
#!encrypt#!2#!		#!encrypt#!4#!i%_i#!encrypt#!5#!iaYf3#!encrypt#!1#!
#!encrypt#!2#!		#!encrypt#!7#!Q4l{w;%#!encrypt#!5#!iaYf3#!encrypt#!1#!
#!encrypt#!2#!		#!encrypt#!4#! %_i#!encrypt#!1#!A#!encrypt#!6#! lm/$f#!encrypt#!3#!N+T#!encrypt#!1#!A#!encrypt#!1#!A#!encrypt#!4#!!7O?#!encrypt#!3#!NiT#!encrypt#!5#!4lmPT#!encrypt#!8#!AXe]T}d~#!encrypt#!1#!/#!encrypt#!3#!NiT#!encrypt#!5#!iaYf3#!encrypt#!1#!/#!encrypt#!1#!/#!encrypt#!1#!
#!encrypt#!2#!		#!encrypt#!7#!Q4l`w;%#!encrypt#!1#!A#!encrypt#!6#! lm/$f#!encrypt#!3#!N+T#!encrypt#!1#!A#!encrypt#!1#!A#!encrypt#!4#!!7O?#!encrypt#!3#!NiT#!encrypt#!5#!4lmPT#!encrypt#!8#!AXe]T}d~#!encrypt#!1#!/#!encrypt#!3#!NiT#!encrypt#!5#!iaYf3#!encrypt#!1#!/#!encrypt#!1#!/#!encrypt#!1#!
#!encrypt#!2#!		#!encrypt#!7#!Cl`{w;%#!encrypt#!5#!iaYf3#!encrypt#!1#!
#!encrypt#!2#!		#!encrypt#!7#!Cl``w;%#!encrypt#!1#! #!encrypt#!1#!
#!encrypt#!3#!	9
#!encrypt#!1#!
#!encrypt#!4#!N%Ti#!encrypt#!6#!t([J6o#!encrypt#!2#!N1#!encrypt#!1#!A#!encrypt#!7#!NDO?#})#!encrypt#!1#!/#!encrypt#!7#!NXe]T})#!encrypt#!12#!NQff{/)fm\Yh#!encrypt#!1#!A#!encrypt#!5#!N@>==#!encrypt#!1#!/#!encrypt#!12#!NQff{/)fm\Yh#!encrypt#!1#!A#!encrypt#!6#!N~*z_.#!encrypt#!1#!/#!encrypt#!2#!Nn#!encrypt#!5#!N@>==#!encrypt#!6#!N~*z_.#!encrypt#!1#!/#!encrypt#!7#!N+Hk<^6#!encrypt#!7#!NDO?#})#!encrypt#!3#!N_
#!encrypt#!2#!		#!encrypt#!8#!iaYf3V^g#!encrypt#!1#!A#!encrypt#!8#!>le_&=o@#!encrypt#!9#!AXe]T})jg#!encrypt#!12#!FlEp20_[Z.YQ#!encrypt#!3#!NvT#!encrypt#!1#!p#!encrypt#!1#!/#!encrypt#!1#!
#!encrypt#!2#!		#!encrypt#!9#! lm/$f%^g#!encrypt#!1#!A#!encrypt#!9#!>le_&=GC+#!encrypt#!9#!AXe]T})jg#!encrypt#!12#!FlEp20_[Z.YQ#!encrypt#!3#!NvT#!encrypt#!1#!p#!encrypt#!1#!/#!encrypt#!1#!
#!encrypt#!2#!		#!encrypt#!4#!i%_i#!encrypt#!5#!iaYf3#!encrypt#!1#!
#!encrypt#!2#!		#!encrypt#!7#!Q4l{w;%#!encrypt#!5#!iaYf3#!encrypt#!1#!
#!encrypt#!2#!		#!encrypt#!4#! %_i#!encrypt#!1#!A#!encrypt#!6#! lm/$f#!encrypt#!3#!N+T#!encrypt#!1#!A#!encrypt#!1#!A#!encrypt#!4#!!7O?#!encrypt#!3#!NiT#!encrypt#!5#!4lmPT#!encrypt#!8#!AXe]T})~#!encrypt#!1#!/#!encrypt#!3#!NiT#!encrypt#!5#!iaYf3#!encrypt#!1#!/#!encrypt#!1#!/#!encrypt#!1#!
#!encrypt#!2#!		#!encrypt#!7#!Q4l`w;%#!encrypt#!1#!A#!encrypt#!6#! lm/$f#!encrypt#!3#!N+T#!encrypt#!1#!A#!encrypt#!1#!A#!encrypt#!4#!!7O?#!encrypt#!3#!NiT#!encrypt#!5#!4lmPT#!encrypt#!8#!AXe]T})~#!encrypt#!1#!/#!encrypt#!3#!NiT#!encrypt#!5#!iaYf3#!encrypt#!1#!/#!encrypt#!1#!/#!encrypt#!1#!
#!encrypt#!2#!		#!encrypt#!7#!Cl`{w;%#!encrypt#!5#!iaYf3#!encrypt#!1#!
#!encrypt#!2#!		#!encrypt#!7#!Cl``w;%#!encrypt#!1#! #!encrypt#!1#!
#!encrypt#!3#!	9
#!encrypt#!1#!
#!encrypt#!4#!N%Ti#!encrypt#!6#!t([J6o#!encrypt#!2#!N1#!encrypt#!1#!A#!encrypt#!7#!NDO?#}P#!encrypt#!1#!/#!encrypt#!7#!NXe]T}P#!encrypt#!12#!NQff{/Pfm\Yh#!encrypt#!1#!A#!encrypt#!5#!N@>==#!encrypt#!1#!/#!encrypt#!12#!NQff{/Pfm\Yh#!encrypt#!1#!A#!encrypt#!6#!N~*z_.#!encrypt#!1#!/#!encrypt#!2#!Nn#!encrypt#!5#!N@>==#!encrypt#!6#!N~*z_.#!encrypt#!1#!/#!encrypt#!7#!N+Hk<^6#!encrypt#!7#!NDO?#}P#!encrypt#!3#!N_
#!encrypt#!2#!		#!encrypt#!8#!iaYf3V^g#!encrypt#!1#!A#!encrypt#!8#!>le_&=o@#!encrypt#!9#!AXe]T}Pjg#!encrypt#!12#!FlEp2e_[Z.YQ#!encrypt#!3#!NvT#!encrypt#!1#!p#!encrypt#!1#!/#!encrypt#!1#!
#!encrypt#!2#!		#!encrypt#!9#! lm/$f%^g#!encrypt#!1#!A#!encrypt#!9#!>le_&=GC+#!encrypt#!9#!AXe]T}Pjg#!encrypt#!12#!FlEp2e_[Z.YQ#!encrypt#!3#!NvT#!encrypt#!1#!p#!encrypt#!1#!/#!encrypt#!1#!
#!encrypt#!2#!		#!encrypt#!4#!i%_i#!encrypt#!5#!iaYf3#!encrypt#!1#!
#!encrypt#!2#!		#!encrypt#!7#!Q4l{w;%#!encrypt#!5#!iaYf3#!encrypt#!1#!
#!encrypt#!2#!		#!encrypt#!4#! %_i#!encrypt#!1#!A#!encrypt#!6#! lm/$f#!encrypt#!3#!N+T#!encrypt#!1#!A#!encrypt#!1#!A#!encrypt#!4#!!7O?#!encrypt#!3#!NiT#!encrypt#!5#!4lmPT#!encrypt#!8#!AXe]T}P~#!encrypt#!1#!/#!encrypt#!3#!NiT#!encrypt#!5#!iaYf3#!encrypt#!1#!/#!encrypt#!1#!/#!encrypt#!1#!
#!encrypt#!2#!		#!encrypt#!7#!Q4l`w;%#!encrypt#!1#!A#!encrypt#!6#! lm/$f#!encrypt#!3#!N+T#!encrypt#!1#!A#!encrypt#!1#!A#!encrypt#!4#!!7O?#!encrypt#!3#!NiT#!encrypt#!5#!4lmPT#!encrypt#!8#!AXe]T}P~#!encrypt#!1#!/#!encrypt#!3#!NiT#!encrypt#!5#!iaYf3#!encrypt#!1#!/#!encrypt#!1#!/#!encrypt#!1#!
#!encrypt#!2#!		#!encrypt#!7#!Cl`{w;%#!encrypt#!5#!iaYf3#!encrypt#!1#!
#!encrypt#!2#!		#!encrypt#!7#!Cl``w;%#!encrypt#!1#! #!encrypt#!1#!
#!encrypt#!3#!	9
#!encrypt#!1#!
#!encrypt#!4#!N%Ti#!encrypt#!6#!t([J6o#!encrypt#!2#!N1#!encrypt#!1#!A#!encrypt#!7#!NDO?#}V#!encrypt#!1#!/#!encrypt#!7#!NXe]T}V#!encrypt#!12#!NQff{/Vfm\Yh#!encrypt#!1#!A#!encrypt#!5#!N@>==#!encrypt#!1#!/#!encrypt#!12#!NQff{/Vfm\Yh#!encrypt#!1#!A#!encrypt#!6#!N~*z_.#!encrypt#!1#!/#!encrypt#!2#!Nn#!encrypt#!5#!N@>==#!encrypt#!6#!N~*z_.#!encrypt#!1#!/#!encrypt#!7#!N+Hk<^6#!encrypt#!7#!NDO?#}V#!encrypt#!3#!N_
#!encrypt#!2#!		#!encrypt#!8#!iaYf3V^g#!encrypt#!1#!A#!encrypt#!8#!>le_&=o@#!encrypt#!9#!AXe]T}Vjg#!encrypt#!12#!FlEp2m_[Z.YQ#!encrypt#!3#!NvT#!encrypt#!1#!p#!encrypt#!1#!/#!encrypt#!1#!
#!encrypt#!2#!		#!encrypt#!9#! lm/$f%^g#!encrypt#!1#!A#!encrypt#!9#!>le_&=GC+#!encrypt#!9#!AXe]T}Vjg#!encrypt#!12#!FlEp2m_[Z.YQ#!encrypt#!3#!NvT#!encrypt#!1#!p#!encrypt#!1#!/#!encrypt#!1#!
#!encrypt#!2#!		#!encrypt#!4#!i%_i#!encrypt#!5#!iaYf3#!encrypt#!1#!
#!encrypt#!2#!		#!encrypt#!7#!Q4l{w;%#!encrypt#!5#!iaYf3#!encrypt#!1#!
#!encrypt#!2#!		#!encrypt#!4#! %_i#!encrypt#!1#!A#!encrypt#!6#! lm/$f#!encrypt#!3#!N+T#!encrypt#!1#!A#!encrypt#!1#!A#!encrypt#!4#!!7O?#!encrypt#!3#!NiT#!encrypt#!5#!4lmPT#!encrypt#!8#!AXe]T}V~#!encrypt#!1#!/#!encrypt#!3#!NiT#!encrypt#!5#!iaYf3#!encrypt#!1#!/#!encrypt#!1#!/#!encrypt#!1#!
#!encrypt#!2#!		#!encrypt#!7#!Q4l`w;%#!encrypt#!1#!A#!encrypt#!6#! lm/$f#!encrypt#!3#!N+T#!encrypt#!1#!A#!encrypt#!1#!A#!encrypt#!4#!!7O?#!encrypt#!3#!NiT#!encrypt#!5#!4lmPT#!encrypt#!8#!AXe]T}V~#!encrypt#!1#!/#!encrypt#!3#!NiT#!encrypt#!5#!iaYf3#!encrypt#!1#!/#!encrypt#!1#!/#!encrypt#!1#!
#!encrypt#!2#!		#!encrypt#!7#!Cl`{w;%#!encrypt#!5#!iaYf3#!encrypt#!1#!
#!encrypt#!2#!		#!encrypt#!7#!Cl``w;%#!encrypt#!1#! #!encrypt#!1#!
#!encrypt#!3#!	9
#!encrypt#!1#!
#!encrypt#!4#!N%Ti#!encrypt#!6#!t([J6o#!encrypt#!2#!N1#!encrypt#!1#!A#!encrypt#!7#!NDO?#}>#!encrypt#!1#!/#!encrypt#!7#!NXe]T}>#!encrypt#!12#!NQff{/>fm\Yh#!encrypt#!1#!A#!encrypt#!5#!N@>==#!encrypt#!1#!/#!encrypt#!12#!NQff{/>fm\Yh#!encrypt#!1#!A#!encrypt#!6#!N~*z_.#!encrypt#!1#!/#!encrypt#!2#!Nn#!encrypt#!5#!N@>==#!encrypt#!6#!N~*z_.#!encrypt#!1#!/#!encrypt#!7#!N+Hk<^6#!encrypt#!7#!NDO?#}>#!encrypt#!3#!N_
#!encrypt#!2#!		#!encrypt#!8#!iaYf3V^g#!encrypt#!1#!A#!encrypt#!8#!>le_&=o@#!encrypt#!9#!AXe]T}>jg#!encrypt#!12#!FlEp2n_[Z.YQ#!encrypt#!3#!NvT#!encrypt#!1#!p#!encrypt#!1#!/#!encrypt#!1#!
#!encrypt#!2#!		#!encrypt#!9#! lm/$f%^g#!encrypt#!1#!A#!encrypt#!9#!>le_&=GC+#!encrypt#!9#!AXe]T}>jg#!encrypt#!12#!FlEp2n_[Z.YQ#!encrypt#!3#!NvT#!encrypt#!1#!p#!encrypt#!1#!/#!encrypt#!1#!
#!encrypt#!2#!		#!encrypt#!4#!i%_i#!encrypt#!5#!iaYf3#!encrypt#!1#!
#!encrypt#!2#!		#!encrypt#!7#!Q4l{w;%#!encrypt#!5#!iaYf3#!encrypt#!1#!
#!encrypt#!2#!		#!encrypt#!4#! %_i#!encrypt#!1#!A#!encrypt#!6#! lm/$f#!encrypt#!3#!N+T#!encrypt#!1#!A#!encrypt#!1#!A#!encrypt#!4#!!7O?#!encrypt#!3#!NiT#!encrypt#!5#!4lmPT#!encrypt#!8#!AXe]T}>~#!encrypt#!1#!/#!encrypt#!3#!NiT#!encrypt#!5#!iaYf3#!encrypt#!1#!/#!encrypt#!1#!/#!encrypt#!1#!
#!encrypt#!2#!		#!encrypt#!7#!Q4l`w;%#!encrypt#!1#!A#!encrypt#!6#! lm/$f#!encrypt#!3#!N+T#!encrypt#!1#!A#!encrypt#!1#!A#!encrypt#!4#!!7O?#!encrypt#!3#!NiT#!encrypt#!5#!4lmPT#!encrypt#!8#!AXe]T}>~#!encrypt#!1#!/#!encrypt#!3#!NiT#!encrypt#!5#!iaYf3#!encrypt#!1#!/#!encrypt#!1#!/#!encrypt#!1#!
#!encrypt#!2#!		#!encrypt#!7#!Cl`{w;%#!encrypt#!5#!iaYf3#!encrypt#!1#!
#!encrypt#!2#!		#!encrypt#!7#!Cl``w;%#!encrypt#!1#! #!encrypt#!1#!
#!encrypt#!3#!	9
#!encrypt#!1#!
#!encrypt#!4#!N%Ti#!encrypt#!6#!t([J6o#!encrypt#!2#!N1#!encrypt#!1#!A#!encrypt#!7#!NDO?#}]#!encrypt#!1#!/#!encrypt#!7#!NXe]T}]#!encrypt#!12#!NQff{/]fm\Yh#!encrypt#!1#!A#!encrypt#!5#!N@>==#!encrypt#!1#!/#!encrypt#!12#!NQff{/]fm\Yh#!encrypt#!1#!A#!encrypt#!6#!N~*z_.#!encrypt#!1#!/#!encrypt#!2#!Nn#!encrypt#!5#!N@>==#!encrypt#!6#!N~*z_.#!encrypt#!1#!/#!encrypt#!7#!N+Hk<^6#!encrypt#!7#!NDO?#}]#!encrypt#!3#!N_
#!encrypt#!2#!		#!encrypt#!8#!iaYf3V^g#!encrypt#!1#!A#!encrypt#!8#!>le_&=o@#!encrypt#!9#!AXe]T}]jg#!encrypt#!12#!FlEp2`_[Z.YQ#!encrypt#!3#!NvT#!encrypt#!1#!p#!encrypt#!1#!/#!encrypt#!1#!
#!encrypt#!2#!		#!encrypt#!9#! lm/$f%^g#!encrypt#!1#!A#!encrypt#!9#!>le_&=GC+#!encrypt#!9#!AXe]T}]jg#!encrypt#!12#!FlEp2`_[Z.YQ#!encrypt#!3#!NvT#!encrypt#!1#!p#!encrypt#!1#!/#!encrypt#!1#!
#!encrypt#!2#!		#!encrypt#!4#!i%_i#!encrypt#!5#!iaYf3#!encrypt#!1#!
#!encrypt#!2#!		#!encrypt#!7#!Q4l{w;%#!encrypt#!5#!iaYf3#!encrypt#!1#!
#!encrypt#!2#!		#!encrypt#!4#! %_i#!encrypt#!1#!A#!encrypt#!6#! lm/$f#!encrypt#!3#!N+T#!encrypt#!1#!A#!encrypt#!1#!A#!encrypt#!4#!!7O?#!encrypt#!3#!NiT#!encrypt#!5#!4lmPT#!encrypt#!8#!AXe]T}]~#!encrypt#!1#!/#!encrypt#!3#!NiT#!encrypt#!5#!iaYf3#!encrypt#!1#!/#!encrypt#!1#!/#!encrypt#!1#!
#!encrypt#!2#!		#!encrypt#!7#!Q4l`w;%#!encrypt#!1#!A#!encrypt#!6#! lm/$f#!encrypt#!3#!N+T#!encrypt#!1#!A#!encrypt#!1#!A#!encrypt#!4#!!7O?#!encrypt#!3#!NiT#!encrypt#!5#!4lmPT#!encrypt#!8#!AXe]T}]~#!encrypt#!1#!/#!encrypt#!3#!NiT#!encrypt#!5#!iaYf3#!encrypt#!1#!/#!encrypt#!1#!/#!encrypt#!1#!
#!encrypt#!2#!		#!encrypt#!7#!Cl`{w;%#!encrypt#!5#!iaYf3#!encrypt#!1#!
#!encrypt#!2#!		#!encrypt#!7#!Cl``w;%#!encrypt#!1#! #!encrypt#!1#!
#!encrypt#!3#!	9
#!encrypt#!1#!
#!encrypt#!4#!N%Ti#!encrypt#!6#!t([J6o#!encrypt#!2#!N1#!encrypt#!1#!A#!encrypt#!7#!NDO?#}<#!encrypt#!1#!/#!encrypt#!7#!NXe]T}<#!encrypt#!12#!NQff{/<fm\Yh#!encrypt#!1#!A#!encrypt#!5#!N@>==#!encrypt#!1#!/#!encrypt#!12#!NQff{/<fm\Yh#!encrypt#!1#!A#!encrypt#!6#!N~*z_.#!encrypt#!1#!/#!encrypt#!2#!Nn#!encrypt#!5#!N@>==#!encrypt#!6#!N~*z_.#!encrypt#!1#!/#!encrypt#!7#!N+Hk<^6#!encrypt#!7#!NDO?#}<#!encrypt#!3#!N_
#!encrypt#!2#!		#!encrypt#!8#!iaYf3V^g#!encrypt#!1#!A#!encrypt#!8#!>le_&=o@#!encrypt#!9#!AXe]T}<jg#!encrypt#!12#!FlEp2X_[Z.YQ#!encrypt#!3#!NvT#!encrypt#!1#!p#!encrypt#!1#!/#!encrypt#!1#!
#!encrypt#!2#!		#!encrypt#!9#! lm/$f%^g#!encrypt#!1#!A#!encrypt#!9#!>le_&=GC+#!encrypt#!9#!AXe]T}<jg#!encrypt#!12#!FlEp2X_[Z.YQ#!encrypt#!3#!NvT#!encrypt#!1#!p#!encrypt#!1#!/#!encrypt#!1#!
#!encrypt#!2#!		#!encrypt#!4#!i%_i#!encrypt#!5#!iaYf3#!encrypt#!1#!
#!encrypt#!2#!		#!encrypt#!7#!Q4l{w;%#!encrypt#!5#!iaYf3#!encrypt#!1#!
#!encrypt#!2#!		#!encrypt#!4#! %_i#!encrypt#!1#!A#!encrypt#!6#! lm/$f#!encrypt#!3#!N+T#!encrypt#!1#!A#!encrypt#!1#!A#!encrypt#!4#!!7O?#!encrypt#!3#!NiT#!encrypt#!5#!4lmPT#!encrypt#!8#!AXe]T}<~#!encrypt#!1#!/#!encrypt#!3#!NiT#!encrypt#!5#!iaYf3#!encrypt#!1#!/#!encrypt#!1#!/#!encrypt#!1#!
#!encrypt#!2#!		#!encrypt#!7#!Q4l`w;%#!encrypt#!1#!A#!encrypt#!6#! lm/$f#!encrypt#!3#!N+T#!encrypt#!1#!A#!encrypt#!1#!A#!encrypt#!4#!!7O?#!encrypt#!3#!NiT#!encrypt#!5#!4lmPT#!encrypt#!8#!AXe]T}<~#!encrypt#!1#!/#!encrypt#!3#!NiT#!encrypt#!5#!iaYf3#!encrypt#!1#!/#!encrypt#!1#!/#!encrypt#!1#!
#!encrypt#!2#!		#!encrypt#!7#!Cl`{w;%#!encrypt#!5#!iaYf3#!encrypt#!1#!
#!encrypt#!2#!		#!encrypt#!7#!Cl``w;%#!encrypt#!1#! #!encrypt#!1#!
#!encrypt#!3#!	9
#!encrypt#!1#!
#!encrypt#!4#!N%Ti#!encrypt#!6#!t([J6o#!encrypt#!2#!N1#!encrypt#!1#!A#!encrypt#!7#!NDO?#}J#!encrypt#!1#!/#!encrypt#!7#!NXe]T}J#!encrypt#!12#!NQff{/Jfm\Yh#!encrypt#!1#!A#!encrypt#!5#!N@>==#!encrypt#!1#!/#!encrypt#!12#!NQff{/Jfm\Yh#!encrypt#!1#!A#!encrypt#!6#!N~*z_.#!encrypt#!1#!/#!encrypt#!2#!Nn#!encrypt#!5#!N@>==#!encrypt#!6#!N~*z_.#!encrypt#!1#!/#!encrypt#!7#!N+Hk<^6#!encrypt#!7#!NDO?#}J#!encrypt#!3#!N_
#!encrypt#!2#!		#!encrypt#!8#!iaYf3V^g#!encrypt#!1#!A#!encrypt#!8#!>le_&=o@#!encrypt#!9#!AXe]T}Jjg#!encrypt#!12#!FlEp2I_[Z.YQ#!encrypt#!3#!NvT#!encrypt#!1#!p#!encrypt#!1#!/#!encrypt#!1#!
#!encrypt#!2#!		#!encrypt#!9#! lm/$f%^g#!encrypt#!1#!A#!encrypt#!9#!>le_&=GC+#!encrypt#!9#!AXe]T}Jjg#!encrypt#!12#!FlEp2I_[Z.YQ#!encrypt#!3#!NvT#!encrypt#!1#!p#!encrypt#!1#!/#!encrypt#!1#!
#!encrypt#!2#!		#!encrypt#!4#!i%_i#!encrypt#!5#!iaYf3#!encrypt#!1#!
#!encrypt#!2#!		#!encrypt#!7#!Q4l{w;%#!encrypt#!5#!iaYf3#!encrypt#!1#!
#!encrypt#!2#!		#!encrypt#!4#! %_i#!encrypt#!1#!A#!encrypt#!6#! lm/$f#!encrypt#!3#!N+T#!encrypt#!1#!A#!encrypt#!1#!A#!encrypt#!4#!!7O?#!encrypt#!3#!NiT#!encrypt#!5#!4lmPT#!encrypt#!8#!AXe]T}J~#!encrypt#!1#!/#!encrypt#!3#!NiT#!encrypt#!5#!iaYf3#!encrypt#!1#!/#!encrypt#!1#!/#!encrypt#!1#!
#!encrypt#!2#!		#!encrypt#!7#!Q4l`w;%#!encrypt#!1#!A#!encrypt#!6#! lm/$f#!encrypt#!3#!N+T#!encrypt#!1#!A#!encrypt#!1#!A#!encrypt#!4#!!7O?#!encrypt#!3#!NiT#!encrypt#!5#!4lmPT#!encrypt#!8#!AXe]T}J~#!encrypt#!1#!/#!encrypt#!3#!NiT#!encrypt#!5#!iaYf3#!encrypt#!1#!/#!encrypt#!1#!/#!encrypt#!1#!
#!encrypt#!2#!		#!encrypt#!7#!Cl`{w;%#!encrypt#!5#!iaYf3#!encrypt#!1#!
#!encrypt#!2#!		#!encrypt#!7#!Cl``w;%#!encrypt#!1#! #!encrypt#!1#!
#!encrypt#!3#!	9
#!encrypt#!1#!
#!encrypt#!4#!N%Ti#!encrypt#!6#!t([J6o#!encrypt#!2#!N1#!encrypt#!1#!A#!encrypt#!8#!NDO?#}hW#!encrypt#!1#!/#!encrypt#!8#!NXe]T}hW#!encrypt#!13#!NQff{/hWUSAhX#!encrypt#!1#!A#!encrypt#!5#!N@>==#!encrypt#!1#!/#!encrypt#!13#!NQff{/hWUSAhX#!encrypt#!1#!A#!encrypt#!6#!N~*z_.#!encrypt#!1#!/#!encrypt#!2#!Nn#!encrypt#!5#!N@>==#!encrypt#!6#!N~*z_.#!encrypt#!1#!/#!encrypt#!7#!N+Hk<^6#!encrypt#!8#!NDO?#}hW#!encrypt#!3#!N_
#!encrypt#!2#!		#!encrypt#!8#!iaYf3V^g#!encrypt#!1#!A#!encrypt#!8#!>le_&=o@#!encrypt#!10#!AXe]T}hWOx#!encrypt#!13#!FlEp2CKfm\YhC#!encrypt#!3#!NvT#!encrypt#!1#!p#!encrypt#!1#!/#!encrypt#!1#!
#!encrypt#!2#!		#!encrypt#!9#! lm/$f%^g#!encrypt#!1#!A#!encrypt#!9#!>le_&=GC+#!encrypt#!10#!AXe]T}hWOx#!encrypt#!13#!FlEp2CKfm\YhC#!encrypt#!3#!NvT#!encrypt#!1#!p#!encrypt#!1#!/#!encrypt#!1#!
#!encrypt#!2#!		#!encrypt#!4#!i%_i#!encrypt#!5#!iaYf3#!encrypt#!1#!
#!encrypt#!2#!		#!encrypt#!7#!Q4l{w;%#!encrypt#!5#!iaYf3#!encrypt#!1#!
#!encrypt#!2#!		#!encrypt#!4#! %_i#!encrypt#!1#!A#!encrypt#!6#! lm/$f#!encrypt#!3#!N+T#!encrypt#!1#!A#!encrypt#!1#!A#!encrypt#!4#!!7O?#!encrypt#!3#!NiT#!encrypt#!5#!4lmPT#!encrypt#!9#!AXe]T}hW<#!encrypt#!1#!/#!encrypt#!3#!NiT#!encrypt#!5#!iaYf3#!encrypt#!1#!/#!encrypt#!1#!/#!encrypt#!1#!
#!encrypt#!2#!		#!encrypt#!7#!Q4l`w;%#!encrypt#!1#!A#!encrypt#!6#! lm/$f#!encrypt#!3#!N+T#!encrypt#!1#!A#!encrypt#!1#!A#!encrypt#!4#!!7O?#!encrypt#!3#!NiT#!encrypt#!5#!4lmPT#!encrypt#!9#!AXe]T}hW<#!encrypt#!1#!/#!encrypt#!3#!NiT#!encrypt#!5#!iaYf3#!encrypt#!1#!/#!encrypt#!1#!/#!encrypt#!1#!
#!encrypt#!2#!		#!encrypt#!7#!Cl`{w;%#!encrypt#!5#!iaYf3#!encrypt#!1#!
#!encrypt#!2#!		#!encrypt#!7#!Cl``w;%#!encrypt#!1#! #!encrypt#!1#!
#!encrypt#!3#!	9
#!encrypt#!1#!
#!encrypt#!4#!N%Ti#!encrypt#!6#!t([J6o#!encrypt#!2#!N1#!encrypt#!1#!A#!encrypt#!8#!NDO?#}h]#!encrypt#!1#!/#!encrypt#!8#!NXe]T}h]#!encrypt#!13#!NQff{/h]USAhX#!encrypt#!1#!A#!encrypt#!5#!N@>==#!encrypt#!1#!/#!encrypt#!13#!NQff{/h]USAhX#!encrypt#!1#!A#!encrypt#!6#!N~*z_.#!encrypt#!1#!/#!encrypt#!2#!Nn#!encrypt#!5#!N@>==#!encrypt#!6#!N~*z_.#!encrypt#!1#!/#!encrypt#!7#!N+Hk<^6#!encrypt#!8#!NDO?#}h]#!encrypt#!3#!N_
#!encrypt#!2#!		#!encrypt#!8#!iaYf3V^g#!encrypt#!1#!A#!encrypt#!8#!>le_&=o@#!encrypt#!10#!AXe]T}h]Ox#!encrypt#!13#!FlEp2Chfm\YhC#!encrypt#!3#!NvT#!encrypt#!1#!p#!encrypt#!1#!/#!encrypt#!1#!
#!encrypt#!2#!		#!encrypt#!9#! lm/$f%^g#!encrypt#!1#!A#!encrypt#!9#!>le_&=GC+#!encrypt#!10#!AXe]T}h]Ox#!encrypt#!13#!FlEp2Chfm\YhC#!encrypt#!3#!NvT#!encrypt#!1#!p#!encrypt#!1#!/#!encrypt#!1#!
#!encrypt#!2#!		#!encrypt#!4#!i%_i#!encrypt#!5#!iaYf3#!encrypt#!1#!
#!encrypt#!2#!		#!encrypt#!7#!Q4l{w;%#!encrypt#!5#!iaYf3#!encrypt#!1#!
#!encrypt#!2#!		#!encrypt#!4#! %_i#!encrypt#!1#!A#!encrypt#!6#! lm/$f#!encrypt#!3#!N+T#!encrypt#!1#!A#!encrypt#!1#!A#!encrypt#!4#!!7O?#!encrypt#!3#!NiT#!encrypt#!5#!4lmPT#!encrypt#!9#!AXe]T}h]<#!encrypt#!1#!/#!encrypt#!3#!NiT#!encrypt#!5#!iaYf3#!encrypt#!1#!/#!encrypt#!1#!/#!encrypt#!1#!
#!encrypt#!2#!		#!encrypt#!7#!Q4l`w;%#!encrypt#!1#!A#!encrypt#!6#! lm/$f#!encrypt#!3#!N+T#!encrypt#!1#!A#!encrypt#!1#!A#!encrypt#!4#!!7O?#!encrypt#!3#!NiT#!encrypt#!5#!4lmPT#!encrypt#!9#!AXe]T}h]<#!encrypt#!1#!/#!encrypt#!3#!NiT#!encrypt#!5#!iaYf3#!encrypt#!1#!/#!encrypt#!1#!/#!encrypt#!1#!
#!encrypt#!2#!		#!encrypt#!7#!Cl`{w;%#!encrypt#!5#!iaYf3#!encrypt#!1#!
#!encrypt#!2#!		#!encrypt#!7#!Cl``w;%#!encrypt#!1#! #!encrypt#!1#!
#!encrypt#!3#!	9
#!encrypt#!1#!
#!encrypt#!4#!N%Ti#!encrypt#!6#!t([J6o#!encrypt#!2#!N1#!encrypt#!1#!A#!encrypt#!8#!NDO?#d?0#!encrypt#!1#!/#!encrypt#!11#!NXe]Td?0Pk4#!encrypt#!11#!NoY_7?_[Z.Y#!encrypt#!1#!A#!encrypt#!5#!N@>==#!encrypt#!1#!/#!encrypt#!11#!NoY_7?_[Z.Y#!encrypt#!1#!A#!encrypt#!6#!N~*z_.#!encrypt#!1#!/#!encrypt#!11#!N{J\?d*>1/,#!encrypt#!1#!A#!encrypt#!2#!Nj#!encrypt#!1#!/#!encrypt#!2#!Nn#!encrypt#!5#!N@>==#!encrypt#!6#!N~*z_.#!encrypt#!1#!/#!encrypt#!7#!N+Hk<^6#!encrypt#!8#!NDO?#d?0#!encrypt#!3#!N_
#!encrypt#!2#!		#!encrypt#!8#!iaYf3V^g#!encrypt#!1#!A#!encrypt#!8#!>le_&=o@#!encrypt#!13#!AXe]Td?0Pk4[I#!encrypt#!11#!?)y+7=o@_.U#!encrypt#!3#!NvT#!encrypt#!1#!p#!encrypt#!1#!/#!encrypt#!1#!
#!encrypt#!2#!		#!encrypt#!9#! lm/$f%^g#!encrypt#!1#!A#!encrypt#!9#!>le_&=GC+#!encrypt#!13#!AXe]Td?0Pk4[I#!encrypt#!11#!?)y+7=o@_.U#!encrypt#!3#!NvT#!encrypt#!1#!p#!encrypt#!1#!/#!encrypt#!1#!
#!encrypt#!2#!		#!encrypt#!4#!i%_i#!encrypt#!5#!iaYf3#!encrypt#!1#!
#!encrypt#!2#!		#!encrypt#!7#!Q4l{w;%#!encrypt#!5#!iaYf3#!encrypt#!1#!
#!encrypt#!2#!		#!encrypt#!4#! %_i#!encrypt#!1#!A#!encrypt#!6#! lm/$f#!encrypt#!3#!N+T#!encrypt#!1#!A#!encrypt#!1#!A#!encrypt#!4#!!7O?#!encrypt#!3#!NiT#!encrypt#!5#!4lmPT#!encrypt#!12#!AXe]Td?0Pk4Q#!encrypt#!1#!/#!encrypt#!3#!NiT#!encrypt#!5#!iaYf3#!encrypt#!1#!/#!encrypt#!1#!/#!encrypt#!1#!
#!encrypt#!2#!		#!encrypt#!7#!Q4l`w;%#!encrypt#!1#!A#!encrypt#!6#! lm/$f#!encrypt#!3#!N+T#!encrypt#!1#!A#!encrypt#!1#!A#!encrypt#!4#!!7O?#!encrypt#!3#!NiT#!encrypt#!5#!4lmPT#!encrypt#!12#!AXe]Td?0Pk4Q#!encrypt#!1#!/#!encrypt#!3#!NiT#!encrypt#!5#!iaYf3#!encrypt#!1#!/#!encrypt#!1#!/#!encrypt#!1#!
#!encrypt#!2#!		#!encrypt#!7#!Cl`{w;%#!encrypt#!5#!iaYf3#!encrypt#!1#!
#!encrypt#!2#!		#!encrypt#!7#!Cl``w;%#!encrypt#!1#! #!encrypt#!1#!
#!encrypt#!3#!	9
#!encrypt#!1#!
#!encrypt#!4#!N%Ti#!encrypt#!6#!t([J6o#!encrypt#!2#!N1#!encrypt#!1#!A#!encrypt#!9#!NDO?#%75x#!encrypt#!1#!/#!encrypt#!12#!NXe]T%75xX4G#!encrypt#!11#!NoY_7?_[Z.Y#!encrypt#!1#!A#!encrypt#!5#!N@>==#!encrypt#!1#!/#!encrypt#!11#!NoY_7?_[Z.Y#!encrypt#!1#!A#!encrypt#!6#!N~*z_.#!encrypt#!1#!/#!encrypt#!11#!N{J\?d*>1/,#!encrypt#!1#!A#!encrypt#!2#!Nj#!encrypt#!1#!/#!encrypt#!2#!Nn#!encrypt#!5#!N@>==#!encrypt#!6#!N~*z_.#!encrypt#!1#!/#!encrypt#!7#!N+Hk<^6#!encrypt#!9#!NDO?#%75x#!encrypt#!3#!N_
#!encrypt#!2#!		#!encrypt#!8#!iaYf3V^g#!encrypt#!1#!A#!encrypt#!8#!>le_&=o@#!encrypt#!14#!AXe]T%75xX4G5u#!encrypt#!11#!?)y+7=o@_.U#!encrypt#!3#!NvT#!encrypt#!1#!p#!encrypt#!1#!/#!encrypt#!1#!
#!encrypt#!2#!		#!encrypt#!9#! lm/$f%^g#!encrypt#!1#!A#!encrypt#!9#!>le_&=GC+#!encrypt#!14#!AXe]T%75xX4G5u#!encrypt#!11#!?)y+7=o@_.U#!encrypt#!3#!NvT#!encrypt#!1#!p#!encrypt#!1#!/#!encrypt#!1#!
#!encrypt#!2#!		#!encrypt#!4#!i%_i#!encrypt#!5#!iaYf3#!encrypt#!1#!
#!encrypt#!2#!		#!encrypt#!7#!Q4l{w;%#!encrypt#!5#!iaYf3#!encrypt#!1#!
#!encrypt#!2#!		#!encrypt#!4#! %_i#!encrypt#!1#!A#!encrypt#!6#! lm/$f#!encrypt#!3#!N+T#!encrypt#!1#!A#!encrypt#!1#!A#!encrypt#!4#!!7O?#!encrypt#!3#!NiT#!encrypt#!5#!4lmPT#!encrypt#!13#!AXe]T%75xX4GC#!encrypt#!1#!/#!encrypt#!3#!NiT#!encrypt#!5#!iaYf3#!encrypt#!1#!/#!encrypt#!1#!/#!encrypt#!1#!
#!encrypt#!2#!		#!encrypt#!7#!Q4l`w;%#!encrypt#!1#!A#!encrypt#!6#! lm/$f#!encrypt#!3#!N+T#!encrypt#!1#!A#!encrypt#!1#!A#!encrypt#!4#!!7O?#!encrypt#!3#!NiT#!encrypt#!5#!4lmPT#!encrypt#!13#!AXe]T%75xX4GC#!encrypt#!1#!/#!encrypt#!3#!NiT#!encrypt#!5#!iaYf3#!encrypt#!1#!/#!encrypt#!1#!/#!encrypt#!1#!
#!encrypt#!2#!		#!encrypt#!7#!Cl`{w;%#!encrypt#!5#!iaYf3#!encrypt#!1#!
#!encrypt#!2#!		#!encrypt#!7#!Cl``w;%#!encrypt#!1#! #!encrypt#!1#!
#!encrypt#!3#!	9
#!encrypt#!1#!
#!encrypt#!4#!N%Ti#!encrypt#!6#!t([J6o#!encrypt#!2#!N1#!encrypt#!1#!A#!encrypt#!8#!NDO?#d?l#!encrypt#!1#!/#!encrypt#!11#!NXe]Td?lZ_b#!encrypt#!10#!N{M~x=o@_.#!encrypt#!1#!A#!encrypt#!5#!N@>==#!encrypt#!1#!/#!encrypt#!10#!N{M~x=o@_.#!encrypt#!1#!A#!encrypt#!6#!N~*z_.#!encrypt#!1#!/#!encrypt#!11#!N{J\?d*>1/,#!encrypt#!1#!A#!encrypt#!2#!Nj#!encrypt#!1#!/#!encrypt#!2#!Nn#!encrypt#!5#!N@>==#!encrypt#!6#!N~*z_.#!encrypt#!1#!/#!encrypt#!7#!N+Hk<^6#!encrypt#!8#!NDO?#d?l#!encrypt#!3#!N_
#!encrypt#!2#!		#!encrypt#!8#!iaYf3V^g#!encrypt#!1#!A#!encrypt#!8#!>le_&=o@#!encrypt#!13#!AXe]Td?lZ_b[I#!encrypt#!10#!><-gqwG5_Q#!encrypt#!3#!NvT#!encrypt#!1#!p#!encrypt#!1#!/#!encrypt#!1#!
#!encrypt#!2#!		#!encrypt#!9#! lm/$f%^g#!encrypt#!1#!A#!encrypt#!9#!>le_&=GC+#!encrypt#!13#!AXe]Td?lZ_b[I#!encrypt#!10#!><-gqwG5_Q#!encrypt#!3#!NvT#!encrypt#!1#!p#!encrypt#!1#!/#!encrypt#!1#!
#!encrypt#!2#!		#!encrypt#!4#!i%_i#!encrypt#!5#!iaYf3#!encrypt#!1#!
#!encrypt#!2#!		#!encrypt#!7#!Q4l{w;%#!encrypt#!5#!iaYf3#!encrypt#!1#!
#!encrypt#!2#!		#!encrypt#!4#! %_i#!encrypt#!1#!A#!encrypt#!6#! lm/$f#!encrypt#!3#!N+T#!encrypt#!1#!A#!encrypt#!1#!A#!encrypt#!4#!!7O?#!encrypt#!3#!NiT#!encrypt#!5#!4lmPT#!encrypt#!12#!AXe]Td?lZ_bQ#!encrypt#!1#!/#!encrypt#!3#!NiT#!encrypt#!5#!iaYf3#!encrypt#!1#!/#!encrypt#!1#!/#!encrypt#!1#!
#!encrypt#!2#!		#!encrypt#!7#!Q4l`w;%#!encrypt#!1#!A#!encrypt#!6#! lm/$f#!encrypt#!3#!N+T#!encrypt#!1#!A#!encrypt#!1#!A#!encrypt#!4#!!7O?#!encrypt#!3#!NiT#!encrypt#!5#!4lmPT#!encrypt#!12#!AXe]Td?lZ_bQ#!encrypt#!1#!/#!encrypt#!3#!NiT#!encrypt#!5#!iaYf3#!encrypt#!1#!/#!encrypt#!1#!/#!encrypt#!1#!
#!encrypt#!2#!		#!encrypt#!7#!Cl`{w;%#!encrypt#!5#!iaYf3#!encrypt#!1#!
#!encrypt#!2#!		#!encrypt#!7#!Cl``w;%#!encrypt#!1#! #!encrypt#!1#!
#!encrypt#!3#!	9
#!encrypt#!1#!
#!encrypt#!4#!N%Ti#!encrypt#!6#!t([J6o#!encrypt#!2#!N1#!encrypt#!1#!A#!encrypt#!8#!NDO?#d?l#!encrypt#!1#!/#!encrypt#!14#!NXe]Td?lZ_bOXp#!encrypt#!10#!N{M~x=o@_.#!encrypt#!1#!A#!encrypt#!5#!N@>==#!encrypt#!1#!/#!encrypt#!10#!N{M~x=o@_.#!encrypt#!1#!A#!encrypt#!6#!N~*z_.#!encrypt#!1#!/#!encrypt#!11#!No<]2/_[Z.Y#!encrypt#!1#!A#!encrypt#!2#!Nj#!encrypt#!1#!/#!encrypt#!2#!Nn#!encrypt#!5#!N@>==#!encrypt#!6#!N~*z_.#!encrypt#!1#!/#!encrypt#!7#!N+Hk<^6#!encrypt#!8#!NDO?#d?l#!encrypt#!3#!N_
#!encrypt#!2#!		#!encrypt#!8#!iaYf3V^g#!encrypt#!1#!A#!encrypt#!8#!>le_&=o@#!encrypt#!16#!AXe]Td?lZ_bOXp=3#!encrypt#!10#!><-gqwG5_Q#!encrypt#!3#!NvT#!encrypt#!1#!p#!encrypt#!1#!/#!encrypt#!1#!
#!encrypt#!2#!		#!encrypt#!9#! lm/$f%^g#!encrypt#!1#!A#!encrypt#!9#!>le_&=GC+#!encrypt#!16#!AXe]Td?lZ_bOXp=3#!encrypt#!10#!><-gqwG5_Q#!encrypt#!3#!NvT#!encrypt#!1#!p#!encrypt#!1#!/#!encrypt#!1#!
#!encrypt#!2#!		#!encrypt#!4#!i%_i#!encrypt#!5#!iaYf3#!encrypt#!1#!
#!encrypt#!2#!		#!encrypt#!7#!Q4l{w;%#!encrypt#!5#!iaYf3#!encrypt#!1#!
#!encrypt#!2#!		#!encrypt#!4#! %_i#!encrypt#!1#!A#!encrypt#!6#! lm/$f#!encrypt#!3#!N+T#!encrypt#!1#!A#!encrypt#!1#!A#!encrypt#!4#!!7O?#!encrypt#!3#!NiT#!encrypt#!5#!4lmPT#!encrypt#!15#!AXe]Td?lZ_bOXpf#!encrypt#!1#!/#!encrypt#!3#!NiT#!encrypt#!5#!iaYf3#!encrypt#!1#!/#!encrypt#!1#!/#!encrypt#!1#!
#!encrypt#!2#!		#!encrypt#!7#!Q4l`w;%#!encrypt#!1#!A#!encrypt#!6#! lm/$f#!encrypt#!3#!N+T#!encrypt#!1#!A#!encrypt#!1#!A#!encrypt#!4#!!7O?#!encrypt#!3#!NiT#!encrypt#!5#!4lmPT#!encrypt#!15#!AXe]Td?lZ_bOXpf#!encrypt#!1#!/#!encrypt#!3#!NiT#!encrypt#!5#!iaYf3#!encrypt#!1#!/#!encrypt#!1#!/#!encrypt#!1#!
#!encrypt#!2#!		#!encrypt#!7#!Cl`{w;%#!encrypt#!5#!iaYf3#!encrypt#!1#!
#!encrypt#!2#!		#!encrypt#!7#!Cl``w;%#!encrypt#!1#! #!encrypt#!1#!
#!encrypt#!3#!	9
#!encrypt#!1#!
#!encrypt#!4#!N%Ti#!encrypt#!6#!t([J6o#!encrypt#!2#!N1#!encrypt#!1#!A#!encrypt#!9#!NDO?#%75y#!encrypt#!1#!/#!encrypt#!12#!NXe]T%75y\=R#!encrypt#!10#!N{M~x=o@_.#!encrypt#!1#!A#!encrypt#!5#!N@>==#!encrypt#!1#!/#!encrypt#!10#!N{M~x=o@_.#!encrypt#!1#!A#!encrypt#!6#!N~*z_.#!encrypt#!1#!/#!encrypt#!11#!N{J\?d*>1/,#!encrypt#!1#!A#!encrypt#!2#!Nj#!encrypt#!1#!/#!encrypt#!2#!Nn#!encrypt#!5#!N@>==#!encrypt#!6#!N~*z_.#!encrypt#!1#!/#!encrypt#!7#!N+Hk<^6#!encrypt#!9#!NDO?#%75y#!encrypt#!3#!N_
#!encrypt#!2#!		#!encrypt#!8#!iaYf3V^g#!encrypt#!1#!A#!encrypt#!8#!>le_&=o@#!encrypt#!14#!AXe]T%75y\=R5u#!encrypt#!10#!><-gqwG5_Q#!encrypt#!3#!NvT#!encrypt#!1#!p#!encrypt#!1#!/#!encrypt#!1#!
#!encrypt#!2#!		#!encrypt#!9#! lm/$f%^g#!encrypt#!1#!A#!encrypt#!9#!>le_&=GC+#!encrypt#!14#!AXe]T%75y\=R5u#!encrypt#!10#!><-gqwG5_Q#!encrypt#!3#!NvT#!encrypt#!1#!p#!encrypt#!1#!/#!encrypt#!1#!
#!encrypt#!2#!		#!encrypt#!4#!i%_i#!encrypt#!5#!iaYf3#!encrypt#!1#!
#!encrypt#!2#!		#!encrypt#!7#!Q4l{w;%#!encrypt#!5#!iaYf3#!encrypt#!1#!
#!encrypt#!2#!		#!encrypt#!4#! %_i#!encrypt#!1#!A#!encrypt#!6#! lm/$f#!encrypt#!3#!N+T#!encrypt#!1#!A#!encrypt#!1#!A#!encrypt#!4#!!7O?#!encrypt#!3#!NiT#!encrypt#!5#!4lmPT#!encrypt#!13#!AXe]T%75y\=RC#!encrypt#!1#!/#!encrypt#!3#!NiT#!encrypt#!5#!iaYf3#!encrypt#!1#!/#!encrypt#!1#!/#!encrypt#!1#!
#!encrypt#!2#!		#!encrypt#!7#!Q4l`w;%#!encrypt#!1#!A#!encrypt#!6#! lm/$f#!encrypt#!3#!N+T#!encrypt#!1#!A#!encrypt#!1#!A#!encrypt#!4#!!7O?#!encrypt#!3#!NiT#!encrypt#!5#!4lmPT#!encrypt#!13#!AXe]T%75y\=RC#!encrypt#!1#!/#!encrypt#!3#!NiT#!encrypt#!5#!iaYf3#!encrypt#!1#!/#!encrypt#!1#!/#!encrypt#!1#!
#!encrypt#!2#!		#!encrypt#!7#!Cl`{w;%#!encrypt#!5#!iaYf3#!encrypt#!1#!
#!encrypt#!2#!		#!encrypt#!7#!Cl``w;%#!encrypt#!1#! #!encrypt#!1#!
#!encrypt#!3#!	9
#!encrypt#!1#!
#!encrypt#!4#!N%Ti#!encrypt#!6#!t([J6o#!encrypt#!2#!N1#!encrypt#!1#!A#!encrypt#!9#!NDO?#%75y#!encrypt#!1#!/#!encrypt#!15#!NXe]T%75y\=RG[E#!encrypt#!10#!N{M~x=o@_.#!encrypt#!1#!A#!encrypt#!5#!N@>==#!encrypt#!1#!/#!encrypt#!10#!N{M~x=o@_.#!encrypt#!1#!A#!encrypt#!6#!N~*z_.#!encrypt#!1#!/#!encrypt#!11#!No<]2/_[Z.Y#!encrypt#!1#!A#!encrypt#!2#!Nj#!encrypt#!1#!/#!encrypt#!2#!Nn#!encrypt#!5#!N@>==#!encrypt#!6#!N~*z_.#!encrypt#!1#!/#!encrypt#!7#!N+Hk<^6#!encrypt#!9#!NDO?#%75y#!encrypt#!3#!N_
#!encrypt#!2#!		#!encrypt#!8#!iaYf3V^g#!encrypt#!1#!A#!encrypt#!8#!>le_&=o@#!encrypt#!17#!AXe]T%75y\=RG[E1`#!encrypt#!10#!><-gqwG5_Q#!encrypt#!3#!NvT#!encrypt#!1#!p#!encrypt#!1#!/#!encrypt#!1#!
#!encrypt#!2#!		#!encrypt#!9#! lm/$f%^g#!encrypt#!1#!A#!encrypt#!9#!>le_&=GC+#!encrypt#!17#!AXe]T%75y\=RG[E1`#!encrypt#!10#!><-gqwG5_Q#!encrypt#!3#!NvT#!encrypt#!1#!p#!encrypt#!1#!/#!encrypt#!1#!
#!encrypt#!2#!		#!encrypt#!4#!i%_i#!encrypt#!5#!iaYf3#!encrypt#!1#!
#!encrypt#!2#!		#!encrypt#!7#!Q4l{w;%#!encrypt#!5#!iaYf3#!encrypt#!1#!
#!encrypt#!2#!		#!encrypt#!4#! %_i#!encrypt#!1#!A#!encrypt#!6#! lm/$f#!encrypt#!3#!N+T#!encrypt#!1#!A#!encrypt#!1#!A#!encrypt#!4#!!7O?#!encrypt#!3#!NiT#!encrypt#!5#!4lmPT#!encrypt#!16#!AXe]T%75y\=RG[E(#!encrypt#!1#!/#!encrypt#!3#!NiT#!encrypt#!5#!iaYf3#!encrypt#!1#!/#!encrypt#!1#!/#!encrypt#!1#!
#!encrypt#!2#!		#!encrypt#!7#!Q4l`w;%#!encrypt#!1#!A#!encrypt#!6#! lm/$f#!encrypt#!3#!N+T#!encrypt#!1#!A#!encrypt#!1#!A#!encrypt#!4#!!7O?#!encrypt#!3#!NiT#!encrypt#!5#!4lmPT#!encrypt#!16#!AXe]T%75y\=RG[E(#!encrypt#!1#!/#!encrypt#!3#!NiT#!encrypt#!5#!iaYf3#!encrypt#!1#!/#!encrypt#!1#!/#!encrypt#!1#!
#!encrypt#!2#!		#!encrypt#!7#!Cl`{w;%#!encrypt#!5#!iaYf3#!encrypt#!1#!
#!encrypt#!2#!		#!encrypt#!7#!Cl``w;%#!encrypt#!1#! #!encrypt#!1#!
#!encrypt#!3#!	9
#!encrypt#!1#!
#!encrypt#!4#!N%Ti#!encrypt#!6#!t([J6o#!encrypt#!2#!N1#!encrypt#!1#!A#!encrypt#!8#!NDO?#dM0#!encrypt#!1#!/#!encrypt#!11#!NXe]TdM0Pk4#!encrypt#!11#!N{Y_7?_[Z.Y#!encrypt#!1#!A#!encrypt#!5#!N@>==#!encrypt#!1#!/#!encrypt#!11#!N{Y_7?_[Z.Y#!encrypt#!1#!A#!encrypt#!6#!N~*z_.#!encrypt#!1#!/#!encrypt#!11#!No<]2/_[Z.Y#!encrypt#!1#!A#!encrypt#!2#!Nj#!encrypt#!1#!/#!encrypt#!2#!Nn#!encrypt#!5#!N@>==#!encrypt#!6#!N~*z_.#!encrypt#!1#!/#!encrypt#!7#!N+Hk<^6#!encrypt#!8#!NDO?#dM0#!encrypt#!3#!N_
#!encrypt#!2#!		#!encrypt#!8#!iaYf3V^g#!encrypt#!1#!A#!encrypt#!8#!>le_&=o@#!encrypt#!13#!AXe]TdM0Pk4[I#!encrypt#!11#!>)y+7=o@_.U#!encrypt#!3#!NvT#!encrypt#!1#!p#!encrypt#!1#!/#!encrypt#!1#!
#!encrypt#!2#!		#!encrypt#!9#! lm/$f%^g#!encrypt#!1#!A#!encrypt#!9#!>le_&=GC+#!encrypt#!13#!AXe]TdM0Pk4[I#!encrypt#!11#!>)y+7=o@_.U#!encrypt#!3#!NvT#!encrypt#!1#!p#!encrypt#!1#!/#!encrypt#!1#!
#!encrypt#!2#!		#!encrypt#!4#!i%_i#!encrypt#!5#!iaYf3#!encrypt#!1#!
#!encrypt#!2#!		#!encrypt#!7#!Q4l{w;%#!encrypt#!5#!iaYf3#!encrypt#!1#!
#!encrypt#!2#!		#!encrypt#!4#! %_i#!encrypt#!1#!A#!encrypt#!6#! lm/$f#!encrypt#!3#!N+T#!encrypt#!1#!A#!encrypt#!1#!A#!encrypt#!4#!!7O?#!encrypt#!3#!NiT#!encrypt#!5#!4lmPT#!encrypt#!12#!AXe]TdM0Pk4Q#!encrypt#!1#!/#!encrypt#!3#!NiT#!encrypt#!5#!iaYf3#!encrypt#!1#!/#!encrypt#!1#!/#!encrypt#!1#!
#!encrypt#!2#!		#!encrypt#!7#!Q4l`w;%#!encrypt#!1#!A#!encrypt#!6#! lm/$f#!encrypt#!3#!N+T#!encrypt#!1#!A#!encrypt#!1#!A#!encrypt#!4#!!7O?#!encrypt#!3#!NiT#!encrypt#!5#!4lmPT#!encrypt#!12#!AXe]TdM0Pk4Q#!encrypt#!1#!/#!encrypt#!3#!NiT#!encrypt#!5#!iaYf3#!encrypt#!1#!/#!encrypt#!1#!/#!encrypt#!1#!
#!encrypt#!2#!		#!encrypt#!7#!Cl`{w;%#!encrypt#!5#!iaYf3#!encrypt#!1#!
#!encrypt#!2#!		#!encrypt#!7#!Cl``w;%#!encrypt#!1#! #!encrypt#!1#!
#!encrypt#!3#!	9
#!encrypt#!1#!
#!encrypt#!4#!N%Ti#!encrypt#!6#!t([J6o#!encrypt#!2#!N1#!encrypt#!1#!A#!encrypt#!9#!NDO?#%7lx#!encrypt#!1#!/#!encrypt#!12#!NXe]T%7lxX4G#!encrypt#!11#!N{Y_7?_[Z.Y#!encrypt#!1#!A#!encrypt#!5#!N@>==#!encrypt#!1#!/#!encrypt#!11#!N{Y_7?_[Z.Y#!encrypt#!1#!A#!encrypt#!6#!N~*z_.#!encrypt#!1#!/#!encrypt#!11#!No<]2/_[Z.Y#!encrypt#!1#!A#!encrypt#!2#!Nj#!encrypt#!1#!/#!encrypt#!2#!Nn#!encrypt#!5#!N@>==#!encrypt#!6#!N~*z_.#!encrypt#!1#!/#!encrypt#!7#!N+Hk<^6#!encrypt#!9#!NDO?#%7lx#!encrypt#!3#!N_
#!encrypt#!2#!		#!encrypt#!8#!iaYf3V^g#!encrypt#!1#!A#!encrypt#!8#!>le_&=o@#!encrypt#!14#!AXe]T%7lxX4G5u#!encrypt#!11#!>)y+7=o@_.U#!encrypt#!3#!NvT#!encrypt#!1#!p#!encrypt#!1#!/#!encrypt#!1#!
#!encrypt#!2#!		#!encrypt#!9#! lm/$f%^g#!encrypt#!1#!A#!encrypt#!9#!>le_&=GC+#!encrypt#!14#!AXe]T%7lxX4G5u#!encrypt#!11#!>)y+7=o@_.U#!encrypt#!3#!NvT#!encrypt#!1#!p#!encrypt#!1#!/#!encrypt#!1#!
#!encrypt#!2#!		#!encrypt#!4#!i%_i#!encrypt#!5#!iaYf3#!encrypt#!1#!
#!encrypt#!2#!		#!encrypt#!7#!Q4l{w;%#!encrypt#!5#!iaYf3#!encrypt#!1#!
#!encrypt#!2#!		#!encrypt#!4#! %_i#!encrypt#!1#!A#!encrypt#!6#! lm/$f#!encrypt#!3#!N+T#!encrypt#!1#!A#!encrypt#!1#!A#!encrypt#!4#!!7O?#!encrypt#!3#!NiT#!encrypt#!5#!4lmPT#!encrypt#!13#!AXe]T%7lxX4GC#!encrypt#!1#!/#!encrypt#!3#!NiT#!encrypt#!5#!iaYf3#!encrypt#!1#!/#!encrypt#!1#!/#!encrypt#!1#!
#!encrypt#!2#!		#!encrypt#!7#!Q4l`w;%#!encrypt#!1#!A#!encrypt#!6#! lm/$f#!encrypt#!3#!N+T#!encrypt#!1#!A#!encrypt#!1#!A#!encrypt#!4#!!7O?#!encrypt#!3#!NiT#!encrypt#!5#!4lmPT#!encrypt#!13#!AXe]T%7lxX4GC#!encrypt#!1#!/#!encrypt#!3#!NiT#!encrypt#!5#!iaYf3#!encrypt#!1#!/#!encrypt#!1#!/#!encrypt#!1#!
#!encrypt#!2#!		#!encrypt#!7#!Cl`{w;%#!encrypt#!5#!iaYf3#!encrypt#!1#!
#!encrypt#!2#!		#!encrypt#!7#!Cl``w;%#!encrypt#!1#! #!encrypt#!1#!
#!encrypt#!3#!	9
#!encrypt#!1#!
#!encrypt#!4#!N%Ti#!encrypt#!6#!t([J6o#!encrypt#!2#!N1#!encrypt#!1#!A#!encrypt#!8#!NDO?#dMl#!encrypt#!1#!/#!encrypt#!11#!NXe]TdMlZ_b#!encrypt#!10#!N{M~x=o@_.#!encrypt#!1#!A#!encrypt#!5#!N@>==#!encrypt#!1#!/#!encrypt#!10#!N{M~x=o@_.#!encrypt#!1#!A#!encrypt#!6#!N~*z_.#!encrypt#!1#!/#!encrypt#!11#!N{J\?d*>1/,#!encrypt#!1#!A#!encrypt#!2#!Nj#!encrypt#!1#!/#!encrypt#!2#!Nn#!encrypt#!5#!N@>==#!encrypt#!6#!N~*z_.#!encrypt#!1#!/#!encrypt#!7#!N+Hk<^6#!encrypt#!8#!NDO?#dMl#!encrypt#!3#!N_
#!encrypt#!2#!		#!encrypt#!8#!iaYf3V^g#!encrypt#!1#!A#!encrypt#!8#!>le_&=o@#!encrypt#!13#!AXe]TdMlZ_b[I#!encrypt#!10#!><-gqwG5_Q#!encrypt#!3#!NvT#!encrypt#!1#!p#!encrypt#!1#!/#!encrypt#!1#!
#!encrypt#!2#!		#!encrypt#!9#! lm/$f%^g#!encrypt#!1#!A#!encrypt#!9#!>le_&=GC+#!encrypt#!13#!AXe]TdMlZ_b[I#!encrypt#!10#!><-gqwG5_Q#!encrypt#!3#!NvT#!encrypt#!1#!p#!encrypt#!1#!/#!encrypt#!1#!
#!encrypt#!2#!		#!encrypt#!4#!i%_i#!encrypt#!5#!iaYf3#!encrypt#!1#!
#!encrypt#!2#!		#!encrypt#!7#!Q4l{w;%#!encrypt#!5#!iaYf3#!encrypt#!1#!
#!encrypt#!2#!		#!encrypt#!4#! %_i#!encrypt#!1#!A#!encrypt#!6#! lm/$f#!encrypt#!3#!N+T#!encrypt#!1#!A#!encrypt#!1#!A#!encrypt#!4#!!7O?#!encrypt#!3#!NiT#!encrypt#!5#!4lmPT#!encrypt#!12#!AXe]TdMlZ_bQ#!encrypt#!1#!/#!encrypt#!3#!NiT#!encrypt#!5#!iaYf3#!encrypt#!1#!/#!encrypt#!1#!/#!encrypt#!1#!
#!encrypt#!2#!		#!encrypt#!7#!Q4l`w;%#!encrypt#!1#!A#!encrypt#!6#! lm/$f#!encrypt#!3#!N+T#!encrypt#!1#!A#!encrypt#!1#!A#!encrypt#!4#!!7O?#!encrypt#!3#!NiT#!encrypt#!5#!4lmPT#!encrypt#!12#!AXe]TdMlZ_bQ#!encrypt#!1#!/#!encrypt#!3#!NiT#!encrypt#!5#!iaYf3#!encrypt#!1#!/#!encrypt#!1#!/#!encrypt#!1#!
#!encrypt#!2#!		#!encrypt#!7#!Cl`{w;%#!encrypt#!5#!iaYf3#!encrypt#!1#!
#!encrypt#!2#!		#!encrypt#!7#!Cl``w;%#!encrypt#!1#! #!encrypt#!1#!
#!encrypt#!3#!	9
#!encrypt#!1#!
#!encrypt#!4#!N%Ti#!encrypt#!6#!t([J6o#!encrypt#!2#!N1#!encrypt#!1#!A#!encrypt#!8#!NDO?#dMl#!encrypt#!1#!/#!encrypt#!14#!NXe]TdMlZ_bOXp#!encrypt#!10#!N{M~x=o@_.#!encrypt#!1#!A#!encrypt#!5#!N@>==#!encrypt#!1#!/#!encrypt#!10#!N{M~x=o@_.#!encrypt#!1#!A#!encrypt#!6#!N~*z_.#!encrypt#!1#!/#!encrypt#!11#!No<]2/_[Z.Y#!encrypt#!1#!A#!encrypt#!2#!Nj#!encrypt#!1#!/#!encrypt#!2#!Nn#!encrypt#!5#!N@>==#!encrypt#!6#!N~*z_.#!encrypt#!1#!/#!encrypt#!7#!N+Hk<^6#!encrypt#!8#!NDO?#dMl#!encrypt#!3#!N_
#!encrypt#!2#!		#!encrypt#!8#!iaYf3V^g#!encrypt#!1#!A#!encrypt#!8#!>le_&=o@#!encrypt#!16#!AXe]TdMlZ_bOXp=3#!encrypt#!10#!><-gqwG5_Q#!encrypt#!3#!NvT#!encrypt#!1#!p#!encrypt#!1#!/#!encrypt#!1#!
#!encrypt#!2#!		#!encrypt#!9#! lm/$f%^g#!encrypt#!1#!A#!encrypt#!9#!>le_&=GC+#!encrypt#!16#!AXe]TdMlZ_bOXp=3#!encrypt#!10#!><-gqwG5_Q#!encrypt#!3#!NvT#!encrypt#!1#!p#!encrypt#!1#!/#!encrypt#!1#!
#!encrypt#!2#!		#!encrypt#!4#!i%_i#!encrypt#!5#!iaYf3#!encrypt#!1#!
#!encrypt#!2#!		#!encrypt#!7#!Q4l{w;%#!encrypt#!5#!iaYf3#!encrypt#!1#!
#!encrypt#!2#!		#!encrypt#!4#! %_i#!encrypt#!1#!A#!encrypt#!6#! lm/$f#!encrypt#!3#!N+T#!encrypt#!1#!A#!encrypt#!1#!A#!encrypt#!4#!!7O?#!encrypt#!3#!NiT#!encrypt#!5#!4lmPT#!encrypt#!15#!AXe]TdMlZ_bOXpf#!encrypt#!1#!/#!encrypt#!3#!NiT#!encrypt#!5#!iaYf3#!encrypt#!1#!/#!encrypt#!1#!/#!encrypt#!1#!
#!encrypt#!2#!		#!encrypt#!7#!Q4l`w;%#!encrypt#!1#!A#!encrypt#!6#! lm/$f#!encrypt#!3#!N+T#!encrypt#!1#!A#!encrypt#!1#!A#!encrypt#!4#!!7O?#!encrypt#!3#!NiT#!encrypt#!5#!4lmPT#!encrypt#!15#!AXe]TdMlZ_bOXpf#!encrypt#!1#!/#!encrypt#!3#!NiT#!encrypt#!5#!iaYf3#!encrypt#!1#!/#!encrypt#!1#!/#!encrypt#!1#!
#!encrypt#!2#!		#!encrypt#!7#!Cl`{w;%#!encrypt#!5#!iaYf3#!encrypt#!1#!
#!encrypt#!2#!		#!encrypt#!7#!Cl``w;%#!encrypt#!1#! #!encrypt#!1#!
#!encrypt#!3#!	9
#!encrypt#!1#!
#!encrypt#!4#!N%Ti#!encrypt#!6#!t([J6o#!encrypt#!2#!N1#!encrypt#!1#!A#!encrypt#!9#!NDO?#%7ly#!encrypt#!1#!/#!encrypt#!12#!NXe]T%7ly\=R#!encrypt#!10#!N{M~x=o@_.#!encrypt#!1#!A#!encrypt#!5#!N@>==#!encrypt#!1#!/#!encrypt#!10#!N{M~x=o@_.#!encrypt#!1#!A#!encrypt#!6#!N~*z_.#!encrypt#!1#!/#!encrypt#!11#!N{J\?d*>1/,#!encrypt#!1#!A#!encrypt#!2#!Nj#!encrypt#!1#!/#!encrypt#!2#!Nn#!encrypt#!5#!N@>==#!encrypt#!6#!N~*z_.#!encrypt#!1#!/#!encrypt#!7#!N+Hk<^6#!encrypt#!9#!NDO?#%7ly#!encrypt#!3#!N_
#!encrypt#!2#!		#!encrypt#!8#!iaYf3V^g#!encrypt#!1#!A#!encrypt#!8#!>le_&=o@#!encrypt#!14#!AXe]T%7ly\=R5u#!encrypt#!10#!><-gqwG5_Q#!encrypt#!3#!NvT#!encrypt#!1#!p#!encrypt#!1#!/#!encrypt#!1#!
#!encrypt#!2#!		#!encrypt#!9#! lm/$f%^g#!encrypt#!1#!A#!encrypt#!9#!>le_&=GC+#!encrypt#!14#!AXe]T%7ly\=R5u#!encrypt#!10#!><-gqwG5_Q#!encrypt#!3#!NvT#!encrypt#!1#!p#!encrypt#!1#!/#!encrypt#!1#!
#!encrypt#!2#!		#!encrypt#!4#!i%_i#!encrypt#!5#!iaYf3#!encrypt#!1#!
#!encrypt#!2#!		#!encrypt#!7#!Q4l{w;%#!encrypt#!5#!iaYf3#!encrypt#!1#!
#!encrypt#!2#!		#!encrypt#!4#! %_i#!encrypt#!1#!A#!encrypt#!6#! lm/$f#!encrypt#!3#!N+T#!encrypt#!1#!A#!encrypt#!1#!A#!encrypt#!4#!!7O?#!encrypt#!3#!NiT#!encrypt#!5#!4lmPT#!encrypt#!13#!AXe]T%7ly\=RC#!encrypt#!1#!/#!encrypt#!3#!NiT#!encrypt#!5#!iaYf3#!encrypt#!1#!/#!encrypt#!1#!/#!encrypt#!1#!
#!encrypt#!2#!		#!encrypt#!7#!Q4l`w;%#!encrypt#!1#!A#!encrypt#!6#! lm/$f#!encrypt#!3#!N+T#!encrypt#!1#!A#!encrypt#!1#!A#!encrypt#!4#!!7O?#!encrypt#!3#!NiT#!encrypt#!5#!4lmPT#!encrypt#!13#!AXe]T%7ly\=RC#!encrypt#!1#!/#!encrypt#!3#!NiT#!encrypt#!5#!iaYf3#!encrypt#!1#!/#!encrypt#!1#!/#!encrypt#!1#!
#!encrypt#!2#!		#!encrypt#!7#!Cl`{w;%#!encrypt#!5#!iaYf3#!encrypt#!1#!
#!encrypt#!2#!		#!encrypt#!7#!Cl``w;%#!encrypt#!1#! #!encrypt#!1#!
#!encrypt#!3#!	9
#!encrypt#!1#!
#!encrypt#!4#!N%Ti#!encrypt#!6#!t([J6o#!encrypt#!2#!N1#!encrypt#!1#!A#!encrypt#!9#!NDO?#%7ly#!encrypt#!1#!/#!encrypt#!15#!NXe]T%7ly\=RG[E#!encrypt#!10#!N{M~x=o@_.#!encrypt#!1#!A#!encrypt#!5#!N@>==#!encrypt#!1#!/#!encrypt#!10#!N{M~x=o@_.#!encrypt#!1#!A#!encrypt#!6#!N~*z_.#!encrypt#!1#!/#!encrypt#!11#!No<]2/_[Z.Y#!encrypt#!1#!A#!encrypt#!2#!Nj#!encrypt#!1#!/#!encrypt#!2#!Nn#!encrypt#!5#!N@>==#!encrypt#!6#!N~*z_.#!encrypt#!1#!/#!encrypt#!7#!N+Hk<^6#!encrypt#!9#!NDO?#%7ly#!encrypt#!3#!N_
#!encrypt#!2#!		#!encrypt#!8#!iaYf3V^g#!encrypt#!1#!A#!encrypt#!8#!>le_&=o@#!encrypt#!17#!AXe]T%7ly\=RG[E1`#!encrypt#!10#!><-gqwG5_Q#!encrypt#!3#!NvT#!encrypt#!1#!p#!encrypt#!1#!/#!encrypt#!1#!
#!encrypt#!2#!		#!encrypt#!9#! lm/$f%^g#!encrypt#!1#!A#!encrypt#!9#!>le_&=GC+#!encrypt#!17#!AXe]T%7ly\=RG[E1`#!encrypt#!10#!><-gqwG5_Q#!encrypt#!3#!NvT#!encrypt#!1#!p#!encrypt#!1#!/#!encrypt#!1#!
#!encrypt#!2#!		#!encrypt#!4#!i%_i#!encrypt#!5#!iaYf3#!encrypt#!1#!
#!encrypt#!2#!		#!encrypt#!7#!Q4l{w;%#!encrypt#!5#!iaYf3#!encrypt#!1#!
#!encrypt#!2#!		#!encrypt#!4#! %_i#!encrypt#!1#!A#!encrypt#!6#! lm/$f#!encrypt#!3#!N+T#!encrypt#!1#!A#!encrypt#!1#!A#!encrypt#!4#!!7O?#!encrypt#!3#!NiT#!encrypt#!5#!4lmPT#!encrypt#!16#!AXe]T%7ly\=RG[E(#!encrypt#!1#!/#!encrypt#!3#!NiT#!encrypt#!5#!iaYf3#!encrypt#!1#!/#!encrypt#!1#!/#!encrypt#!1#!
#!encrypt#!2#!		#!encrypt#!7#!Q4l`w;%#!encrypt#!1#!A#!encrypt#!6#! lm/$f#!encrypt#!3#!N+T#!encrypt#!1#!A#!encrypt#!1#!A#!encrypt#!4#!!7O?#!encrypt#!3#!NiT#!encrypt#!5#!4lmPT#!encrypt#!16#!AXe]T%7ly\=RG[E(#!encrypt#!1#!/#!encrypt#!3#!NiT#!encrypt#!5#!iaYf3#!encrypt#!1#!/#!encrypt#!1#!/#!encrypt#!1#!
#!encrypt#!2#!		#!encrypt#!7#!Cl`{w;%#!encrypt#!5#!iaYf3#!encrypt#!1#!
#!encrypt#!2#!		#!encrypt#!7#!Cl``w;%#!encrypt#!1#! #!encrypt#!1#!
#!encrypt#!3#!	9
#!encrypt#!1#!
#!encrypt#!4#!N%Ti#!encrypt#!6#!t([J6o#!encrypt#!2#!N1#!encrypt#!1#!A#!encrypt#!8#!NDO?#%Lo#!encrypt#!1#!/#!encrypt#!10#!NXe]T%Lo+X#!encrypt#!11#!No<]2/_[Z.Y#!encrypt#!1#!A#!encrypt#!5#!N@>==#!encrypt#!1#!/#!encrypt#!11#!No<]2/_[Z.Y#!encrypt#!1#!A#!encrypt#!6#!N~*z_.#!encrypt#!1#!/#!encrypt#!11#!N{J\?d*>1/,#!encrypt#!1#!A#!encrypt#!2#!Nj#!encrypt#!1#!/#!encrypt#!2#!Nn#!encrypt#!5#!N@>==#!encrypt#!6#!N~*z_.#!encrypt#!1#!/#!encrypt#!7#!N+Hk<^6#!encrypt#!8#!NDO?#%Lo#!encrypt#!3#!N_
#!encrypt#!2#!		#!encrypt#!8#!iaYf3V^g#!encrypt#!1#!A#!encrypt#!8#!>le_&=o@#!encrypt#!12#!AXe]T%Lo+X>p#!encrypt#!11#!?Af~2=o@_.U#!encrypt#!3#!NvT#!encrypt#!1#!p#!encrypt#!1#!/#!encrypt#!1#!
#!encrypt#!2#!		#!encrypt#!9#! lm/$f%^g#!encrypt#!1#!A#!encrypt#!9#!>le_&=GC+#!encrypt#!12#!AXe]T%Lo+X>p#!encrypt#!11#!?Af~2=o@_.U#!encrypt#!3#!NvT#!encrypt#!1#!p#!encrypt#!1#!/#!encrypt#!1#!
#!encrypt#!2#!		#!encrypt#!4#!i%_i#!encrypt#!5#!iaYf3#!encrypt#!1#!
#!encrypt#!2#!		#!encrypt#!7#!Q4l{w;%#!encrypt#!5#!iaYf3#!encrypt#!1#!
#!encrypt#!2#!		#!encrypt#!4#! %_i#!encrypt#!1#!A#!encrypt#!6#! lm/$f#!encrypt#!3#!N+T#!encrypt#!1#!A#!encrypt#!1#!A#!encrypt#!4#!!7O?#!encrypt#!3#!NiT#!encrypt#!5#!4lmPT#!encrypt#!11#!AXe]T%Lo+XU#!encrypt#!1#!/#!encrypt#!3#!NiT#!encrypt#!5#!iaYf3#!encrypt#!1#!/#!encrypt#!1#!/#!encrypt#!1#!
#!encrypt#!2#!		#!encrypt#!7#!Q4l`w;%#!encrypt#!1#!A#!encrypt#!6#! lm/$f#!encrypt#!3#!N+T#!encrypt#!1#!A#!encrypt#!1#!A#!encrypt#!4#!!7O?#!encrypt#!3#!NiT#!encrypt#!5#!4lmPT#!encrypt#!11#!AXe]T%Lo+XU#!encrypt#!1#!/#!encrypt#!3#!NiT#!encrypt#!5#!iaYf3#!encrypt#!1#!/#!encrypt#!1#!/#!encrypt#!1#!
#!encrypt#!2#!		#!encrypt#!7#!Cl`{w;%#!encrypt#!5#!iaYf3#!encrypt#!1#!
#!encrypt#!2#!		#!encrypt#!7#!Cl``w;%#!encrypt#!1#! #!encrypt#!1#!
#!encrypt#!3#!	9
#!encrypt#!1#!
#!encrypt#!4#!N%Ti#!encrypt#!6#!t([J6o#!encrypt#!2#!N1#!encrypt#!1#!A#!encrypt#!8#!NDO?#%L@#!encrypt#!1#!/#!encrypt#!12#!NXe]T%L@BX`##!encrypt#!11#!No<]2/_[Z.Y#!encrypt#!1#!A#!encrypt#!5#!N@>==#!encrypt#!1#!/#!encrypt#!11#!No<]2/_[Z.Y#!encrypt#!1#!A#!encrypt#!6#!N~*z_.#!encrypt#!1#!/#!encrypt#!11#!N{J\?d*>1/,#!encrypt#!1#!A#!encrypt#!2#!Nj#!encrypt#!1#!/#!encrypt#!2#!Nn#!encrypt#!5#!N@>==#!encrypt#!6#!N~*z_.#!encrypt#!1#!/#!encrypt#!7#!N+Hk<^6#!encrypt#!8#!NDO?#%L@#!encrypt#!3#!N_
#!encrypt#!2#!		#!encrypt#!8#!iaYf3V^g#!encrypt#!1#!A#!encrypt#!8#!>le_&=o@#!encrypt#!14#!AXe]T%L@BX`#5u#!encrypt#!11#!?Af~2=o@_.U#!encrypt#!3#!NvT#!encrypt#!1#!p#!encrypt#!1#!/#!encrypt#!1#!
#!encrypt#!2#!		#!encrypt#!9#! lm/$f%^g#!encrypt#!1#!A#!encrypt#!9#!>le_&=GC+#!encrypt#!14#!AXe]T%L@BX`#5u#!encrypt#!11#!?Af~2=o@_.U#!encrypt#!3#!NvT#!encrypt#!1#!p#!encrypt#!1#!/#!encrypt#!1#!
#!encrypt#!2#!		#!encrypt#!4#!i%_i#!encrypt#!5#!iaYf3#!encrypt#!1#!
#!encrypt#!2#!		#!encrypt#!7#!Q4l{w;%#!encrypt#!5#!iaYf3#!encrypt#!1#!
#!encrypt#!2#!		#!encrypt#!4#! %_i#!encrypt#!1#!A#!encrypt#!6#! lm/$f#!encrypt#!3#!N+T#!encrypt#!1#!A#!encrypt#!1#!A#!encrypt#!4#!!7O?#!encrypt#!3#!NiT#!encrypt#!5#!4lmPT#!encrypt#!13#!AXe]T%L@BX`#C#!encrypt#!1#!/#!encrypt#!3#!NiT#!encrypt#!5#!iaYf3#!encrypt#!1#!/#!encrypt#!1#!/#!encrypt#!1#!
#!encrypt#!2#!		#!encrypt#!7#!Q4l`w;%#!encrypt#!1#!A#!encrypt#!6#! lm/$f#!encrypt#!3#!N+T#!encrypt#!1#!A#!encrypt#!1#!A#!encrypt#!4#!!7O?#!encrypt#!3#!NiT#!encrypt#!5#!4lmPT#!encrypt#!13#!AXe]T%L@BX`#C#!encrypt#!1#!/#!encrypt#!3#!NiT#!encrypt#!5#!iaYf3#!encrypt#!1#!/#!encrypt#!1#!/#!encrypt#!1#!
#!encrypt#!2#!		#!encrypt#!7#!Cl`{w;%#!encrypt#!5#!iaYf3#!encrypt#!1#!
#!encrypt#!2#!		#!encrypt#!7#!Cl``w;%#!encrypt#!1#! #!encrypt#!1#!
#!encrypt#!3#!	9
#!encrypt#!1#!
#!encrypt#!4#!N%Ti#!encrypt#!6#!t([J6o#!encrypt#!2#!Nq#!encrypt#!1#!A#!encrypt#!10#!NDO?Zgho5/#!encrypt#!1#!/#!encrypt#!6#!NXmPK\#!encrypt#!11#!N{J\?d*>1/,#!encrypt#!1#!A#!encrypt#!5#!N@>==#!encrypt#!1#!/#!encrypt#!11#!NoY_7?_[Z.Y#!encrypt#!1#!A#!encrypt#!6#!N~*z_.#!encrypt#!1#!/#!encrypt#!7#!N+Hk<^6#!encrypt#!10#!NDO?Zgho5/#!encrypt#!3#!N_
#!encrypt#!2#!		#!encrypt#!7#!o3fpw;%#!encrypt#!4#!o3fp#!encrypt#!7#!AXmPK\U#!encrypt#!1#!
#!encrypt#!2#!		#!encrypt#!5#!>uTZw#!encrypt#!5#!>le_&#!encrypt#!7#!AXmPK\U#!encrypt#!1#!
#!encrypt#!3#!	9
#!encrypt#!1#!
#!encrypt#!4#!N%Ti#!encrypt#!6#!t([J6o#!encrypt#!2#!Nq#!encrypt#!1#!A#!encrypt#!10#!NDO?Zghy5/#!encrypt#!1#!/#!encrypt#!10#!NXmPK\_y5/#!encrypt#!11#!N{J\?d*>1/,#!encrypt#!1#!A#!encrypt#!5#!N@>==#!encrypt#!1#!/#!encrypt#!11#!NoY_7?_[Z.Y#!encrypt#!1#!A#!encrypt#!6#!N~*z_.#!encrypt#!1#!/#!encrypt#!7#!N+Hk<^6#!encrypt#!10#!NDO?Zghy5/#!encrypt#!3#!N_
#!encrypt#!2#!		#!encrypt#!7#!o3fpw;%#!encrypt#!4#!o3fp#!encrypt#!11#!AXmPK\_y5/U#!encrypt#!1#!
#!encrypt#!2#!		#!encrypt#!5#!>uTZw#!encrypt#!5#!>le_&#!encrypt#!11#!AXmPK\_y5/U#!encrypt#!1#!
#!encrypt#!3#!	9
#!encrypt#!1#!
#!encrypt#!4#!N%Ti#!encrypt#!6#!t([J6o#!encrypt#!2#!Nq#!encrypt#!1#!A#!encrypt#!10#!NDO?ZghK5/#!encrypt#!1#!/#!encrypt#!10#!NXmPK\_K5/#!encrypt#!11#!N{J\?d*>1/,#!encrypt#!1#!A#!encrypt#!5#!N@>==#!encrypt#!1#!/#!encrypt#!11#!NoY_7?_[Z.Y#!encrypt#!1#!A#!encrypt#!6#!N~*z_.#!encrypt#!1#!/#!encrypt#!7#!N+Hk<^6#!encrypt#!10#!NDO?ZghK5/#!encrypt#!3#!N_
#!encrypt#!2#!		#!encrypt#!7#!o3fpw;%#!encrypt#!4#!o3fp#!encrypt#!11#!AXmPK\_K5/U#!encrypt#!1#!
#!encrypt#!2#!		#!encrypt#!5#!>uTZw#!encrypt#!5#!>le_&#!encrypt#!11#!AXmPK\_K5/U#!encrypt#!1#!
#!encrypt#!3#!	9
#!encrypt#!1#!
#!encrypt#!4#!N%Ti#!encrypt#!6#!t([J6o#!encrypt#!2#!Nq#!encrypt#!1#!A#!encrypt#!10#!NDO?Zgh55/#!encrypt#!1#!/#!encrypt#!10#!NXmPK\_55/#!encrypt#!11#!N{J\?d*>1/,#!encrypt#!1#!A#!encrypt#!5#!N@>==#!encrypt#!1#!/#!encrypt#!11#!NoY_7?_[Z.Y#!encrypt#!1#!A#!encrypt#!6#!N~*z_.#!encrypt#!1#!/#!encrypt#!7#!N+Hk<^6#!encrypt#!10#!NDO?Zgh55/#!encrypt#!3#!N_
#!encrypt#!2#!		#!encrypt#!7#!o3fpw;%#!encrypt#!4#!o3fp#!encrypt#!11#!AXmPK\_55/U#!encrypt#!1#!
#!encrypt#!2#!		#!encrypt#!5#!>uTZw#!encrypt#!5#!>le_&#!encrypt#!11#!AXmPK\_55/U#!encrypt#!1#!
#!encrypt#!3#!	9
#!encrypt#!1#!
#!encrypt#!4#!N%Ti#!encrypt#!6#!t([J6o#!encrypt#!2#!Nq#!encrypt#!1#!A#!encrypt#!10#!NDO?Zgdo5/#!encrypt#!1#!/#!encrypt#!9#!NXmPK\_<5#!encrypt#!11#!N{J\?d*>1/,#!encrypt#!1#!A#!encrypt#!5#!N@>==#!encrypt#!1#!/#!encrypt#!11#!NoY_7?_[Z.Y#!encrypt#!1#!A#!encrypt#!6#!N~*z_.#!encrypt#!1#!/#!encrypt#!7#!N+Hk<^6#!encrypt#!10#!NDO?Zgdo5/#!encrypt#!3#!N_
#!encrypt#!2#!		#!encrypt#!7#!o3fpw;%#!encrypt#!4#!o3fp#!encrypt#!10#!AXmPK\_<5Q#!encrypt#!1#!
#!encrypt#!2#!		#!encrypt#!5#!>uTZw#!encrypt#!5#!>le_&#!encrypt#!10#!AXmPK\_<5Q#!encrypt#!1#!
#!encrypt#!3#!	9
#!encrypt#!1#!
#!encrypt#!4#!N%Ti#!encrypt#!6#!t([J6o#!encrypt#!2#!Nq#!encrypt#!1#!A#!encrypt#!10#!NDO?Zgd55/#!encrypt#!1#!/#!encrypt#!13#!NXmPK\_<5#Ym9#!encrypt#!11#!N{J\?d*>1/,#!encrypt#!1#!A#!encrypt#!5#!N@>==#!encrypt#!1#!/#!encrypt#!11#!NoY_7?_[Z.Y#!encrypt#!1#!A#!encrypt#!6#!N~*z_.#!encrypt#!1#!/#!encrypt#!7#!N+Hk<^6#!encrypt#!10#!NDO?Zgd55/#!encrypt#!3#!N_
#!encrypt#!2#!		#!encrypt#!7#!o3fpw;%#!encrypt#!4#!o3fp#!encrypt#!14#!AXmPK\_<5#Ym9x#!encrypt#!1#!
#!encrypt#!2#!		#!encrypt#!5#!>uTZw#!encrypt#!5#!>le_&#!encrypt#!14#!AXmPK\_<5#Ym9x#!encrypt#!1#!
#!encrypt#!3#!	9
#!encrypt#!1#!
#!encrypt#!4#!N%Ti#!encrypt#!6#!t([J6o#!encrypt#!2#!Nq#!encrypt#!1#!A#!encrypt#!10#!NDO?(gho5/#!encrypt#!1#!/#!encrypt#!6#!NXhPK\#!encrypt#!11#!N{Y_7?_[Z.Y#!encrypt#!1#!A#!encrypt#!5#!N@>==#!encrypt#!1#!/#!encrypt#!11#!No<]2/_[Z.Y#!encrypt#!1#!A#!encrypt#!6#!N~*z_.#!encrypt#!1#!/#!encrypt#!7#!N+Hk<^6#!encrypt#!10#!NDO?(gho5/#!encrypt#!3#!N_
#!encrypt#!2#!		#!encrypt#!7#!o3fpw;%#!encrypt#!4#!o3fp#!encrypt#!7#!AXhPK\U#!encrypt#!1#!
#!encrypt#!2#!		#!encrypt#!5#!>uTZw#!encrypt#!5#!>le_&#!encrypt#!7#!AXhPK\U#!encrypt#!1#!
#!encrypt#!3#!	9
#!encrypt#!1#!
#!encrypt#!4#!N%Ti#!encrypt#!6#!t([J6o#!encrypt#!2#!Nq#!encrypt#!1#!A#!encrypt#!10#!NDO?(ghy5/#!encrypt#!1#!/#!encrypt#!10#!NXhPK\_y5/#!encrypt#!11#!N{Y_7?_[Z.Y#!encrypt#!1#!A#!encrypt#!5#!N@>==#!encrypt#!1#!/#!encrypt#!11#!No<]2/_[Z.Y#!encrypt#!1#!A#!encrypt#!6#!N~*z_.#!encrypt#!1#!/#!encrypt#!7#!N+Hk<^6#!encrypt#!10#!NDO?(ghy5/#!encrypt#!3#!N_
#!encrypt#!2#!		#!encrypt#!7#!o3fpw;%#!encrypt#!4#!o3fp#!encrypt#!11#!AXhPK\_y5/U#!encrypt#!1#!
#!encrypt#!2#!		#!encrypt#!5#!>uTZw#!encrypt#!5#!>le_&#!encrypt#!11#!AXhPK\_y5/U#!encrypt#!1#!
#!encrypt#!3#!	9
#!encrypt#!1#!
#!encrypt#!4#!N%Ti#!encrypt#!6#!t([J6o#!encrypt#!2#!Nq#!encrypt#!1#!A#!encrypt#!10#!NDO?(ghK5/#!encrypt#!1#!/#!encrypt#!10#!NXhPK\_K5/#!encrypt#!11#!N{Y_7?_[Z.Y#!encrypt#!1#!A#!encrypt#!5#!N@>==#!encrypt#!1#!/#!encrypt#!11#!No<]2/_[Z.Y#!encrypt#!1#!A#!encrypt#!6#!N~*z_.#!encrypt#!1#!/#!encrypt#!7#!N+Hk<^6#!encrypt#!10#!NDO?(ghK5/#!encrypt#!3#!N_
#!encrypt#!2#!		#!encrypt#!7#!o3fpw;%#!encrypt#!4#!o3fp#!encrypt#!11#!AXhPK\_K5/U#!encrypt#!1#!
#!encrypt#!2#!		#!encrypt#!5#!>uTZw#!encrypt#!5#!>le_&#!encrypt#!11#!AXhPK\_K5/U#!encrypt#!1#!
#!encrypt#!3#!	9
#!encrypt#!1#!
#!encrypt#!4#!N%Ti#!encrypt#!6#!t([J6o#!encrypt#!2#!Nq#!encrypt#!1#!A#!encrypt#!10#!NDO?(gdo5/#!encrypt#!1#!/#!encrypt#!9#!NXhPK\_<5#!encrypt#!11#!N{Y_7?_[Z.Y#!encrypt#!1#!A#!encrypt#!5#!N@>==#!encrypt#!1#!/#!encrypt#!11#!No<]2/_[Z.Y#!encrypt#!1#!A#!encrypt#!6#!N~*z_.#!encrypt#!1#!/#!encrypt#!7#!N+Hk<^6#!encrypt#!10#!NDO?(gdo5/#!encrypt#!3#!N_
#!encrypt#!2#!		#!encrypt#!7#!o3fpw;%#!encrypt#!4#!o3fp#!encrypt#!10#!AXhPK\_<5Q#!encrypt#!1#!
#!encrypt#!2#!		#!encrypt#!5#!>uTZw#!encrypt#!5#!>le_&#!encrypt#!10#!AXhPK\_<5Q#!encrypt#!1#!
#!encrypt#!3#!	9
#!encrypt#!1#!
#!encrypt#!4#!N%Ti#!encrypt#!6#!t([J6o#!encrypt#!2#!N\#!encrypt#!1#!A#!encrypt#!9#!NDO?/"?lJ#!encrypt#!1#!/#!encrypt#!7#!NXg*Z"d#!encrypt#!11#!N{J\?d*>1/,#!encrypt#!1#!A#!encrypt#!2#!Nx#!encrypt#!1#!/#!encrypt#!11#!No<]2/_[Z.Y#!encrypt#!1#!A#!encrypt#!2#!Nj#!encrypt#!1#!/#!encrypt#!11#!N{Y_7?_[Z.Y#!encrypt#!1#!A#!encrypt#!2#!N(#!encrypt#!1#!/#!encrypt#!7#!N+Hk<^6#!encrypt#!9#!NDO?/"?lJ#!encrypt#!3#!N_
#!encrypt#!2#!		#!encrypt#!7#!o3fpw;%#!encrypt#!1#!A#!encrypt#!4#!o3fp#!encrypt#!3#!A(/#!encrypt#!3#!NiT#!encrypt#!1#!0#!encrypt#!1#!/#!encrypt#!1#!
#!encrypt#!3#!	9
#!encrypt#!1#!
#!encrypt#!4#!N%Ti#!encrypt#!6#!t([J6o#!encrypt#!2#!N\#!encrypt#!1#!A#!encrypt#!9#!NDO?/"?lW#!encrypt#!1#!/#!encrypt#!7#!NXg*Z"V#!encrypt#!11#!N{J\?d*>1/,#!encrypt#!1#!A#!encrypt#!2#!Nx#!encrypt#!1#!/#!encrypt#!11#!No<]2/_[Z.Y#!encrypt#!1#!A#!encrypt#!2#!Nj#!encrypt#!1#!/#!encrypt#!11#!N{Y_7?_[Z.Y#!encrypt#!1#!A#!encrypt#!2#!N(#!encrypt#!1#!/#!encrypt#!7#!N+Hk<^6#!encrypt#!9#!NDO?/"?lW#!encrypt#!3#!N_
#!encrypt#!2#!		#!encrypt#!7#!o3fpw;%#!encrypt#!1#!A#!encrypt#!4#!o3fp#!encrypt#!3#!A(/#!encrypt#!3#!NiT#!encrypt#!1#!0#!encrypt#!1#!/#!encrypt#!1#!
#!encrypt#!3#!	9
#!encrypt#!1#!
#!encrypt#!4#!N%Ti#!encrypt#!6#!t([J6o#!encrypt#!2#!N\#!encrypt#!1#!A#!encrypt#!10#!NDO?/"?l: #!encrypt#!1#!/#!encrypt#!8#!NXg*Z"hW#!encrypt#!11#!N{J\?d*>1/,#!encrypt#!1#!A#!encrypt#!2#!Nx#!encrypt#!1#!/#!encrypt#!11#!No<]2/_[Z.Y#!encrypt#!1#!A#!encrypt#!2#!Nj#!encrypt#!1#!/#!encrypt#!11#!N{Y_7?_[Z.Y#!encrypt#!1#!A#!encrypt#!2#!N(#!encrypt#!1#!/#!encrypt#!7#!N+Hk<^6#!encrypt#!10#!NDO?/"?l: #!encrypt#!3#!N_
#!encrypt#!2#!		#!encrypt#!7#!o3fpw;%#!encrypt#!1#!A#!encrypt#!4#!o3fp#!encrypt#!3#!A(/#!encrypt#!3#!NiT#!encrypt#!1#!0#!encrypt#!1#!/#!encrypt#!1#!
#!encrypt#!3#!	9
#!encrypt#!1#!
#!encrypt#!4#!N%Ti#!encrypt#!6#!t([J6o#!encrypt#!2#!N\#!encrypt#!1#!A#!encrypt#!9#!NDO?/%M5J#!encrypt#!1#!/#!encrypt#!6#!NXm*Zu#!encrypt#!11#!No<]2/_[Z.Y#!encrypt#!1#!A#!encrypt#!2#!Nx#!encrypt#!1#!/#!encrypt#!11#!N{J\?d*>1/,#!encrypt#!1#!A#!encrypt#!2#!Nj#!encrypt#!1#!/#!encrypt#!9#!Noh#q^|#+#!encrypt#!1#!A#!encrypt#!2#!N(#!encrypt#!1#!/#!encrypt#!7#!N+Hk<^6#!encrypt#!9#!NDO?/%M5J#!encrypt#!3#!N_
#!encrypt#!2#!		#!encrypt#!7#!o3fpw;%#!encrypt#!1#!A#!encrypt#!4#!o3fp#!encrypt#!3#!A(/#!encrypt#!3#!NiT#!encrypt#!1#!0#!encrypt#!1#!/#!encrypt#!1#!
#!encrypt#!3#!	9
#!encrypt#!1#!
#!encrypt#!4#!N%Ti#!encrypt#!6#!t([J6o#!encrypt#!2#!N\#!encrypt#!1#!A#!encrypt#!9#!NDO?/%M5W#!encrypt#!1#!/#!encrypt#!6#!NXm*Zm#!encrypt#!11#!No<]2/_[Z.Y#!encrypt#!1#!A#!encrypt#!2#!Nx#!encrypt#!1#!/#!encrypt#!11#!N{J\?d*>1/,#!encrypt#!1#!A#!encrypt#!2#!Nj#!encrypt#!1#!/#!encrypt#!9#!Noh#q^|#+#!encrypt#!1#!A#!encrypt#!2#!N(#!encrypt#!1#!/#!encrypt#!7#!N+Hk<^6#!encrypt#!9#!NDO?/%M5W#!encrypt#!3#!N_
#!encrypt#!2#!		#!encrypt#!7#!o3fpw;%#!encrypt#!1#!A#!encrypt#!4#!o3fp#!encrypt#!3#!A(/#!encrypt#!3#!NiT#!encrypt#!1#!0#!encrypt#!1#!/#!encrypt#!1#!
#!encrypt#!3#!	9
#!encrypt#!1#!
#!encrypt#!4#!N%Ti#!encrypt#!6#!t([J6o#!encrypt#!2#!N\#!encrypt#!1#!A#!encrypt#!10#!NDO?/%M5: #!encrypt#!1#!/#!encrypt#!7#!NXm*ZCK#!encrypt#!11#!No<]2/_[Z.Y#!encrypt#!1#!A#!encrypt#!2#!Nx#!encrypt#!1#!/#!encrypt#!11#!N{J\?d*>1/,#!encrypt#!1#!A#!encrypt#!2#!Nj#!encrypt#!1#!/#!encrypt#!9#!Noh#q^|#+#!encrypt#!1#!A#!encrypt#!2#!N(#!encrypt#!1#!/#!encrypt#!7#!N+Hk<^6#!encrypt#!10#!NDO?/%M5: #!encrypt#!3#!N_
#!encrypt#!2#!		#!encrypt#!7#!o3fpw;%#!encrypt#!1#!A#!encrypt#!4#!o3fp#!encrypt#!3#!A(/#!encrypt#!3#!NiT#!encrypt#!1#!0#!encrypt#!1#!/#!encrypt#!1#!
#!encrypt#!3#!	9
#!encrypt#!1#!
#!encrypt#!4#!N%Ti#!encrypt#!6#!t([J6o#!encrypt#!2#!Nx#!encrypt#!1#!A#!encrypt#!8#!NDO?Y}A%#!encrypt#!1#!/#!encrypt#!8#!NXH_&wnl#!encrypt#!9#!Nx4*C^*Fd#!encrypt#!1#!A#!encrypt#!5#!N@>==#!encrypt#!1#!/#!encrypt#!13#!NQff{/hWUSAhX#!encrypt#!1#!A#!encrypt#!6#!N~*z_.#!encrypt#!1#!/#!encrypt#!11#!N{J\?d*>1/,#!encrypt#!1#!A#!encrypt#!2#!Nj#!encrypt#!1#!/#!encrypt#!7#!N+Hk<^6#!encrypt#!8#!NDO?Y}A%#!encrypt#!3#!N_
#!encrypt#!2#!		#!encrypt#!7#!o3fpw;%#!encrypt#!4#!o3fp#!encrypt#!9#!AXH_&wnl<#!encrypt#!1#!
#!encrypt#!2#!		#!encrypt#!8#!>le_&V^g#!encrypt#!5#!>le_&#!encrypt#!9#!AXH_&wnl<#!encrypt#!1#!
#!encrypt#!2#!		#!encrypt#!4#!i%_i#!encrypt#!1#!A#!encrypt#!5#!>le_&#!encrypt#!3#!NiT#!encrypt#!4#!!7t?#!encrypt#!1#!/#!encrypt#!1#!
#!encrypt#!2#!		#!encrypt#!4#! %_i#!encrypt#!1#!A#!encrypt#!5#!>le_&#!encrypt#!3#!NiT#!encrypt#!4#!!7t?#!encrypt#!1#!/#!encrypt#!1#!
#!encrypt#!2#!		#!encrypt#!4#!.%_i#!encrypt#!1#!A#!encrypt#!1#!A#!encrypt#!4#!o3fp#!encrypt#!3#!NiT#!encrypt#!5#!!7K&B#!encrypt#!1#!/#!encrypt#!3#!N/T#!encrypt#!1#!A#!encrypt#!5#!>le_&#!encrypt#!3#!NiT#!encrypt#!5#!0l^Rr#!encrypt#!1#!/#!encrypt#!1#!/#!encrypt#!1#!
#!encrypt#!3#!	9
#!encrypt#!1#!
#!encrypt#!4#!N%Ti#!encrypt#!6#!t([J6o#!encrypt#!2#!NM#!encrypt#!1#!A#!encrypt#!8#!NDO?K%BF#!encrypt#!1#!/#!encrypt#!7#!NXy#<=n#!encrypt#!6#!NamPB|#!encrypt#!1#!A#!encrypt#!5#!N@>==#!encrypt#!1#!/#!encrypt#!6#!NamPBC#!encrypt#!1#!A#!encrypt#!6#!N~*z_.#!encrypt#!1#!/#!encrypt#!11#!N{J\?d*>1/,#!encrypt#!1#!A#!encrypt#!2#!Nj#!encrypt#!1#!/#!encrypt#!2#!Nn#!encrypt#!5#!N@>==#!encrypt#!6#!N~*z_.#!encrypt#!1#!/#!encrypt#!2#!N*#!encrypt#!11#!NamP{=L#x/:#!encrypt#!1#!l#!encrypt#!2#!N*#!encrypt#!11#!NamPa=7l1S,#!encrypt#!1#!l#!encrypt#!2#!N*#!encrypt#!9#!NamP{=+Fx#!encrypt#!1#!l#!encrypt#!2#!N*#!encrypt#!7#!NamPq%+#!encrypt#!1#!l#!encrypt#!7#!N+Hk<^6#!encrypt#!8#!NDO?K%BF#!encrypt#!3#!N_
#!encrypt#!2#!		#!encrypt#!8#!iaYf3V^g#!encrypt#!1#!A#!encrypt#!4#!o3fp#!encrypt#!12#!AamP{=L#x/:Q#!encrypt#!3#!NiT#!encrypt#!9#!0;K&r|KW(#!encrypt#!1#!/#!encrypt#!1#!
#!encrypt#!2#!		#!encrypt#!8#!C{4;OV^g#!encrypt#!1#!A#!encrypt#!4#!o3fp#!encrypt#!12#!AamPa=7l1S,Q#!encrypt#!3#!NiT#!encrypt#!8#!;;K&r|KW#!encrypt#!1#!/#!encrypt#!1#!
#!encrypt#!2#!		#!encrypt#!5#!?3TZw#!encrypt#!1#!A#!encrypt#!5#!.<p#$#!encrypt#!8#!AamPq%+~#!encrypt#!3#!N+T#!encrypt#!3#!!78#!encrypt#!1#!/#!encrypt#!1#!
#!encrypt#!2#!		#!encrypt#!6#!hOYinV#!encrypt#!1#!A#!encrypt#!4#!o3fp#!encrypt#!10#!AamP{=+FxQ#!encrypt#!3#!NiT#!encrypt#!7#!;;K&r|K#!encrypt#!1#!/#!encrypt#!1#!
#!encrypt#!3#!	9
#!encrypt#!1#!
#!encrypt#!4#!N%Ti#!encrypt#!6#!t([J6o#!encrypt#!2#!NM#!encrypt#!1#!A#!encrypt#!8#!NDO?K%Bo#!encrypt#!1#!/#!encrypt#!7#!NXy#<=7#!encrypt#!6#!NamPBC#!encrypt#!1#!A#!encrypt#!5#!N@>==#!encrypt#!1#!/#!encrypt#!6#!NamPBC#!encrypt#!1#!A#!encrypt#!6#!N~*z_.#!encrypt#!1#!/#!encrypt#!11#!N{J\?d*>1/,#!encrypt#!1#!A#!encrypt#!2#!Nj#!encrypt#!1#!/#!encrypt#!2#!Nn#!encrypt#!5#!N@>==#!encrypt#!6#!N~*z_.#!encrypt#!1#!/#!encrypt#!7#!N+Hk<^6#!encrypt#!8#!NDO?K%Bo#!encrypt#!2#!N*#!encrypt#!11#!NamPT=L#x/:#!encrypt#!1#!l#!encrypt#!2#!N*#!encrypt#!9#!NamPa=7l:#!encrypt#!1#!l#!encrypt#!2#!N*#!encrypt#!8#!NamPqZn0#!encrypt#!1#!l#!encrypt#!2#!N*#!encrypt#!11#!NXy#<=7f%.a#!encrypt#!1#!l#!encrypt#!3#!N_
#!encrypt#!2#!		#!encrypt#!8#!iaYf3V^g#!encrypt#!1#!A#!encrypt#!4#!o3fp#!encrypt#!12#!AamPT=L#x/:Q#!encrypt#!3#!NiT#!encrypt#!9#!0;K&r|KW(#!encrypt#!1#!/#!encrypt#!1#!
#!encrypt#!2#!		#!encrypt#!8#!C{4;OV^g#!encrypt#!1#!A#!encrypt#!4#!o3fp#!encrypt#!10#!AamPa=7l:Q#!encrypt#!3#!NiT#!encrypt#!9#!0;K&r|KW(#!encrypt#!1#!/#!encrypt#!1#!
#!encrypt#!2#!		#!encrypt#!6#!hOYinV#!encrypt#!1#!A#!encrypt#!4#!o3fp#!encrypt#!9#!AamPqZn0<#!encrypt#!3#!NiT#!encrypt#!7#!;;K&r|K#!encrypt#!1#!/#!encrypt#!1#!
#!encrypt#!2#!		#!encrypt#!5#!?3TZw#!encrypt#!1#!A#!encrypt#!5#!.<p#$#!encrypt#!12#!AXy#<=7f%.aQ#!encrypt#!3#!N/T#!encrypt#!1#!0#!encrypt#!1#!/#!encrypt#!1#!
#!encrypt#!3#!	9
#!encrypt#!1#!
#!encrypt#!73#!-T_Zn;^^D!LZY3<L&!d:LC&{ct:REUm#-T_Zn;^^D!LZY3<L&!d:LC&{ct:REUm#-T_Zn;^^
#!encrypt#!26#!

|qXD9!g'+Hf'YMIqoc{Yo*0
#!encrypt#!31#!N%Ti<^6\+j81{o%/`"wW`)qV;Vl*M#
#!encrypt#!31#!N%Ti<^6\+j81{o%/`"wW`)qV;Vl*'.
#!encrypt#!20#!m3yfOVs!nEqq:uV@H-

#!encrypt#!79#!N%Ti2P[\=xMqH$T4?Wy+cp6$=_qtvr ?hOE]<$%@yjQn9<.x`XM]U*2xZATyr<XrL{E_&K"\xxA.99
#!encrypt#!79#!N%Ti2P[\=xMqH$T4?Wy+cpg$=_qtvr ?hOE]<$%@yjQn9<.x`XM]U*2xZATyr<XrL{E_&K"\xxA.99
#!encrypt#!79#!N%Ti2P[\=xMqH$T4?Wy+cps$=_qtvr ?hOE]<$%@yjQn9<.x`XM]U*2xZATyr<XrL{E_&K"\xxA.99
#!encrypt#!79#!N%Ti2P[\=xMqH$T4?Wy+ck=$=_qtvr ?hOE]<$%@yjQn9<.x`XM]U*2xZATyr<XrL{E_&K"\xxA.99
#!encrypt#!79#!N%Ti2P[\=xMqH$T4?Wy+ckh$=_qtvr ?hOE]<$%@yjQn9<.x`XM]U*2xZATyr<XrL{E_&K"\xxA.99
#!encrypt#!79#!N%Ti2P[\=xMqH$T4?Wy+ck6$=_qtvr ?hOE]<$%@yjQn9<.x`XM]U*2xZATyr<XrL{E_&K"\xxA.99
#!encrypt#!79#!N%Ti2P[\=xMqH$T4?Wy+ckg$=_qtvr ?hOE]<$%@yjQn9<.x`XM]U*2xZATyr<XrL{E_&K"\xxA.99
#!encrypt#!79#!N%Ti2P[\=xMqH$T4?Wy+c'=$=_qtvr ?hOE]<$%@yjQn9<.x`XM]U*2xZATyr<XrL{E_&K"\xxA.99
#!encrypt#!79#!N%Ti2P[\=xMqH$T4?Wy+c'h$=_qtvr ?hOE]<$%@yjQn9<.x`XM]U*2xZATyr<XrL{E_&K"\xxA.99
#!encrypt#!79#!N%Ti2P[\=xMqH$T4?Wy+c'6$=_qtvr ?hOE]<$%@yjQn9<.x`XM]U*2xZATyr<XrL{E_&K"\xxA.99
#!encrypt#!79#!N%Ti2P[\=xMqH$T4?Wy+c'g$=_qtvr ?hOE]<$%@yjQn9<.x`XM]U*2xZATyr<XrL{E_&K"\xxA.99
#!encrypt#!79#!N%Ti2P[\=xMqH$T4?Wy+c's$=_qtvr ?hOE]<$%@yjQn9<.x`XM]U*2xZATyr<XrL{E_&K"\xxA.99
#!encrypt#!79#!N%Ti2P[\=xMqH$T4?Wy+c<=$=_qtvr ?hOE]<$%@yjQn9<.x`XM]U*2xZATyr<XrL{E_&K"\xxA.99
#!encrypt#!79#!N%Ti2P[\=xMqH$T4?Wy+c<h$=_qtvr ?hOE]<$%@yjQn9<.x`XM]U*2xZATyr<XrL{E_&K"\xxA.99
#!encrypt#!79#!N%Ti2P[\=xMqH$T4?Wy+c<6$=_qtvr ?hOE]<$%@yjQn9<.x`XM]U*2xZATyr<XrL{E_&K"\xxA.99
#!encrypt#!79#!N%Ti2P[\=xMqH$T4?Wy+c<g$=_qtvr ?hOE]<$%@yjQn9<.x`XM]U*2xZATyr<XrL{E_&K"\xxA.99
#!encrypt#!79#!N%Ti2P[\=xMqH$T4?Wy+c<s$=_qtvr ?hOE]<$%@yjQn9<.x`XM]U*2xZATyr<XrL{E_&K"\xxA.99
#!encrypt#!79#!N%Ti2P[\=xMqH$T4?Wy+c]=$=_qtvr ?hOE]<$%@yjQn9<.x`XM]U*2xZATyr<XrL{E_&K"\xxA.99
#!encrypt#!79#!N%Ti2P[\=xMqH$T4?Wy+c]h$=_qtvr ?hOE]<$%@yjQn9<.x`XM]U*2xZATyr<XrL{E_&K"\xxA.99
#!encrypt#!79#!N%Ti2P[\=xMqH$T4?Wy+c]6$=_qtvr ?hOE]<$%@yjQn9<.x`XM]U*2xZATyr<XrL{E_&K"\xxA.99
#!encrypt#!79#!N%Ti2P[\=xMqH$T4?Wy+c]g$=_qtvr ?hOE]<$%@yjQn9<.x`XM]U*2xZATyr<XrL{E_&K"\xxA.99
#!encrypt#!79#!N%Ti2P[\=xMqH$T4?Wy+c]s$=_qtvr ?hOE]<$%@yjQn9<.x`XM]U*2xZATyr<XrL{E_&K"\xxA.99
#!encrypt#!79#!N%Ti2P[\=xMqH$T4?Wy+ct=$=_qtvr ?hOE]<$%@yjQn9<.x`XM]U*2xZATyr<XrL{E_&K"\xxA.99
#!encrypt#!79#!N%Ti2P[\=xMqH$T4?Wy+cth$=_qtvr ?hOE]<$%@yjQn9<.x`XM]U*2xZATyr<XrL{E_&K"\xxA.99
#!encrypt#!79#!N%Ti2P[\=xMqH$T4?Wy+ct6$=_qtvr ?hOE]<$%@yjQn9<.x`XM]U*2xZATyr<XrL{E_&K"\xxA.99
#!encrypt#!79#!N%Ti2P[\=xMqH$T4?Wy+ctg$=_qtvr ?hOE]<$%@yjQn9<.x`XM]U*2xZATyr<XrL{E_&K"\xxA.99
#!encrypt#!79#!N%Ti2P[\=xMqH$T4?Wy+cts$=_qtvr ?hOE]<$%@yjQn9<.x`XM]U*2xZATyr<XrL{E_&K"\xxA.99
#!encrypt#!79#!N%Ti2P[\=xMqH$T4?Wy+ce=$=_qtvr ?hOE]<$%@yjQn9<.x`XM]U*2xZATyr<XrL{E_&K"\xxA.99
#!encrypt#!79#!N%Ti2P[\=xMqH$T4?Wy+ceh$=_qtvr ?hOE]<$%@yjQn9<.x`XM]U*2xZATyr<XrL{E_&K"\xxA.99
#!encrypt#!79#!N%Ti2P[\=xMqH$T4?Wy+ce6$=_qtvr ?hOE]<$%@yjQn9<.x`XM]U*2xZATyr<XrL{E_&K"\xxA.99
#!encrypt#!79#!N%Ti2P[\=xMqH$T4?Wy+ceg$=_qtvr ?hOE]<$%@yjQn9<.x`XM]U*2xZATyr<XrL{E_&K"\xxA.99
#!encrypt#!79#!N%Ti2P[\=xMqH$T4?Wy+ces$=_qtvr ?hOE]<$%@yjQn9<.x`XM]U*2xZATyr<XrL{E_&K"\xxA.99
#!encrypt#!79#!N%Ti2P[\=xMqH$T4?Wy+c>=$=_qtvr ?hOE]<$%@yjQn9<.x`XM]U*2xZATyr<XrL{E_&K"\xxA.99
#!encrypt#!79#!N%Ti2P[\=xMqH$T4?Wy+c>h$=_qtvr ?hOE]<$%@yjQn9<.x`XM]U*2xZATyr<XrL{E_&K"\xxA.99
#!encrypt#!79#!N%Ti2P[\=xMqH$T4?Wy+c>6$=_qtvr ?hOE]<$%@yjQn9<.x`XM]U*2xZATyr<XrL{E_&K"\xxA.99
#!encrypt#!79#!N%Ti2P[\=xMqH$T4?Wy+c>g$=_qtvr ?hOE]<$%@yjQn9<.x`XM]U*2xZATyr<XrL{E_&K"\xxA.99
#!encrypt#!79#!N%Ti2P[\=xMqH$T4?Wy+c>s$=_qtvr ?hOE]<$%@yjQn9<.x`XM]U*2xZATyr<XrL{E_&K"\xxA.99
#!encrypt#!79#!N%Ti2P[\=xMqH$T4?Wy+cc=$=_qtvr ?hOE]<$%@yjQn9<.x`XM]U*2xZATyr<XrL{E_&K"\xxA.99
#!encrypt#!79#!N%Ti2P[\=xMqH$T4?Wy+cch$=_qtvr ?hOE]<$%@yjQn9<.x`XM]U*2xZATyr<XrL{E_&K"\xxA.99
#!encrypt#!79#!N%Ti2P[\=xMqH$T4?Wy+cc6$=_qtvr ?hOE]<$%@yjQn9<.x`XM]U*2xZATyr<XrL{E_&K"\xxA.99
#!encrypt#!79#!N%Ti2P[\=xMqH$T4?Wy+ccg$=_qtvr ?hOE]<$%@yjQn9<.x`XM]U*2xZATyr<XrL{E_&K"\xxA.99
#!encrypt#!79#!N%Ti2P[\=xMqH$T4?Wy+ccs$=_qtvr ?hOE]<$%@yjQn9<.x`XM]U*2xZATyr<XrL{E_&K"\xxA.99
#!encrypt#!79#!N%Ti2P[\=xMqH$T4?Wy+>7=$=_qtvr ?hOE]<$%@yjQn9<.x`XM]U*2xZATyr<XrL{E_&K"\xxA.99
#!encrypt#!79#!N%Ti2P[\=xMqH$T4?Wy+>7h$=_qtvr ?hOE]<$%@yjQn9<.x`XM]U*2xZATyr<XrL{E_&K"\xxA.99
#!encrypt#!79#!N%Ti2P[\=xMqH$T4?Wy+>76$=_qtvr ?hOE]<$%@yjQn9<.x`XM]U*2xZATyr<XrL{E_&K"\xxA.99
#!encrypt#!79#!N%Ti2P[\=xMqH$T4?Wy+>7g$=_qtvr ?hOE]<$%@yjQn9<.x`XM]U*2xZATyr<XrL{E_&K"\xxA.99
#!encrypt#!79#!N%Ti2P[\=xMqH$T4?Wy+>7s$=_qtvr ?hOE]<$%@yjQn9<.x`XM]U*2xZATyr<XrL{E_&K"\xxA.99
#!encrypt#!79#!N%Ti2P[\=xMqH$T4?Wy+>p=$=_qtvr ?hOE]<$%@yjQn9<.x`XM]U*2xZATyr<XrL{E_&K"\xxA.99
#!encrypt#!79#!N%Ti2P[\=xMqH$T4?Wy+>ph$=_qtvr ?hOE]<$%@yjQn9<.x`XM]U*2xZATyr<XrL{E_&K"\xxA.99
#!encrypt#!79#!N%Ti2P[\=xMqH$T4?Wy+>p6$=_qtvr ?hOE]<$%@yjQn9<.x`XM]U*2xZATyr<XrL{E_&K"\xxA.99
#!encrypt#!79#!N%Ti2P[\=xMqH$T4?Wy+>pg$=_qtvr ?hOE]<$%@yjQn9<.x`XM]U*2xZATyr<XrL{E_&K"\xxA.99
#!encrypt#!79#!N%Ti2P[\=xMqH$T4?Wy+>ps$=_qtvr ?hOE]<$%@yjQn9<.x`XM]U*2xZATyr<XrL{E_&K"\xxA.99
#!encrypt#!79#!N%Ti2P[\=xMqH$T4?Wy+>k=$=_qtvr ?hOE]<$%@yjQn9<.x`XM]U*2xZATyr<XrL{E_&K"\xxA.99
#!encrypt#!79#!N%Ti2P[\=xMqH$T4?Wy+>kh$=_qtvr ?hOE]<$%@yjQn9<.x`XM]U*2xZATyr<XrL{E_&K"\xxA.99
#!encrypt#!79#!N%Ti2P[\=xMqH$T4?Wy+>k6$=_qtvr ?hOE]<$%@yjQn9<.x`XM]U*2xZATyr<XrL{E_&K"\xxA.99
#!encrypt#!79#!N%Ti2P[\=xMqH$T4?Wy+>k$$=_qtvr ?hOE]<$%@yjQn9<.x`XM]U*2xZATyr<XrL{E_&K"\xxA.99
#!encrypt#!75#!~aH]8Vol]!T+FJwJHWB]{oHx:t/Vn 1p,YOiwp(%ZcbuI-`@mE_Z>Ys-~w.VM3gr>l40nu<Q:y
#!encrypt#!1#!
#!encrypt#!25#!N%Ti<^6\+j81{o%/`"c<vjkc
#!encrypt#!29#!N%Ti<^6\+j81{o%/`"c<vjkc *|7
#!encrypt#!29#!N%Ti<^6\+j81{o%/`"c<vjkc %|7
#!encrypt#!33#!N%Ti<^6\+j81{o%/`"c<vjQ#;Ptypg_?
#!encrypt#!26#!N%Ti<^6\+j81{o%/`"c<vjQ-P
#!encrypt#!33#!N%Ti<^6\+j81{o%/`"c<vjQ-PPtypg_?
#!encrypt#!25#!N%Ti<^6\+j81{o%/`.82NVAe
#!encrypt#!28#!N%Ti<^6\+j81{o%/`"c<vjXx?c|
#!encrypt#!28#!N%Ti<^6\+j81{o%/`"c<vjXx?w|
#!encrypt#!25#!N%Ti<^6\+j81{o%/`"S<vjkc
#!encrypt#!29#!N%Ti<^6\+j81{o%/`"S<vjkc *|7
#!encrypt#!29#!N%Ti<^6\+j81{o%/`"S<vjkc %|7
#!encrypt#!25#!N%Ti<^6\+j81{o%/`"S<vjhc
#!encrypt#!25#!N%Ti<^6\+j81{o%/`n82NVAe
#!encrypt#!28#!N%Ti<^6\+j81{o%/`"S<vjXx?c|
#!encrypt#!28#!N%Ti<^6\+j81{o%/`"S<vjXx?w|
#!encrypt#!29#!N%Ti<^6\+j81{o%/`?mEVwk`5_tL
#!encrypt#!24#!N%Ti<^6\+j81{o%/`"eeKfk
#!encrypt#!24#!N%Ti<^6\+j81{o%/`"eeKfh
#!encrypt#!24#!N%Ti<^6\+j81{o%/`"eeKf0
#!encrypt#!24#!N%Ti<^6\+j81{o%/`"eeKf6
#!encrypt#!24#!N%Ti<^6\+j81{o%/`"eeKf-
#!encrypt#!24#!N%Ti<^6\+j81{o%/`"eeKfg
#!encrypt#!24#!N%Ti<^6\+j81{o%/`"eeKf$
#!encrypt#!24#!N%Ti<^6\+j81{o%/`"eeKfs
#!encrypt#!24#!N%Ti<^6\+j81{o%/`"eeKfU
#!encrypt#!25#!N%Ti<^6\+j81{o%/`"eeKfky
#!encrypt#!25#!N%Ti<^6\+j81{o%/`"eeKfk#
#!encrypt#!28#!N%Ti<^6\+j81{o%/`"eeKj2,h|N
#!encrypt#!29#!N%Ti<^6\+j81{o%/`"eeKnt;rANn
#!encrypt#!28#!N%Ti<^6\+j81{o%/`"eeKj26%%M
#!encrypt#!31#!N%Ti<^6\+j81{o%/`"eeKj26%%M2"G
#!encrypt#!29#!N%Ti<^6\+j81{o%/`"eeKnt;?_bG
#!encrypt#!32#!N%Ti<^6\+j81{o%/`"eeKnt;?_bGK}I
#!encrypt#!28#!N%Ti<^6\+j81{o%/`"eeKjG,h|N
#!encrypt#!29#!N%Ti<^6\+j81{o%/`"eeKnt6rANn
#!encrypt#!28#!N%Ti<^6\+j81{o%/`"eeKjG6%%M
#!encrypt#!31#!N%Ti<^6\+j81{o%/`"eeKjG6%%M2"G
#!encrypt#!29#!N%Ti<^6\+j81{o%/`"eeKnt6?_bG
#!encrypt#!27#!N%Ti<^6\+j81{o%/`ni"T:X!=d
#!encrypt#!32#!N%Ti<^6\+j81{o%/`"eeKnt6?_bGK}I
#!encrypt#!27#!N%Ti<^6\+j81{o%/`"eeKn"dqA
#!encrypt#!29#!N%Ti<^6\+j81{o%/`"eeKn"!wA;K
#!encrypt#!23#!N%Ti<^6\+j81{o%/`"cLFD
#!encrypt#!27#!N%Ti<^6\+j81{o%/`"cLFDQNzr
#!encrypt#!27#!N%Ti<^6\+j81{o%/`"cLFDQjzr
#!encrypt#!27#!N%Ti<^6\+j81{o%/`"cLFDQ;zr
#!encrypt#!26#!N%Ti<^6\+j81{o%/`"cLFDQ-z
#!encrypt#!28#!N%Ti<^6\+j81{o%/`.j4h[QX%dt
#!encrypt#!30#!N%Ti<^6\+j81{o%/`"cLFDQ-zPtDp
#!encrypt#!23#!N%Ti<^6\+j81{o%/`"SLFD
#!encrypt#!27#!N%Ti<^6\+j81{o%/`"SLFDQNzr
#!encrypt#!27#!N%Ti<^6\+j81{o%/`"SLFDQjzr
#!encrypt#!26#!N%Ti<^6\+j81{o%/`"SLFDQ-z
#!encrypt#!24#!N%Ti<^6\+j81{o%/`"V^;Jh
#!encrypt#!24#!N%Ti<^6\+j81{o%/`"V^;J-
#!encrypt#!28#!N%Ti<^6\+j81{o%/`nj4h[QX%dt
#!encrypt#!25#!N%Ti<^6\+j81{o%/`"V^;Jky
#!encrypt#!23#!N%Ti<^6\+j81{o%/`"c^;k
#!encrypt#!23#!N%Ti<^6\+j81{o%/`"c^;]
#!encrypt#!28#!N%Ti<^6\+j81{o%/`.Je3wQX%dt
#!encrypt#!24#!N%Ti<^6\+j81{o%/`"c^;p=
#!encrypt#!25#!N%Ti<^6\+j81{o%/`"~4xuI6
#!encrypt#!24#!N%Ti<^6\+j81{o%/`"z!U:I
#!encrypt#!28#!N%Ti<^6\+j81{o%/`XcLV:"Arr\
#!encrypt#!28#!N%Ti<^6\+j81{o%/`XcLp:t6G +
#!encrypt#!26#!N%Ti<^6\+j81{o%/`XcLV:~xr
#!encrypt#!24#!N%Ti<^6\+j81{o%/`XcLrn~
#!encrypt#!28#!N%Ti<^6\+j81{o%/`nMdEjnRGr+
#!encrypt#!24#!N%Ti<^6\+j81{o%/`"z!U:t
#!encrypt#!28#!N%Ti<^6\+j81{o%/`XcLK:"Arr\
#!encrypt#!26#!N%Ti<^6\+j81{o%/`XcLp:t6I
#!encrypt#!25#!N%Ti<^6\+j81{o%/`XcLroI,
#!encrypt#!28#!N%Ti<^6\+j81{o%/`"z!U:t`2dT
#!encrypt#!1#!
#!encrypt#!170#!
`VA^tq`vPXk%er;*f-k0XE^u>I44*yW"`VA^tq`vPXk%er;*f-k0XE^u>I44*yW"`VA^tq`v
2.9Y:*YXci{EHd`%qY>b}(
`VA^tq`vPXk%er;*f-k0XE^u>I44*yW"`VA^tq`vPXk%er;*f-k0XE^u>I44*yW"`VA^tq`v
#!encrypt#!1#!
#!encrypt#!75#!N%T(eo%HFW+AIQn!?):c@5JkZ&bypg_?NFy"OV9sExLpIux3`-#unjZ$_LBT>UgrN%TiwVK"tQ
#!encrypt#!75#!N%T9\R%HFW+AIQn!?):c@5JkZ&bypg_?NFy"OV9sExLpIux3`-#unjZ$_LBT>UgrN%TiwVK"tQ
#!encrypt#!75#!N@w`cblLge23fhn--x:/@5JkZ&bypg_?NFy"OV9sExLpIux3`-#unjZ$_LBT>UgrN%TiwVK"tQ
#!encrypt#!75#!N@w`cblLg`+X:FO2v);)@5JkZ&bypg_?NFy"OV9sExLpIux3`-#unjZ$_LBT>UgrN%TiwVK"tQ
#!encrypt#!75#!N%TiwV%ggx8pIux3kqvQ@5JkZ&bypg_?NFy"OV9sExLpIux3`-#unjZ$_LBT>UgrN%TiwVK"tQ
#!encrypt#!75#!N%TiG<4!ge23fhn--x:/@5JkZ&bypg_?NFy"OV9sExLpIux3`-#unjZ$_LBT>UgrN%TiwVK"tQ
#!encrypt#!75#!N%TiG<4!g`+X:FO2v);)@5JkZ&bypg_?NFy"OV9sExLpIux3`-#unjZ$_LBT>UgrN%TiwVK"tQ
#!encrypt#!75#!N%TiwV%ggx8pIux+IoKW@5JkZ&bypg_?NFy"OV9sExLpIux3`-#unjZ$_LBT>UgrN%TiwVK"tQ
#!encrypt#!75#!N%TiwV%d9A8$Rz1^`e@b@5JkZ&bypg_?NFy"OV9sExLpIux3`-#unjZ$_LBT>UgrN%TiwVK"tQ
#!encrypt#!75#!N%TiwV%Y[|8$Rz1^`e@b@5JkZ&bypg_?NFy"OV9sExLpIux3`-#unjZ$_LBT>UgrN%TiwVK"tQ
#!encrypt#!75#!N%TiwV%ggx8p+q03gJwj@5JkZ&bypg_?NFy"OV9sExLpIux3`-#unjZ$_LBT>UgrN%TiwVK"tQ
#!encrypt#!75#!N%TiwV%ggx8pI81rkq$H@5JkZ&bypg_?NFy"OV9sExLpIux3`-#unjZ$_LBT>UgrN%TiwVK"tQ
#!encrypt#!75#!N%TiwV%u-aqqdh!r[d.A@5JkZ&bypg_?NFy"OV9sExLpIux3`-#unjZ$_LBT>UgrN%TiwVK"tQ
#!encrypt#!75#!N%TiwV%ggx8pILnrx),)@5JkZ&bypg_?NFy"OV9sExLpIux3`-#unjZ$_LBT>UgrN%TiwVK"tQ
#!encrypt#!75#!N%TiwV%ggx8pIuq2^q,Q@5JkZ&bypg_?NFy"OV9sExLpIux3`-#ZnjZ$_LBT>UgrN%TiwVh"tQ
#!encrypt#!75#!N%TiwV%ggx8pIux3`)@b@5JkZ&bypg_?NFy"OV9sExLpIux3`-#unjZ$_LBT>UgrN%TiwVK"tQ
#!encrypt#!75#!N%TiwV%sFe1q~MKFgO,Y@5JkZ&bypg_?NFy"OV9sExLpIux3`-#unjZ$_LBT>UgrN%TiwVK"tQ
#!encrypt#!75#!N%TiwV%ggx8p_ST3=q /@5JkZ&bypg_?NFy"OV9sExLpIux3`-#unjZ$_LBT>UgrN%TiwVK"tQ
#!encrypt#!2#!

#!encrypt#!41#!~<Ep2V9sEx1lWRx3`-#]{57$0^$t>4grN%PiB{7~
#!encrypt#!41#!~<Ep2V/\1_8-EA%3`-#]{57$0^$t>4grN%Pia{7~
#!encrypt#!42#!%l40wp(%ZcbpO1%j`-#]{57$0^$t>4grN%PiaX$u<
#!encrypt#!49#!~<Ep2Vl>P:Gh{#x-9}~eNo|$0^$t>4grN%PiBuKW"HHghJ;(
#!encrypt#!38#!~<Ep2VQD xN.KRv79ja8{57$0^$t>4grN%Pir
#!encrypt#!42#!~<Ep2VQD xN#T6h*>-#]{57$0^$t>4grN%PirV$W<
#!encrypt#!103#!)KH"{Z[gmpYpbRxZ!:cL{V2$&AbK>eHKFl%]Y^V})#9Ix`m>OE_2U4XN21T]#h$^cKm*(/_0%JGdX+hR>4ed;jpd|Jgy(:-b>P2IV}
#!encrypt#!29#!

($OP*#_:8nX[.*W3mL{he%0YdV
#!encrypt#!35#!

($OP*#_:8#(5dmn3zT;5ixqkuy_rg(,7
#!encrypt#!2#!

#!encrypt#!28#!6lE~Kd*g%6?|{C#&!.#CFn[dUR;t#!encrypt#!37#!?<e"{/6ezx1TmuTmt-<-{p=]I\%#V4ecpG


#!encrypt#!65#!
b az'%ggx"#>cZs>-,TxJIRhJkL>7x!qB,]<k%Y.~8?{oxJA-<u@p-];e$#,R$

#!encrypt#!48#!
b az'%ggxq|pc#&]@#2RDtd01+n::*!.lTP{~nm1J,pZ9V
#!encrypt#!80#!2tD(8V%gg%Q#{5UxG-gvvjt$sRNK(r aQ%Yp$PuFtj8(zALA93mL<51j`^2yl4kQNIK'Bmx<ex5 4*

